RezervasyonID,Onceden_Rezervasyon_Gun,Konaklama_Gecesi,Yetiskin_Sayisi,Cocuk_Sayisi,Oda_Tipi,Yemek_Plani,Otopark_Talebi,Tekrarlayan_Misafir,Iptal_Gecmisi,Iptal_Durumu
RES_0001,226,13,2,2,Suit,Kahvalti_Dahil,1,0,0,1
RES_0002,341,7,4,2,Aile,Her_Sey_Dahil,1,1,0,0
RES_0003,230,4,3,3,Standart,Her_Sey_Dahil,0,0,0,1
RES_0004,1,4,2,0,Kral,Yarim_Pansiyon,1,1,1,0
RES_0005,55,10,4,0,Standart,Kahvalti_Dahil,1,0,0,0
RES_0006,278,8,1,2,Standart,Her_Sey_Dahil,0,1,1,1
RES_0007,147,12,3,1,Kral,Kahvalti_Dahil,1,0,0,0
RES_0008,207,3,4,2,Aile,Her_Sey_Dahil,1,1,1,0
RES_0009,259,3,3,1,Standart,Yarim_Pansiyon,1,0,0,0
RES_0010,158,1,3,3,Standart,Yarim_Pansiyon,0,1,1,1
RES_0011,318,8,3,3,Standart,Her_Sey_Dahil,0,1,0,0
RES_0012,310,3,4,3,Standart,Kahvalti_Dahil,1,0,0,0
RES_0013,293,9,4,1,Standart,Her_Sey_Dahil,1,0,0,0
RES_0014,365,12,3,1,Aile,Yarim_Pansiyon,0,0,0,0
RES_0015,356,9,4,1,Suit,Her_Sey_Dahil,1,1,0,0
RES_0016,211,6,2,2,Standart,Yarim_Pansiyon,0,1,0,0
RES_0017,165,2,4,3,Suit,Kahvalti_Dahil,1,0,0,0
RES_0018,148,11,2,0,Aile,Her_Sey_Dahil,1,0,0,0
RES_0019,168,11,2,0,Suit,Yarim_Pansiyon,1,0,0,0
RES_0020,135,6,4,3,Standart,Yarim_Pansiyon,0,1,0,0
RES_0021,85,4,3,1,Kral,Kahvalti_Dahil,1,1,1,0
RES_0022,189,9,4,1,Kral,Yarim_Pansiyon,1,1,1,1
RES_0023,241,2,4,1,Kral,Her_Sey_Dahil,1,0,0,0
RES_0024,132,14,3,3,Suit,Her_Sey_Dahil,0,1,0,0
RES_0025,247,10,2,1,Standart,Yarim_Pansiyon,1,1,0,1
RES_0026,173,10,1,0,Aile,Kahvalti_Dahil,0,0,0,0
RES_0027,95,9,1,1,Aile,Yarim_Pansiyon,1,1,1,1
RES_0028,30,4,2,1,Aile,Her_Sey_Dahil,1,0,0,0
RES_0029,360,3,3,1,Suit,Her_Sey_Dahil,0,1,1,0
RES_0030,212,3,4,2,Kral,Yarim_Pansiyon,1,1,1,0
RES_0031,212,3,1,0,Standart,Her_Sey_Dahil,1,0,0,0
RES_0032,201,3,4,1,Suit,Yarim_Pansiyon,0,0,0,0
RES_0033,138,8,2,1,Kral,Kahvalti_Dahil,0,0,0,0
RES_0034,78,11,1,1,Kral,Her_Sey_Dahil,1,1,1,1
RES_0035,317,7,1,2,Suit,Her_Sey_Dahil,0,0,0,0
RES_0036,113,7,1,2,Suit,Kahvalti_Dahil,0,0,0,1
RES_0037,269,10,3,0,Aile,Yarim_Pansiyon,1,1,1,0
RES_0038,334,4,3,2,Kral,Yarim_Pansiyon,0,1,1,1
RES_0039,348,3,2,1,Aile,Kahvalti_Dahil,0,1,0,0
RES_0040,218,2,4,3,Standart,Her_Sey_Dahil,0,0,0,1
RES_0041,272,9,1,2,Kral,Kahvalti_Dahil,0,0,0,1
RES_0042,184,9,4,2,Suit,Her_Sey_Dahil,0,0,0,1
RES_0043,193,9,3,3,Kral,Yarim_Pansiyon,1,1,0,0
RES_0044,89,12,2,1,Standart,Kahvalti_Dahil,0,1,1,0
RES_0045,363,12,4,2,Aile,Kahvalti_Dahil,0,1,0,0
RES_0046,330,11,1,2,Kral,Her_Sey_Dahil,0,0,0,1
RES_0047,247,7,1,0,Aile,Her_Sey_Dahil,1,0,0,0
RES_0048,48,10,3,1,Kral,Yarim_Pansiyon,1,1,1,1
RES_0049,134,7,4,0,Standart,Kahvalti_Dahil,0,1,0,1
RES_0050,82,8,2,2,Kral,Kahvalti_Dahil,0,1,1,1
RES_0051,36,11,3,2,Suit,Her_Sey_Dahil,1,1,0,0
RES_0052,226,10,1,1,Kral,Her_Sey_Dahil,0,1,1,1
RES_0053,67,13,2,3,Aile,Yarim_Pansiyon,1,1,1,1
RES_0054,181,5,1,2,Standart,Her_Sey_Dahil,1,0,0,0
RES_0055,257,14,2,0,Standart,Yarim_Pansiyon,1,1,0,0
RES_0056,166,7,2,1,Aile,Kahvalti_Dahil,1,0,0,0
RES_0057,24,13,2,1,Aile,Kahvalti_Dahil,1,0,0,0
RES_0058,158,10,4,2,Standart,Her_Sey_Dahil,1,0,0,0
RES_0059,126,10,2,3,Aile,Kahvalti_Dahil,1,1,1,0
RES_0060,110,8,3,2,Kral,Her_Sey_Dahil,0,1,0,0
RES_0061,215,1,2,0,Kral,Her_Sey_Dahil,1,0,0,0
RES_0062,107,8,2,2,Suit,Her_Sey_Dahil,0,1,0,0
RES_0063,241,5,4,1,Standart,Her_Sey_Dahil,0,0,0,0
RES_0064,332,5,1,1,Kral,Kahvalti_Dahil,1,1,0,1
RES_0065,265,2,3,2,Aile,Yarim_Pansiyon,1,1,1,1
RES_0066,118,8,3,0,Aile,Her_Sey_Dahil,1,0,0,0
RES_0067,364,14,3,0,Suit,Her_Sey_Dahil,0,1,0,0
RES_0068,180,8,3,0,Aile,Kahvalti_Dahil,0,0,0,0
RES_0069,212,5,1,3,Kral,Kahvalti_Dahil,1,1,0,0
RES_0070,313,3,1,2,Standart,Yarim_Pansiyon,1,0,0,0
RES_0071,301,12,4,3,Kral,Yarim_Pansiyon,1,1,0,1
RES_0072,335,10,1,0,Kral,Kahvalti_Dahil,0,0,0,0
RES_0073,264,10,1,0,Suit,Yarim_Pansiyon,0,0,0,0
RES_0074,79,4,2,0,Aile,Yarim_Pansiyon,1,0,0,0
RES_0075,197,4,2,0,Standart,Yarim_Pansiyon,0,0,0,0
RES_0076,99,14,1,3,Aile,Her_Sey_Dahil,1,0,0,1
RES_0077,341,4,4,1,Kral,Kahvalti_Dahil,0,0,0,0
RES_0078,311,12,4,0,Suit,Yarim_Pansiyon,1,1,0,1
RES_0079,44,13,2,2,Aile,Yarim_Pansiyon,0,0,0,0
RES_0080,246,6,2,0,Suit,Her_Sey_Dahil,0,1,1,1
RES_0081,241,13,2,3,Suit,Her_Sey_Dahil,0,1,0,1
RES_0082,365,13,2,3,Standart,Kahvalti_Dahil,0,1,0,0
RES_0083,213,4,1,3,Standart,Kahvalti_Dahil,0,1,1,0
RES_0084,341,11,3,3,Aile,Yarim_Pansiyon,0,0,0,0
RES_0085,307,12,2,2,Kral,Yarim_Pansiyon,1,1,0,0
RES_0086,73,14,1,0,Kral,Her_Sey_Dahil,0,0,0,0
RES_0087,217,4,3,3,Kral,Yarim_Pansiyon,1,0,0,0
RES_0088,329,3,2,3,Standart,Her_Sey_Dahil,0,0,0,1
RES_0089,51,13,1,2,Kral,Her_Sey_Dahil,0,1,1,1
RES_0090,220,13,2,0,Kral,Yarim_Pansiyon,0,1,0,0
RES_0091,60,1,2,3,Suit,Yarim_Pansiyon,1,1,0,0
RES_0092,233,2,4,1,Standart,Her_Sey_Dahil,1,0,0,0
RES_0093,50,4,1,3,Aile,Kahvalti_Dahil,1,0,0,0
RES_0094,175,14,1,2,Standart,Kahvalti_Dahil,0,0,0,0
RES_0095,194,1,4,1,Standart,Kahvalti_Dahil,0,1,0,1
RES_0096,29,7,3,1,Kral,Yarim_Pansiyon,0,0,0,1
RES_0097,272,8,3,3,Aile,Yarim_Pansiyon,1,1,0,0
RES_0098,153,7,2,3,Standart,Yarim_Pansiyon,0,1,0,0
RES_0099,345,1,2,1,Suit,Kahvalti_Dahil,1,1,1,1
RES_0100,141,7,3,3,Suit,Her_Sey_Dahil,0,0,0,0
RES_0101,181,13,4,2,Standart,Her_Sey_Dahil,1,1,0,0
RES_0102,107,4,3,0,Kral,Kahvalti_Dahil,1,1,0,1
RES_0103,68,14,4,2,Standart,Her_Sey_Dahil,1,1,0,0
RES_0104,221,7,1,1,Suit,Yarim_Pansiyon,0,0,0,0
RES_0105,24,6,1,1,Suit,Kahvalti_Dahil,1,0,0,0
RES_0106,143,12,4,1,Standart,Kahvalti_Dahil,0,1,1,1
RES_0107,149,10,1,3,Kral,Kahvalti_Dahil,0,0,0,0
RES_0108,8,9,2,1,Suit,Yarim_Pansiyon,0,0,0,0
RES_0109,113,6,1,0,Standart,Her_Sey_Dahil,1,0,0,0
RES_0110,215,2,3,0,Kral,Kahvalti_Dahil,0,0,0,1
RES_0111,106,5,3,1,Aile,Her_Sey_Dahil,1,0,0,0
RES_0112,319,14,2,3,Kral,Yarim_Pansiyon,0,0,0,1
RES_0113,94,11,4,2,Kral,Yarim_Pansiyon,0,0,0,0
RES_0114,346,6,3,3,Suit,Her_Sey_Dahil,0,0,0,0
RES_0115,57,6,1,2,Standart,Her_Sey_Dahil,1,1,1,1
RES_0116,349,3,1,2,Aile,Yarim_Pansiyon,1,1,1,1
RES_0117,9,13,3,2,Standart,Her_Sey_Dahil,1,0,0,0
RES_0118,221,14,2,0,Suit,Yarim_Pansiyon,0,0,0,0
RES_0119,343,8,3,0,Aile,Kahvalti_Dahil,1,0,0,0
RES_0120,278,4,1,0,Aile,Her_Sey_Dahil,1,0,0,0
RES_0121,12,8,4,3,Standart,Her_Sey_Dahil,1,0,0,0
RES_0122,213,12,3,0,Kral,Her_Sey_Dahil,1,1,1,1
RES_0123,181,13,1,0,Kral,Her_Sey_Dahil,0,1,0,0
RES_0124,97,3,3,0,Suit,Her_Sey_Dahil,1,1,0,0
RES_0125,261,14,3,1,Aile,Her_Sey_Dahil,0,0,0,0
RES_0126,177,10,2,2,Kral,Kahvalti_Dahil,1,0,0,0
RES_0127,136,5,4,3,Standart,Yarim_Pansiyon,1,1,0,0
RES_0128,31,8,1,1,Suit,Kahvalti_Dahil,0,0,0,0
RES_0129,24,9,2,3,Aile,Her_Sey_Dahil,1,1,0,0
RES_0130,128,10,3,3,Suit,Her_Sey_Dahil,1,0,0,1
RES_0131,286,12,3,1,Kral,Yarim_Pansiyon,0,1,0,0
RES_0132,64,8,3,2,Suit,Her_Sey_Dahil,0,0,0,0
RES_0133,109,4,3,1,Standart,Kahvalti_Dahil,1,0,0,0
RES_0134,357,13,1,1,Suit,Yarim_Pansiyon,1,0,0,1
RES_0135,52,4,2,1,Suit,Her_Sey_Dahil,1,0,0,0
RES_0136,149,10,3,0,Aile,Her_Sey_Dahil,0,1,0,0
RES_0137,80,5,2,0,Aile,Yarim_Pansiyon,1,0,0,0
RES_0138,40,7,1,0,Standart,Kahvalti_Dahil,1,0,0,0
RES_0139,239,12,2,3,Standart,Yarim_Pansiyon,0,0,0,0
RES_0140,145,11,3,2,Kral,Yarim_Pansiyon,1,0,0,1
RES_0141,177,4,4,2,Kral,Her_Sey_Dahil,1,0,0,0
RES_0142,6,4,1,1,Suit,Kahvalti_Dahil,0,0,0,1
RES_0143,192,8,3,3,Suit,Yarim_Pansiyon,0,1,1,0
RES_0144,153,5,4,0,Standart,Kahvalti_Dahil,0,0,0,1
RES_0145,273,11,2,2,Kral,Her_Sey_Dahil,0,0,0,1
RES_0146,293,9,1,3,Aile,Yarim_Pansiyon,1,0,0,0
RES_0147,8,5,4,1,Kral,Yarim_Pansiyon,0,0,0,0
RES_0148,131,5,1,2,Suit,Yarim_Pansiyon,0,0,0,0
RES_0149,39,13,2,1,Kral,Her_Sey_Dahil,0,0,0,0
RES_0150,165,10,4,0,Aile,Her_Sey_Dahil,0,0,0,0
RES_0151,151,14,3,3,Suit,Yarim_Pansiyon,1,0,0,0
RES_0152,129,12,2,3,Aile,Yarim_Pansiyon,0,0,0,1
RES_0153,215,9,4,0,Standart,Her_Sey_Dahil,0,1,0,0
RES_0154,102,7,4,0,Standart,Kahvalti_Dahil,1,0,0,0
RES_0155,334,12,4,2,Standart,Yarim_Pansiyon,1,0,0,0
RES_0156,347,9,4,0,Standart,Kahvalti_Dahil,1,0,0,1
RES_0157,118,9,3,2,Kral,Yarim_Pansiyon,1,1,0,1
RES_0158,158,5,4,1,Kral,Kahvalti_Dahil,0,1,1,1
RES_0159,75,6,2,2,Suit,Yarim_Pansiyon,1,0,0,0
RES_0160,185,5,4,0,Suit,Kahvalti_Dahil,0,0,0,0
RES_0161,73,2,2,2,Suit,Her_Sey_Dahil,0,0,0,0
RES_0162,283,5,4,1,Aile,Yarim_Pansiyon,0,0,0,0
RES_0163,248,3,4,1,Kral,Kahvalti_Dahil,1,0,0,1
RES_0164,343,14,1,3,Kral,Her_Sey_Dahil,0,0,0,0
RES_0165,32,11,3,2,Kral,Yarim_Pansiyon,1,1,1,0
RES_0166,242,10,2,0,Kral,Kahvalti_Dahil,1,0,0,0
RES_0167,109,1,4,3,Aile,Yarim_Pansiyon,1,0,0,1
RES_0168,169,9,2,3,Kral,Yarim_Pansiyon,0,1,1,0
RES_0169,171,12,2,2,Kral,Kahvalti_Dahil,0,1,0,0
RES_0170,9,5,2,2,Aile,Yarim_Pansiyon,0,0,0,0
RES_0171,300,5,1,0,Aile,Yarim_Pansiyon,1,0,0,0
RES_0172,113,9,1,3,Standart,Kahvalti_Dahil,1,1,0,0
RES_0173,53,8,1,3,Kral,Yarim_Pansiyon,1,1,0,0
RES_0174,294,13,2,0,Aile,Her_Sey_Dahil,1,1,1,0
RES_0175,335,14,3,1,Aile,Kahvalti_Dahil,0,1,0,1
RES_0176,329,14,2,2,Kral,Her_Sey_Dahil,0,1,0,0
RES_0177,290,14,3,0,Aile,Her_Sey_Dahil,0,0,0,1
RES_0178,173,2,4,2,Suit,Her_Sey_Dahil,1,0,0,0
RES_0179,167,7,2,2,Suit,Kahvalti_Dahil,0,1,1,1
RES_0180,201,2,2,3,Standart,Kahvalti_Dahil,1,1,1,1
RES_0181,239,9,4,2,Kral,Yarim_Pansiyon,1,1,1,1
RES_0182,348,2,4,1,Standart,Yarim_Pansiyon,1,0,0,0
RES_0183,94,13,1,2,Suit,Yarim_Pansiyon,1,1,1,1
RES_0184,107,11,1,2,Standart,Yarim_Pansiyon,0,0,0,0
RES_0185,272,10,4,3,Kral,Yarim_Pansiyon,1,0,0,1
RES_0186,35,3,2,2,Aile,Yarim_Pansiyon,1,1,0,0
RES_0187,111,9,1,3,Suit,Yarim_Pansiyon,0,1,0,0
RES_0188,68,6,1,0,Kral,Yarim_Pansiyon,1,0,0,0
RES_0189,102,5,1,1,Kral,Kahvalti_Dahil,0,0,0,1
RES_0190,9,9,3,2,Standart,Yarim_Pansiyon,0,1,0,0
RES_0191,226,7,4,0,Aile,Yarim_Pansiyon,1,1,1,0
RES_0192,132,12,1,0,Kral,Yarim_Pansiyon,0,1,1,0
RES_0193,81,6,3,2,Standart,Her_Sey_Dahil,1,0,0,0
RES_0194,0,7,1,0,Suit,Kahvalti_Dahil,0,1,0,0
RES_0195,292,7,1,2,Suit,Yarim_Pansiyon,0,0,0,0
RES_0196,136,11,2,3,Standart,Kahvalti_Dahil,0,0,0,1
RES_0197,49,14,2,1,Suit,Her_Sey_Dahil,1,0,0,0
RES_0198,355,1,4,3,Standart,Yarim_Pansiyon,0,0,0,0
RES_0199,113,8,1,0,Kral,Her_Sey_Dahil,1,1,0,0
RES_0200,41,9,3,2,Standart,Kahvalti_Dahil,0,0,0,0
RES_0201,46,1,3,1,Suit,Yarim_Pansiyon,1,0,0,0
RES_0202,321,6,3,3,Kral,Her_Sey_Dahil,0,1,0,0
RES_0203,154,14,3,3,Aile,Kahvalti_Dahil,1,0,0,0
RES_0204,151,3,1,2,Kral,Yarim_Pansiyon,0,0,0,0
RES_0205,0,14,3,0,Suit,Yarim_Pansiyon,1,0,0,0
RES_0206,149,7,3,3,Standart,Her_Sey_Dahil,1,0,0,0
RES_0207,218,2,4,2,Aile,Kahvalti_Dahil,1,1,1,1
RES_0208,164,7,1,3,Standart,Yarim_Pansiyon,1,1,0,1
RES_0209,44,14,4,1,Kral,Kahvalti_Dahil,0,0,0,0
RES_0210,328,13,1,1,Suit,Her_Sey_Dahil,1,0,0,0
RES_0211,35,11,2,0,Suit,Her_Sey_Dahil,1,0,0,0
RES_0212,317,2,2,3,Suit,Her_Sey_Dahil,1,1,0,0
RES_0213,255,12,4,2,Suit,Yarim_Pansiyon,1,0,0,0
RES_0214,343,11,2,3,Aile,Her_Sey_Dahil,1,0,0,0
RES_0215,166,5,1,2,Kral,Kahvalti_Dahil,1,0,0,1
RES_0216,0,10,1,2,Aile,Her_Sey_Dahil,1,1,1,0
RES_0217,346,9,2,2,Kral,Yarim_Pansiyon,1,1,0,1
RES_0218,224,3,4,1,Standart,Her_Sey_Dahil,1,1,1,1
RES_0219,89,7,4,2,Aile,Her_Sey_Dahil,0,0,0,0
RES_0220,103,10,2,0,Aile,Her_Sey_Dahil,0,1,1,1
RES_0221,324,5,3,0,Aile,Yarim_Pansiyon,0,0,0,0
RES_0222,118,14,1,2,Aile,Her_Sey_Dahil,1,0,0,1
RES_0223,215,5,1,2,Standart,Kahvalti_Dahil,0,0,0,0
RES_0224,197,3,1,3,Standart,Yarim_Pansiyon,1,1,1,0
RES_0225,286,8,4,3,Standart,Her_Sey_Dahil,0,0,0,0
RES_0226,299,7,1,0,Kral,Her_Sey_Dahil,0,0,0,0
RES_0227,319,4,2,2,Standart,Kahvalti_Dahil,0,1,1,1
RES_0228,214,6,3,2,Kral,Her_Sey_Dahil,1,0,0,1
RES_0229,105,8,4,3,Suit,Kahvalti_Dahil,1,0,0,1
RES_0230,78,7,3,1,Kral,Yarim_Pansiyon,1,1,0,0
RES_0231,303,4,4,1,Standart,Yarim_Pansiyon,0,0,0,1
RES_0232,86,1,4,0,Aile,Kahvalti_Dahil,0,0,0,1
RES_0233,211,4,3,1,Aile,Her_Sey_Dahil,0,0,0,0
RES_0234,205,6,1,0,Suit,Yarim_Pansiyon,1,1,0,0
RES_0235,355,4,1,2,Suit,Yarim_Pansiyon,0,1,1,1
RES_0236,239,3,3,0,Kral,Her_Sey_Dahil,0,0,0,0
RES_0237,345,4,1,2,Standart,Kahvalti_Dahil,0,1,0,0
RES_0238,167,13,2,2,Suit,Her_Sey_Dahil,1,0,0,1
RES_0239,170,9,1,1,Standart,Her_Sey_Dahil,0,0,0,0
RES_0240,241,13,2,2,Aile,Her_Sey_Dahil,1,0,0,0
RES_0241,0,3,1,1,Aile,Her_Sey_Dahil,1,1,0,0
RES_0242,147,14,4,3,Suit,Kahvalti_Dahil,0,1,0,0
RES_0243,129,11,1,0,Standart,Kahvalti_Dahil,0,1,0,1
RES_0244,276,14,1,0,Aile,Kahvalti_Dahil,1,0,0,0
RES_0245,173,11,2,0,Kral,Yarim_Pansiyon,1,0,0,1
RES_0246,35,6,2,1,Kral,Yarim_Pansiyon,1,1,1,0
RES_0247,330,5,1,0,Aile,Her_Sey_Dahil,1,0,0,1
RES_0248,222,7,1,1,Aile,Kahvalti_Dahil,0,0,0,0
RES_0249,63,8,4,1,Aile,Kahvalti_Dahil,0,0,0,0
RES_0250,53,13,2,2,Standart,Yarim_Pansiyon,0,1,0,0
RES_0251,205,10,2,3,Suit,Yarim_Pansiyon,1,1,1,1
RES_0252,300,14,3,1,Suit,Kahvalti_Dahil,0,0,0,0
RES_0253,335,1,2,1,Suit,Her_Sey_Dahil,1,1,1,1
RES_0254,174,5,4,2,Aile,Yarim_Pansiyon,0,0,0,0
RES_0255,343,13,2,1,Standart,Her_Sey_Dahil,1,0,0,0
RES_0256,85,7,3,0,Kral,Her_Sey_Dahil,0,1,0,0
RES_0257,199,2,4,0,Aile,Yarim_Pansiyon,1,1,0,0
RES_0258,231,6,1,3,Suit,Yarim_Pansiyon,1,0,0,0
RES_0259,252,13,1,0,Aile,Yarim_Pansiyon,0,0,0,0
RES_0260,165,11,1,2,Aile,Kahvalti_Dahil,0,0,0,0
RES_0261,290,11,2,0,Standart,Yarim_Pansiyon,0,0,0,0
RES_0262,96,13,1,2,Kral,Yarim_Pansiyon,1,1,1,1
RES_0263,18,6,2,0,Suit,Her_Sey_Dahil,0,0,0,0
RES_0264,218,10,1,2,Standart,Her_Sey_Dahil,0,1,0,0
RES_0265,199,8,1,3,Standart,Her_Sey_Dahil,0,0,0,0
RES_0266,295,5,1,0,Suit,Yarim_Pansiyon,1,1,1,0
RES_0267,72,9,3,3,Suit,Yarim_Pansiyon,1,1,0,0
RES_0268,351,7,4,2,Standart,Kahvalti_Dahil,0,1,1,1
RES_0269,56,8,4,3,Standart,Yarim_Pansiyon,1,1,0,0
RES_0270,352,2,2,2,Kral,Her_Sey_Dahil,0,1,0,0
RES_0271,192,3,4,3,Kral,Yarim_Pansiyon,1,1,1,1
RES_0272,345,8,2,3,Standart,Her_Sey_Dahil,0,1,0,0
RES_0273,194,13,2,2,Kral,Yarim_Pansiyon,1,1,0,1
RES_0274,306,7,3,3,Kral,Kahvalti_Dahil,0,1,0,0
RES_0275,319,14,1,0,Aile,Yarim_Pansiyon,1,0,0,0
RES_0276,334,13,4,0,Aile,Yarim_Pansiyon,0,1,1,0
RES_0277,57,3,1,1,Suit,Yarim_Pansiyon,1,1,0,0
RES_0278,166,10,3,2,Standart,Her_Sey_Dahil,0,0,0,1
RES_0279,225,7,2,1,Aile,Yarim_Pansiyon,0,1,0,0
RES_0280,46,3,3,0,Suit,Kahvalti_Dahil,0,0,0,0
RES_0281,212,5,2,3,Kral,Kahvalti_Dahil,1,1,1,1
RES_0282,144,12,3,0,Standart,Kahvalti_Dahil,1,1,1,0
RES_0283,48,9,4,0,Suit,Yarim_Pansiyon,1,1,1,1
RES_0284,304,12,2,0,Standart,Kahvalti_Dahil,1,0,0,0
RES_0285,228,10,2,3,Aile,Her_Sey_Dahil,1,0,0,1
RES_0286,193,2,3,0,Aile,Yarim_Pansiyon,0,1,1,1
RES_0287,132,7,2,2,Kral,Kahvalti_Dahil,1,0,0,1
RES_0288,243,3,1,2,Suit,Yarim_Pansiyon,0,0,0,0
RES_0289,357,7,3,3,Aile,Yarim_Pansiyon,0,1,1,1
RES_0290,68,12,4,2,Standart,Kahvalti_Dahil,1,1,1,0
RES_0291,163,2,2,2,Standart,Kahvalti_Dahil,0,1,0,0
RES_0292,218,12,3,2,Standart,Yarim_Pansiyon,1,1,0,0
RES_0293,316,5,3,0,Suit,Yarim_Pansiyon,0,0,0,0
RES_0294,327,6,4,2,Standart,Her_Sey_Dahil,1,1,0,1
RES_0295,106,7,1,1,Suit,Her_Sey_Dahil,0,0,0,0
RES_0296,316,4,2,2,Standart,Her_Sey_Dahil,1,0,0,0
RES_0297,190,11,2,1,Suit,Her_Sey_Dahil,1,1,0,0
RES_0298,96,14,2,0,Suit,Kahvalti_Dahil,1,0,0,0
RES_0299,153,11,4,1,Suit,Her_Sey_Dahil,1,1,0,0
RES_0300,157,2,1,3,Aile,Her_Sey_Dahil,1,0,0,0
RES_0301,112,9,3,1,Kral,Yarim_Pansiyon,0,1,0,0
RES_0302,365,12,2,0,Kral,Kahvalti_Dahil,0,0,0,0
RES_0303,71,14,2,0,Kral,Yarim_Pansiyon,1,1,1,1
RES_0304,283,10,4,3,Suit,Her_Sey_Dahil,0,1,1,0
RES_0305,216,5,2,2,Aile,Kahvalti_Dahil,0,1,0,1
RES_0306,43,3,1,0,Kral,Kahvalti_Dahil,1,0,0,0
RES_0307,54,10,3,2,Standart,Kahvalti_Dahil,1,0,0,0
RES_0308,311,2,1,3,Standart,Yarim_Pansiyon,0,1,1,1
RES_0309,63,8,1,2,Standart,Kahvalti_Dahil,0,1,0,0
RES_0310,129,4,2,1,Kral,Kahvalti_Dahil,0,0,0,0
RES_0311,288,8,3,1,Aile,Yarim_Pansiyon,0,1,1,0
RES_0312,156,4,1,3,Kral,Yarim_Pansiyon,0,0,0,0
RES_0313,151,6,1,0,Standart,Yarim_Pansiyon,0,0,0,1
RES_0314,201,2,4,3,Suit,Kahvalti_Dahil,1,1,0,0
RES_0315,183,1,1,2,Kral,Yarim_Pansiyon,1,1,0,0
RES_0316,265,11,4,3,Aile,Yarim_Pansiyon,1,0,0,0
RES_0317,215,12,3,1,Kral,Kahvalti_Dahil,0,0,0,0
RES_0318,322,7,3,2,Suit,Her_Sey_Dahil,0,1,0,1
RES_0319,83,8,2,2,Aile,Yarim_Pansiyon,1,1,1,0
RES_0320,254,13,3,2,Kral,Kahvalti_Dahil,1,0,0,0
RES_0321,68,4,4,2,Standart,Her_Sey_Dahil,0,1,0,1
RES_0322,251,3,1,1,Kral,Her_Sey_Dahil,0,1,0,0
RES_0323,147,8,1,3,Aile,Yarim_Pansiyon,1,1,1,0
RES_0324,158,2,2,0,Suit,Yarim_Pansiyon,1,0,0,0
RES_0325,265,9,2,3,Aile,Yarim_Pansiyon,1,0,0,0
RES_0326,334,6,3,3,Aile,Her_Sey_Dahil,0,0,0,0
RES_0327,43,10,1,2,Suit,Kahvalti_Dahil,1,1,0,0
RES_0328,67,8,1,1,Aile,Kahvalti_Dahil,0,0,0,0
RES_0329,65,12,4,0,Aile,Her_Sey_Dahil,0,0,0,0
RES_0330,346,7,1,2,Suit,Yarim_Pansiyon,1,1,1,1
RES_0331,56,6,1,2,Standart,Yarim_Pansiyon,0,1,1,1
RES_0332,91,11,3,3,Kral,Her_Sey_Dahil,1,1,1,0
RES_0333,81,8,2,2,Standart,Kahvalti_Dahil,1,1,1,0
RES_0334,97,7,2,1,Aile,Yarim_Pansiyon,0,0,0,0
RES_0335,89,3,1,1,Aile,Kahvalti_Dahil,0,1,1,1
RES_0336,14,6,4,0,Aile,Yarim_Pansiyon,0,1,1,0
RES_0337,242,8,1,3,Standart,Yarim_Pansiyon,0,1,0,1
RES_0338,276,3,1,1,Suit,Her_Sey_Dahil,1,1,1,0
RES_0339,27,12,2,1,Aile,Her_Sey_Dahil,1,1,1,1
RES_0340,99,2,2,2,Suit,Her_Sey_Dahil,1,0,0,0
RES_0341,356,1,4,1,Kral,Her_Sey_Dahil,0,0,0,1
RES_0342,91,4,1,1,Suit,Her_Sey_Dahil,1,0,0,0
RES_0343,1,4,3,3,Aile,Her_Sey_Dahil,0,0,0,0
RES_0344,76,13,1,0,Kral,Kahvalti_Dahil,1,0,0,0
RES_0345,5,14,2,1,Aile,Kahvalti_Dahil,0,1,1,0
RES_0346,102,4,1,3,Aile,Kahvalti_Dahil,0,0,0,0
RES_0347,85,2,4,0,Standart,Her_Sey_Dahil,1,1,0,0
RES_0348,56,12,4,2,Suit,Her_Sey_Dahil,0,0,0,0
RES_0349,206,3,2,0,Suit,Kahvalti_Dahil,0,0,0,0
RES_0350,151,3,2,2,Suit,Yarim_Pansiyon,1,1,1,0
RES_0351,283,11,1,0,Standart,Kahvalti_Dahil,1,0,0,0
RES_0352,88,4,1,3,Aile,Her_Sey_Dahil,1,1,0,0
RES_0353,329,8,2,3,Standart,Yarim_Pansiyon,1,0,0,0
RES_0354,349,4,2,3,Suit,Yarim_Pansiyon,0,0,0,0
RES_0355,18,12,3,2,Suit,Yarim_Pansiyon,0,1,1,1
RES_0356,246,4,4,0,Suit,Yarim_Pansiyon,1,1,0,0
RES_0357,303,14,4,3,Standart,Kahvalti_Dahil,0,0,0,0
RES_0358,136,5,2,1,Suit,Yarim_Pansiyon,0,1,1,1
RES_0359,354,9,4,2,Kral,Her_Sey_Dahil,0,0,0,1
RES_0360,4,6,3,1,Aile,Kahvalti_Dahil,0,1,0,0
RES_0361,243,5,1,2,Suit,Her_Sey_Dahil,1,0,0,0
RES_0362,115,10,3,2,Kral,Kahvalti_Dahil,1,1,0,1
RES_0363,290,5,4,0,Standart,Kahvalti_Dahil,1,0,0,1
RES_0364,160,8,3,0,Kral,Kahvalti_Dahil,1,0,0,0
RES_0365,158,11,1,0,Standart,Kahvalti_Dahil,0,1,0,0
RES_0366,221,1,3,2,Suit,Kahvalti_Dahil,0,1,1,1
RES_0367,146,1,2,2,Standart,Kahvalti_Dahil,0,1,0,0
RES_0368,30,10,3,3,Kral,Kahvalti_Dahil,0,0,0,0
RES_0369,240,14,3,0,Kral,Kahvalti_Dahil,1,0,0,1
RES_0370,208,3,3,3,Suit,Her_Sey_Dahil,0,0,0,1
RES_0371,48,13,3,0,Suit,Kahvalti_Dahil,0,1,1,0
RES_0372,306,12,2,1,Suit,Yarim_Pansiyon,0,1,1,1
RES_0373,300,8,4,0,Aile,Yarim_Pansiyon,0,0,0,0
RES_0374,288,9,3,1,Suit,Yarim_Pansiyon,1,0,0,0
RES_0375,59,2,2,0,Aile,Kahvalti_Dahil,0,0,0,0
RES_0376,180,7,1,3,Kral,Her_Sey_Dahil,0,0,0,0
RES_0377,192,9,1,0,Aile,Her_Sey_Dahil,0,1,0,0
RES_0378,196,11,3,1,Aile,Yarim_Pansiyon,0,0,0,0
RES_0379,135,1,2,1,Standart,Yarim_Pansiyon,1,1,0,0
RES_0380,117,9,3,3,Suit,Kahvalti_Dahil,1,0,0,0
RES_0381,291,3,3,2,Suit,Her_Sey_Dahil,0,1,1,1
RES_0382,113,9,2,3,Standart,Yarim_Pansiyon,1,0,0,0
RES_0383,88,12,2,1,Suit,Yarim_Pansiyon,1,1,1,1
RES_0384,12,11,3,2,Aile,Kahvalti_Dahil,0,0,0,0
RES_0385,360,12,4,1,Suit,Her_Sey_Dahil,0,0,0,0
RES_0386,41,9,3,3,Kral,Her_Sey_Dahil,0,1,0,0
RES_0387,296,2,2,2,Kral,Kahvalti_Dahil,1,1,1,1
RES_0388,60,13,2,0,Standart,Yarim_Pansiyon,0,0,0,0
RES_0389,13,12,2,1,Kral,Her_Sey_Dahil,0,0,0,0
RES_0390,268,6,1,0,Kral,Her_Sey_Dahil,1,1,0,0
RES_0391,5,2,4,0,Aile,Kahvalti_Dahil,0,1,1,1
RES_0392,115,1,1,0,Suit,Her_Sey_Dahil,0,0,0,1
RES_0393,301,2,2,1,Standart,Yarim_Pansiyon,1,0,0,1
RES_0394,290,8,4,1,Standart,Her_Sey_Dahil,0,1,0,0
RES_0395,166,9,1,0,Kral,Kahvalti_Dahil,1,0,0,0
RES_0396,119,5,3,2,Suit,Kahvalti_Dahil,1,0,0,0
RES_0397,215,3,2,2,Aile,Yarim_Pansiyon,0,0,0,1
RES_0398,16,12,4,2,Kral,Her_Sey_Dahil,0,1,1,1
RES_0399,185,2,3,0,Kral,Kahvalti_Dahil,1,0,0,1
RES_0400,310,4,1,2,Suit,Her_Sey_Dahil,1,0,0,1
RES_0401,199,9,1,2,Aile,Her_Sey_Dahil,1,1,0,0
RES_0402,334,2,4,0,Standart,Yarim_Pansiyon,0,0,0,1
RES_0403,193,1,3,0,Aile,Kahvalti_Dahil,1,1,1,1
RES_0404,95,5,3,2,Aile,Yarim_Pansiyon,0,1,0,0
RES_0405,264,10,2,3,Suit,Yarim_Pansiyon,1,1,1,1
RES_0406,191,3,3,2,Suit,Yarim_Pansiyon,0,1,1,0
RES_0407,226,3,4,2,Aile,Her_Sey_Dahil,1,1,1,0
RES_0408,351,11,1,3,Standart,Yarim_Pansiyon,1,0,0,0
RES_0409,100,12,1,1,Kral,Kahvalti_Dahil,1,0,0,0
RES_0410,173,8,3,2,Suit,Yarim_Pansiyon,1,0,0,0
RES_0411,352,5,4,3,Aile,Yarim_Pansiyon,1,1,0,0
RES_0412,290,4,3,2,Aile,Yarim_Pansiyon,1,0,0,0
RES_0413,4,7,2,2,Kral,Yarim_Pansiyon,0,0,0,0
RES_0414,177,7,1,1,Kral,Her_Sey_Dahil,0,0,0,1
RES_0415,321,2,2,2,Kral,Kahvalti_Dahil,0,0,0,0
RES_0416,30,3,4,1,Standart,Her_Sey_Dahil,1,1,1,0
RES_0417,281,10,2,1,Suit,Her_Sey_Dahil,0,1,0,0
RES_0418,231,3,4,0,Suit,Her_Sey_Dahil,1,0,0,1
RES_0419,186,10,3,1,Suit,Kahvalti_Dahil,1,1,0,0
RES_0420,27,1,2,2,Aile,Her_Sey_Dahil,1,0,0,0
RES_0421,67,9,4,1,Aile,Her_Sey_Dahil,1,0,0,0
RES_0422,285,4,1,1,Suit,Kahvalti_Dahil,0,1,0,0
RES_0423,155,13,1,2,Aile,Yarim_Pansiyon,0,1,0,0
RES_0424,132,10,3,0,Suit,Her_Sey_Dahil,0,0,0,0
RES_0425,141,6,4,2,Standart,Yarim_Pansiyon,1,1,0,0
RES_0426,308,11,4,3,Suit,Kahvalti_Dahil,1,1,0,1
RES_0427,341,7,2,3,Kral,Her_Sey_Dahil,1,0,0,0
RES_0428,258,12,3,1,Aile,Kahvalti_Dahil,0,1,0,0
RES_0429,334,14,4,1,Suit,Yarim_Pansiyon,0,0,0,0
RES_0430,164,2,2,0,Aile,Kahvalti_Dahil,1,1,0,0
RES_0431,223,2,2,3,Kral,Yarim_Pansiyon,1,0,0,1
RES_0432,27,10,2,1,Suit,Her_Sey_Dahil,0,1,1,0
RES_0433,344,13,3,3,Aile,Her_Sey_Dahil,1,1,1,1
RES_0434,248,7,1,2,Aile,Her_Sey_Dahil,0,0,0,0
RES_0435,344,13,3,0,Standart,Yarim_Pansiyon,0,0,0,0
RES_0436,271,7,1,3,Suit,Her_Sey_Dahil,0,1,0,0
RES_0437,0,6,2,0,Standart,Her_Sey_Dahil,0,1,1,0
RES_0438,55,13,4,0,Kral,Her_Sey_Dahil,0,0,0,0
RES_0439,289,1,2,3,Standart,Kahvalti_Dahil,1,0,0,0
RES_0440,140,11,3,1,Suit,Yarim_Pansiyon,1,1,0,0
RES_0441,156,14,2,2,Suit,Yarim_Pansiyon,1,0,0,0
RES_0442,53,10,2,1,Suit,Yarim_Pansiyon,0,0,0,0
RES_0443,80,13,1,3,Aile,Her_Sey_Dahil,1,0,0,0
RES_0444,2,3,2,1,Kral,Kahvalti_Dahil,1,1,1,1
RES_0445,203,11,3,3,Kral,Kahvalti_Dahil,0,0,0,0
RES_0446,93,9,3,0,Standart,Her_Sey_Dahil,0,1,1,1
RES_0447,42,11,3,2,Aile,Kahvalti_Dahil,0,1,1,0
RES_0448,323,10,2,2,Kral,Kahvalti_Dahil,1,0,0,0
RES_0449,254,4,2,0,Suit,Yarim_Pansiyon,0,0,0,1
RES_0450,331,8,2,0,Kral,Yarim_Pansiyon,1,1,1,0
RES_0451,215,9,2,0,Kral,Yarim_Pansiyon,1,0,0,0
RES_0452,36,12,1,2,Suit,Her_Sey_Dahil,1,1,0,0
RES_0453,351,13,1,1,Aile,Her_Sey_Dahil,0,0,0,0
RES_0454,213,9,4,2,Suit,Yarim_Pansiyon,0,0,0,0
RES_0455,191,13,4,0,Standart,Yarim_Pansiyon,0,0,0,1
RES_0456,98,14,3,2,Suit,Kahvalti_Dahil,1,0,0,0
RES_0457,314,12,2,1,Aile,Kahvalti_Dahil,0,1,0,0
RES_0458,80,10,3,3,Standart,Her_Sey_Dahil,0,1,1,1
RES_0459,100,1,2,0,Suit,Kahvalti_Dahil,0,1,1,1
RES_0460,350,9,2,2,Standart,Her_Sey_Dahil,1,0,0,0
RES_0461,171,10,3,1,Suit,Her_Sey_Dahil,0,1,1,1
RES_0462,134,13,4,2,Suit,Her_Sey_Dahil,0,1,1,1
RES_0463,151,3,1,2,Kral,Yarim_Pansiyon,1,1,1,1
RES_0464,273,11,1,1,Aile,Her_Sey_Dahil,1,1,0,0
RES_0465,245,14,1,1,Suit,Kahvalti_Dahil,1,1,0,0
RES_0466,46,6,1,0,Suit,Kahvalti_Dahil,1,1,1,0
RES_0467,234,10,3,0,Suit,Her_Sey_Dahil,1,1,1,0
RES_0468,217,12,3,2,Kral,Kahvalti_Dahil,1,1,1,0
RES_0469,68,12,3,3,Aile,Kahvalti_Dahil,0,1,0,0
RES_0470,269,14,2,0,Aile,Yarim_Pansiyon,1,0,0,0
RES_0471,45,11,3,0,Kral,Yarim_Pansiyon,0,1,1,1
RES_0472,334,14,3,0,Suit,Kahvalti_Dahil,1,0,0,1
RES_0473,83,1,4,3,Kral,Yarim_Pansiyon,0,0,0,0
RES_0474,357,9,4,1,Standart,Kahvalti_Dahil,1,0,0,0
RES_0475,312,11,3,3,Standart,Kahvalti_Dahil,1,0,0,0
RES_0476,71,4,1,1,Kral,Yarim_Pansiyon,0,0,0,0
RES_0477,334,6,1,1,Standart,Her_Sey_Dahil,1,1,0,0
RES_0478,137,7,4,3,Kral,Yarim_Pansiyon,1,1,1,0
RES_0479,192,1,3,3,Aile,Her_Sey_Dahil,0,1,1,1
RES_0480,65,5,2,0,Kral,Kahvalti_Dahil,1,0,0,0
RES_0481,154,11,3,1,Aile,Yarim_Pansiyon,0,1,0,0
RES_0482,95,6,2,0,Kral,Her_Sey_Dahil,0,0,0,1
RES_0483,105,6,4,1,Kral,Kahvalti_Dahil,0,1,0,0
RES_0484,31,7,3,0,Kral,Kahvalti_Dahil,0,1,0,0
RES_0485,163,4,1,3,Standart,Kahvalti_Dahil,1,0,0,0
RES_0486,278,14,4,1,Suit,Kahvalti_Dahil,0,0,0,0
RES_0487,37,12,1,3,Kral,Kahvalti_Dahil,0,1,0,0
RES_0488,137,5,4,2,Suit,Her_Sey_Dahil,1,1,0,0
RES_0489,96,4,3,2,Aile,Her_Sey_Dahil,0,0,0,0
RES_0490,55,2,1,2,Suit,Her_Sey_Dahil,1,0,0,0
RES_0491,79,12,4,0,Aile,Kahvalti_Dahil,0,1,0,0
RES_0492,247,6,4,3,Standart,Her_Sey_Dahil,0,0,0,0
RES_0493,299,3,4,1,Kral,Yarim_Pansiyon,1,0,0,0
RES_0494,326,1,4,1,Kral,Kahvalti_Dahil,1,0,0,0
RES_0495,106,6,2,0,Suit,Yarim_Pansiyon,0,1,1,1
RES_0496,359,14,4,2,Aile,Her_Sey_Dahil,1,0,0,0
RES_0497,37,13,3,0,Suit,Kahvalti_Dahil,1,1,1,0
RES_0498,75,7,3,2,Suit,Yarim_Pansiyon,1,0,0,0
RES_0499,245,14,3,3,Standart,Kahvalti_Dahil,0,1,0,0
RES_0500,16,1,3,0,Kral,Her_Sey_Dahil,0,0,0,0
RES_0501,73,11,2,1,Kral,Yarim_Pansiyon,1,0,0,0
RES_0502,83,3,1,0,Standart,Yarim_Pansiyon,0,0,0,1
RES_0503,285,9,4,2,Standart,Yarim_Pansiyon,1,1,0,1
RES_0504,219,13,4,1,Kral,Kahvalti_Dahil,0,1,1,1
RES_0505,238,14,3,0,Aile,Yarim_Pansiyon,0,1,0,1
RES_0506,351,4,1,0,Aile,Kahvalti_Dahil,0,0,0,1
RES_0507,286,1,4,1,Aile,Yarim_Pansiyon,0,1,0,0
RES_0508,262,6,1,2,Standart,Kahvalti_Dahil,0,0,0,1
RES_0509,337,8,1,2,Standart,Kahvalti_Dahil,1,1,1,1
RES_0510,184,12,4,1,Standart,Kahvalti_Dahil,1,1,0,1
RES_0511,89,5,2,3,Kral,Her_Sey_Dahil,0,1,0,0
RES_0512,291,6,3,2,Kral,Her_Sey_Dahil,0,1,1,1
RES_0513,363,6,1,1,Standart,Her_Sey_Dahil,1,0,0,0
RES_0514,51,10,3,3,Kral,Yarim_Pansiyon,0,0,0,1
RES_0515,221,3,2,0,Aile,Yarim_Pansiyon,0,1,1,1
RES_0516,207,8,2,0,Kral,Her_Sey_Dahil,1,1,0,0
RES_0517,263,14,4,3,Aile,Yarim_Pansiyon,0,1,1,1
RES_0518,188,7,3,1,Standart,Her_Sey_Dahil,0,1,1,1
RES_0519,235,14,3,2,Aile,Yarim_Pansiyon,0,1,0,0
RES_0520,152,12,1,0,Aile,Kahvalti_Dahil,0,1,1,1
RES_0521,358,3,3,0,Aile,Kahvalti_Dahil,1,1,1,1
RES_0522,221,12,3,2,Kral,Yarim_Pansiyon,0,1,0,0
RES_0523,170,4,3,2,Aile,Her_Sey_Dahil,0,0,0,0
RES_0524,119,4,2,3,Standart,Kahvalti_Dahil,1,1,1,1
RES_0525,249,5,3,2,Aile,Kahvalti_Dahil,0,0,0,0
RES_0526,146,7,3,2,Aile,Her_Sey_Dahil,1,0,0,0
RES_0527,159,2,1,1,Suit,Kahvalti_Dahil,1,0,0,0
RES_0528,2,3,2,0,Aile,Her_Sey_Dahil,0,1,1,0
RES_0529,113,4,4,3,Suit,Kahvalti_Dahil,1,0,0,0
RES_0530,96,4,4,0,Suit,Yarim_Pansiyon,0,1,1,1
RES_0531,206,11,2,3,Aile,Kahvalti_Dahil,0,0,0,0
RES_0532,338,6,2,1,Suit,Yarim_Pansiyon,0,1,1,1
RES_0533,199,14,4,0,Standart,Yarim_Pansiyon,1,0,0,0
RES_0534,21,3,4,0,Standart,Her_Sey_Dahil,1,0,0,0
RES_0535,118,8,1,2,Kral,Yarim_Pansiyon,0,1,0,1
RES_0536,0,7,3,2,Kral,Yarim_Pansiyon,0,0,0,0
RES_0537,305,8,4,3,Standart,Yarim_Pansiyon,0,1,1,1
RES_0538,142,8,1,1,Suit,Her_Sey_Dahil,1,0,0,0
RES_0539,345,12,3,0,Kral,Her_Sey_Dahil,1,0,0,0
RES_0540,177,6,4,1,Standart,Her_Sey_Dahil,0,1,1,0
RES_0541,171,12,3,1,Kral,Kahvalti_Dahil,1,1,1,1
RES_0542,166,9,1,0,Standart,Yarim_Pansiyon,1,0,0,0
RES_0543,170,10,1,1,Standart,Yarim_Pansiyon,1,0,0,0
RES_0544,198,3,2,1,Suit,Her_Sey_Dahil,1,0,0,0
RES_0545,311,11,3,0,Aile,Kahvalti_Dahil,1,1,0,1
RES_0546,259,4,1,3,Standart,Yarim_Pansiyon,1,0,0,0
RES_0547,117,1,1,1,Suit,Her_Sey_Dahil,0,1,0,1
RES_0548,223,9,2,1,Suit,Her_Sey_Dahil,1,1,1,1
RES_0549,80,10,4,3,Suit,Kahvalti_Dahil,1,0,0,0
RES_0550,95,3,4,0,Standart,Her_Sey_Dahil,1,1,0,1
RES_0551,360,10,3,1,Suit,Kahvalti_Dahil,1,1,0,0
RES_0552,224,11,1,2,Kral,Kahvalti_Dahil,1,1,1,1
RES_0553,17,10,1,1,Aile,Yarim_Pansiyon,0,0,0,0
RES_0554,314,2,1,0,Aile,Kahvalti_Dahil,0,0,0,0
RES_0555,200,9,3,0,Standart,Her_Sey_Dahil,1,1,1,0
RES_0556,69,6,1,0,Aile,Kahvalti_Dahil,1,1,0,0
RES_0557,101,1,3,3,Standart,Her_Sey_Dahil,0,1,1,1
RES_0558,79,10,1,0,Standart,Her_Sey_Dahil,0,0,0,0
RES_0559,301,7,3,0,Kral,Yarim_Pansiyon,1,0,0,0
RES_0560,184,6,3,0,Standart,Kahvalti_Dahil,0,0,0,1
RES_0561,53,6,3,3,Standart,Kahvalti_Dahil,1,1,1,0
RES_0562,198,11,3,1,Standart,Yarim_Pansiyon,1,0,0,0
RES_0563,237,13,3,0,Standart,Kahvalti_Dahil,1,1,0,0
RES_0564,221,8,1,1,Suit,Kahvalti_Dahil,0,1,1,1
RES_0565,142,8,4,2,Aile,Her_Sey_Dahil,1,0,0,0
RES_0566,233,8,4,0,Kral,Her_Sey_Dahil,0,1,1,1
RES_0567,197,6,1,1,Aile,Her_Sey_Dahil,1,0,0,0
RES_0568,136,3,3,1,Standart,Her_Sey_Dahil,0,0,0,0
RES_0569,47,7,4,0,Aile,Kahvalti_Dahil,1,0,0,0
RES_0570,124,4,2,3,Suit,Kahvalti_Dahil,0,0,0,1
RES_0571,348,1,2,2,Standart,Her_Sey_Dahil,1,1,0,0
RES_0572,112,12,1,3,Standart,Yarim_Pansiyon,1,1,0,0
RES_0573,190,7,1,3,Aile,Her_Sey_Dahil,0,1,0,0
RES_0574,363,1,2,0,Suit,Yarim_Pansiyon,1,1,0,0
RES_0575,296,6,1,3,Suit,Her_Sey_Dahil,0,0,0,1
RES_0576,152,13,2,2,Suit,Yarim_Pansiyon,0,0,0,0
RES_0577,234,10,4,0,Standart,Her_Sey_Dahil,0,0,0,0
RES_0578,63,7,2,1,Aile,Her_Sey_Dahil,0,0,0,0
RES_0579,52,5,4,0,Standart,Yarim_Pansiyon,0,1,0,0
RES_0580,82,14,1,0,Standart,Her_Sey_Dahil,0,0,0,0
RES_0581,11,12,1,1,Aile,Kahvalti_Dahil,1,0,0,0
RES_0582,121,1,1,0,Aile,Yarim_Pansiyon,1,1,0,0
RES_0583,145,1,1,2,Standart,Her_Sey_Dahil,1,0,0,1
RES_0584,174,8,3,2,Suit,Yarim_Pansiyon,1,1,0,0
RES_0585,48,13,2,3,Standart,Her_Sey_Dahil,0,1,1,0
RES_0586,177,13,2,2,Aile,Yarim_Pansiyon,0,0,0,1
RES_0587,282,11,3,0,Suit,Kahvalti_Dahil,1,0,0,0
RES_0588,227,4,2,3,Suit,Kahvalti_Dahil,0,0,0,0
RES_0589,310,1,1,3,Aile,Kahvalti_Dahil,0,0,0,0
RES_0590,161,1,3,3,Kral,Her_Sey_Dahil,1,0,0,0
RES_0591,19,2,4,0,Kral,Her_Sey_Dahil,0,0,0,0
RES_0592,149,2,1,3,Kral,Kahvalti_Dahil,1,1,1,1
RES_0593,72,2,2,2,Standart,Kahvalti_Dahil,1,0,0,0
RES_0594,130,1,4,0,Standart,Kahvalti_Dahil,0,1,1,1
RES_0595,37,10,3,1,Aile,Her_Sey_Dahil,0,1,1,0
RES_0596,77,14,4,1,Kral,Kahvalti_Dahil,1,0,0,0
RES_0597,85,4,3,3,Suit,Kahvalti_Dahil,0,1,1,0
RES_0598,188,8,1,1,Suit,Her_Sey_Dahil,1,0,0,0
RES_0599,346,11,4,2,Aile,Her_Sey_Dahil,1,1,0,0
RES_0600,244,2,3,1,Suit,Kahvalti_Dahil,1,1,1,0
RES_0601,80,8,3,2,Aile,Kahvalti_Dahil,0,0,0,0
RES_0602,248,6,1,2,Kral,Her_Sey_Dahil,0,0,0,0
RES_0603,361,12,2,2,Aile,Kahvalti_Dahil,1,0,0,0
RES_0604,2,1,3,3,Suit,Her_Sey_Dahil,0,0,0,0
RES_0605,290,14,1,0,Aile,Kahvalti_Dahil,1,0,0,1
RES_0606,113,12,1,2,Standart,Her_Sey_Dahil,1,1,1,0
RES_0607,122,8,3,1,Aile,Her_Sey_Dahil,0,1,0,0
RES_0608,135,3,2,2,Kral,Kahvalti_Dahil,0,1,0,0
RES_0609,43,8,1,0,Kral,Her_Sey_Dahil,1,0,0,0
RES_0610,327,14,1,2,Kral,Her_Sey_Dahil,0,0,0,1
RES_0611,232,1,3,1,Kral,Her_Sey_Dahil,0,0,0,1
RES_0612,130,6,2,1,Kral,Yarim_Pansiyon,0,1,1,0
RES_0613,222,11,4,2,Kral,Kahvalti_Dahil,1,0,0,0
RES_0614,294,5,2,1,Aile,Kahvalti_Dahil,1,1,0,0
RES_0615,133,10,4,2,Kral,Kahvalti_Dahil,0,0,0,0
RES_0616,152,3,4,1,Kral,Her_Sey_Dahil,1,0,0,0
RES_0617,167,10,1,3,Standart,Yarim_Pansiyon,1,1,0,0
RES_0618,356,3,3,1,Suit,Kahvalti_Dahil,1,1,1,0
RES_0619,116,11,3,0,Suit,Yarim_Pansiyon,1,1,1,1
RES_0620,5,1,2,2,Suit,Her_Sey_Dahil,0,0,0,1
RES_0621,46,14,3,0,Standart,Yarim_Pansiyon,1,0,0,0
RES_0622,55,13,1,1,Aile,Kahvalti_Dahil,1,1,0,0
RES_0623,6,10,3,2,Kral,Her_Sey_Dahil,0,1,0,0
RES_0624,312,8,4,2,Aile,Her_Sey_Dahil,1,1,1,0
RES_0625,110,5,3,0,Aile,Her_Sey_Dahil,0,0,0,0
RES_0626,111,4,1,2,Aile,Yarim_Pansiyon,1,1,1,0
RES_0627,62,7,1,3,Kral,Yarim_Pansiyon,0,0,0,0
RES_0628,9,11,3,2,Aile,Her_Sey_Dahil,1,1,1,0
RES_0629,364,2,2,3,Kral,Yarim_Pansiyon,1,1,0,0
RES_0630,348,12,3,2,Kral,Her_Sey_Dahil,0,1,1,1
RES_0631,273,8,2,1,Kral,Yarim_Pansiyon,1,1,0,0
RES_0632,140,13,1,0,Aile,Kahvalti_Dahil,0,0,0,1
RES_0633,310,6,4,0,Kral,Her_Sey_Dahil,1,1,0,0
RES_0634,168,12,3,1,Standart,Kahvalti_Dahil,0,0,0,1
RES_0635,364,4,1,0,Kral,Her_Sey_Dahil,0,1,0,0
RES_0636,329,10,3,0,Aile,Yarim_Pansiyon,0,0,0,0
RES_0637,235,12,1,2,Standart,Yarim_Pansiyon,0,1,1,1
RES_0638,173,12,1,2,Standart,Her_Sey_Dahil,0,1,0,1
RES_0639,155,9,4,2,Kral,Yarim_Pansiyon,1,1,1,1
RES_0640,149,7,4,2,Suit,Kahvalti_Dahil,1,0,0,0
RES_0641,269,2,2,1,Standart,Kahvalti_Dahil,0,1,1,1
RES_0642,210,11,1,3,Kral,Kahvalti_Dahil,1,0,0,0
RES_0643,201,10,3,0,Standart,Yarim_Pansiyon,1,1,0,0
RES_0644,343,12,2,0,Aile,Her_Sey_Dahil,1,1,1,1
RES_0645,157,4,4,3,Suit,Her_Sey_Dahil,1,1,0,0
RES_0646,246,2,1,1,Standart,Yarim_Pansiyon,0,1,1,1
RES_0647,327,5,1,3,Aile,Her_Sey_Dahil,1,0,0,0
RES_0648,252,13,1,0,Aile,Her_Sey_Dahil,1,1,1,1
RES_0649,38,3,1,0,Standart,Kahvalti_Dahil,1,1,0,0
RES_0650,333,8,3,3,Suit,Kahvalti_Dahil,1,1,1,0
RES_0651,249,8,3,1,Aile,Her_Sey_Dahil,0,1,1,0
RES_0652,327,2,1,0,Suit,Yarim_Pansiyon,1,1,0,0
RES_0653,30,11,4,0,Standart,Yarim_Pansiyon,1,1,0,0
RES_0654,133,10,4,3,Suit,Kahvalti_Dahil,0,0,0,0
RES_0655,119,7,1,2,Suit,Yarim_Pansiyon,0,0,0,1
RES_0656,267,6,3,3,Standart,Yarim_Pansiyon,0,1,0,1
RES_0657,27,3,1,1,Standart,Her_Sey_Dahil,1,0,0,0
RES_0658,1,3,3,3,Aile,Her_Sey_Dahil,1,1,0,0
RES_0659,308,10,4,3,Aile,Yarim_Pansiyon,0,0,0,0
RES_0660,100,8,2,2,Kral,Kahvalti_Dahil,0,1,1,1
RES_0661,306,8,4,3,Kral,Kahvalti_Dahil,0,0,0,0
RES_0662,56,9,4,2,Aile,Kahvalti_Dahil,0,0,0,0
RES_0663,65,7,4,3,Aile,Her_Sey_Dahil,1,0,0,0
RES_0664,180,2,1,3,Suit,Kahvalti_Dahil,1,1,0,1
RES_0665,4,12,3,3,Suit,Kahvalti_Dahil,1,1,1,0
RES_0666,167,14,4,0,Aile,Her_Sey_Dahil,1,0,0,0
RES_0667,245,10,1,0,Suit,Her_Sey_Dahil,1,0,0,0
RES_0668,346,1,1,1,Aile,Yarim_Pansiyon,0,0,0,1
RES_0669,147,1,4,1,Suit,Kahvalti_Dahil,0,0,0,0
RES_0670,249,7,2,3,Aile,Kahvalti_Dahil,0,1,0,1
RES_0671,334,13,2,2,Suit,Her_Sey_Dahil,1,0,0,1
RES_0672,260,10,3,0,Kral,Kahvalti_Dahil,1,1,1,1
RES_0673,137,8,2,3,Aile,Kahvalti_Dahil,1,1,0,1
RES_0674,162,11,3,0,Suit,Yarim_Pansiyon,0,0,0,1
RES_0675,288,6,4,0,Standart,Yarim_Pansiyon,1,0,0,1
RES_0676,347,1,1,1,Suit,Kahvalti_Dahil,0,1,0,0
RES_0677,235,11,2,0,Standart,Kahvalti_Dahil,1,1,0,0
RES_0678,21,11,4,3,Standart,Kahvalti_Dahil,0,0,0,0
RES_0679,141,11,3,1,Aile,Kahvalti_Dahil,0,0,0,1
RES_0680,186,9,1,3,Suit,Yarim_Pansiyon,1,1,0,0
RES_0681,220,6,2,1,Aile,Her_Sey_Dahil,1,1,0,1
RES_0682,22,8,1,2,Standart,Her_Sey_Dahil,0,1,0,0
RES_0683,222,11,3,3,Aile,Yarim_Pansiyon,0,0,0,0
RES_0684,101,13,4,3,Aile,Kahvalti_Dahil,1,0,0,0
RES_0685,78,11,4,1,Aile,Yarim_Pansiyon,0,0,0,0
RES_0686,317,9,1,2,Standart,Yarim_Pansiyon,1,0,0,0
RES_0687,284,3,3,1,Suit,Kahvalti_Dahil,0,1,1,1
RES_0688,331,14,2,0,Standart,Kahvalti_Dahil,1,0,0,1
RES_0689,198,5,4,0,Standart,Kahvalti_Dahil,1,0,0,0
RES_0690,85,1,4,3,Kral,Yarim_Pansiyon,1,0,0,0
RES_0691,223,7,4,2,Suit,Her_Sey_Dahil,1,1,1,1
RES_0692,169,2,1,1,Aile,Yarim_Pansiyon,0,0,0,0
RES_0693,160,13,4,1,Suit,Her_Sey_Dahil,0,0,0,0
RES_0694,70,9,3,3,Suit,Yarim_Pansiyon,0,0,0,0
RES_0695,266,10,1,2,Aile,Kahvalti_Dahil,0,1,0,0
RES_0696,95,8,2,2,Standart,Kahvalti_Dahil,1,1,0,1
RES_0697,340,4,4,1,Aile,Yarim_Pansiyon,0,0,0,0
RES_0698,188,11,1,1,Kral,Her_Sey_Dahil,1,0,0,0
RES_0699,231,14,3,2,Aile,Yarim_Pansiyon,1,1,1,1
RES_0700,312,2,3,1,Suit,Yarim_Pansiyon,0,1,0,0
RES_0701,174,13,4,0,Aile,Yarim_Pansiyon,0,1,1,1
RES_0702,182,6,4,3,Suit,Kahvalti_Dahil,0,0,0,0
RES_0703,205,14,3,0,Standart,Kahvalti_Dahil,1,0,0,1
RES_0704,309,5,4,3,Standart,Her_Sey_Dahil,1,1,1,1
RES_0705,10,2,4,2,Standart,Yarim_Pansiyon,1,0,0,0
RES_0706,130,14,3,0,Kral,Her_Sey_Dahil,1,1,0,0
RES_0707,58,1,2,0,Standart,Yarim_Pansiyon,1,0,0,0
RES_0708,234,9,2,0,Standart,Kahvalti_Dahil,1,1,1,0
RES_0709,164,11,4,2,Standart,Kahvalti_Dahil,1,1,1,0
RES_0710,26,14,3,0,Aile,Yarim_Pansiyon,0,1,0,0
RES_0711,363,14,1,1,Kral,Her_Sey_Dahil,0,0,0,1
RES_0712,326,5,4,3,Suit,Yarim_Pansiyon,0,0,0,0
RES_0713,124,9,4,0,Suit,Yarim_Pansiyon,1,0,0,0
RES_0714,61,11,3,1,Suit,Her_Sey_Dahil,1,0,0,0
RES_0715,110,1,1,2,Suit,Yarim_Pansiyon,0,1,0,0
RES_0716,282,4,1,1,Standart,Yarim_Pansiyon,0,1,0,0
RES_0717,108,10,1,1,Suit,Her_Sey_Dahil,1,0,0,0
RES_0718,308,3,3,3,Kral,Her_Sey_Dahil,0,1,1,1
RES_0719,211,11,1,3,Standart,Her_Sey_Dahil,1,1,1,1
RES_0720,86,6,4,0,Aile,Yarim_Pansiyon,0,1,0,0
RES_0721,316,11,4,2,Aile,Her_Sey_Dahil,1,0,0,0
RES_0722,252,10,1,0,Suit,Kahvalti_Dahil,1,0,0,0
RES_0723,130,14,3,3,Aile,Her_Sey_Dahil,0,1,1,1
RES_0724,311,3,4,0,Suit,Yarim_Pansiyon,1,1,0,1
RES_0725,154,4,2,1,Standart,Kahvalti_Dahil,1,1,1,1
RES_0726,265,1,1,3,Kral,Kahvalti_Dahil,0,1,0,1
RES_0727,195,11,3,0,Suit,Her_Sey_Dahil,1,1,1,1
RES_0728,304,6,2,0,Suit,Her_Sey_Dahil,0,1,1,1
RES_0729,289,14,1,3,Aile,Her_Sey_Dahil,1,1,1,1
RES_0730,323,7,2,1,Aile,Kahvalti_Dahil,1,1,0,0
RES_0731,335,6,1,0,Aile,Kahvalti_Dahil,1,1,1,1
RES_0732,265,7,2,2,Standart,Yarim_Pansiyon,0,0,0,0
RES_0733,241,6,3,3,Aile,Yarim_Pansiyon,0,1,1,0
RES_0734,230,11,3,2,Suit,Yarim_Pansiyon,0,0,0,0
RES_0735,250,6,4,0,Suit,Her_Sey_Dahil,0,0,0,0
RES_0736,172,8,3,0,Kral,Her_Sey_Dahil,1,0,0,1
RES_0737,248,4,4,2,Standart,Yarim_Pansiyon,0,0,0,1
RES_0738,69,5,1,2,Standart,Her_Sey_Dahil,0,0,0,0
RES_0739,301,3,1,2,Standart,Yarim_Pansiyon,0,0,0,0
RES_0740,252,9,3,1,Aile,Kahvalti_Dahil,1,1,1,0
RES_0741,97,14,1,1,Suit,Kahvalti_Dahil,1,1,0,0
RES_0742,101,6,1,2,Kral,Her_Sey_Dahil,0,1,0,0
RES_0743,326,8,4,3,Kral,Her_Sey_Dahil,1,0,0,0
RES_0744,18,6,4,3,Standart,Kahvalti_Dahil,1,0,0,0
RES_0745,361,14,4,3,Kral,Kahvalti_Dahil,1,1,1,1
RES_0746,5,7,4,0,Aile,Her_Sey_Dahil,1,1,1,0
RES_0747,84,14,4,2,Suit,Yarim_Pansiyon,1,0,0,0
RES_0748,105,9,4,0,Aile,Yarim_Pansiyon,0,1,0,0
RES_0749,228,8,1,2,Standart,Yarim_Pansiyon,1,1,1,1
RES_0750,146,13,2,1,Kral,Her_Sey_Dahil,1,0,0,0
RES_0751,19,6,1,2,Kral,Yarim_Pansiyon,0,0,0,0
RES_0752,82,3,2,2,Kral,Her_Sey_Dahil,0,0,0,0
RES_0753,284,8,2,2,Aile,Yarim_Pansiyon,0,1,0,0
RES_0754,304,2,4,3,Aile,Kahvalti_Dahil,0,0,0,0
RES_0755,354,4,1,2,Suit,Her_Sey_Dahil,1,0,0,0
RES_0756,274,3,2,0,Standart,Yarim_Pansiyon,0,0,0,0
RES_0757,107,9,3,3,Kral,Yarim_Pansiyon,1,0,0,0
RES_0758,110,6,3,3,Standart,Kahvalti_Dahil,1,0,0,0
RES_0759,350,4,4,1,Standart,Kahvalti_Dahil,0,0,0,0
RES_0760,256,13,1,0,Standart,Yarim_Pansiyon,0,1,0,1
RES_0761,272,4,4,3,Aile,Yarim_Pansiyon,1,1,0,0
RES_0762,272,14,2,2,Suit,Her_Sey_Dahil,1,0,0,0
RES_0763,262,14,4,1,Kral,Her_Sey_Dahil,1,1,0,0
RES_0764,110,8,4,1,Kral,Her_Sey_Dahil,0,0,0,0
RES_0765,183,11,2,0,Aile,Kahvalti_Dahil,1,1,0,0
RES_0766,330,11,3,2,Suit,Kahvalti_Dahil,0,0,0,0
RES_0767,212,3,3,3,Kral,Her_Sey_Dahil,0,1,1,0
RES_0768,9,5,3,3,Aile,Yarim_Pansiyon,1,0,0,0
RES_0769,41,1,2,2,Kral,Kahvalti_Dahil,0,1,1,0
RES_0770,125,8,2,1,Aile,Kahvalti_Dahil,0,0,0,0
RES_0771,266,10,1,0,Standart,Her_Sey_Dahil,0,1,1,1
RES_0772,88,1,3,3,Aile,Kahvalti_Dahil,0,1,1,0
RES_0773,365,13,2,2,Kral,Her_Sey_Dahil,1,1,1,0
RES_0774,289,1,4,2,Aile,Her_Sey_Dahil,0,1,0,0
RES_0775,127,11,1,3,Suit,Her_Sey_Dahil,0,1,0,0
RES_0776,131,9,4,3,Standart,Her_Sey_Dahil,1,1,1,1
RES_0777,49,11,3,3,Standart,Yarim_Pansiyon,0,0,0,0
RES_0778,97,1,4,1,Suit,Yarim_Pansiyon,1,0,0,0
RES_0779,361,6,3,0,Kral,Yarim_Pansiyon,1,0,0,1
RES_0780,198,10,3,1,Aile,Her_Sey_Dahil,0,0,0,0
RES_0781,269,9,2,3,Kral,Kahvalti_Dahil,0,1,1,1
RES_0782,199,8,2,1,Aile,Kahvalti_Dahil,1,0,0,0
RES_0783,40,12,3,0,Standart,Kahvalti_Dahil,1,1,0,0
RES_0784,145,11,2,1,Aile,Her_Sey_Dahil,1,0,0,0
RES_0785,49,2,1,3,Aile,Kahvalti_Dahil,1,1,0,0
RES_0786,120,14,3,1,Kral,Yarim_Pansiyon,0,1,0,0
RES_0787,290,11,1,3,Kral,Yarim_Pansiyon,0,0,0,1
RES_0788,202,12,4,2,Standart,Kahvalti_Dahil,0,1,0,0
RES_0789,244,3,4,3,Suit,Yarim_Pansiyon,1,0,0,1
RES_0790,126,6,4,2,Standart,Yarim_Pansiyon,0,0,0,1
RES_0791,287,11,2,3,Suit,Her_Sey_Dahil,0,1,1,0
RES_0792,24,14,4,2,Suit,Kahvalti_Dahil,0,1,0,0
RES_0793,122,3,2,2,Standart,Kahvalti_Dahil,1,1,1,1
RES_0794,81,12,1,3,Aile,Her_Sey_Dahil,0,1,1,1
RES_0795,140,11,4,0,Kral,Yarim_Pansiyon,0,0,0,0
RES_0796,160,2,4,3,Standart,Yarim_Pansiyon,0,1,0,0
RES_0797,85,13,1,2,Aile,Yarim_Pansiyon,1,1,0,0
RES_0798,140,7,2,2,Suit,Kahvalti_Dahil,1,1,0,0
RES_0799,348,12,2,1,Suit,Yarim_Pansiyon,1,0,0,1
RES_0800,292,2,3,2,Kral,Her_Sey_Dahil,1,0,0,0
RES_0801,132,4,1,1,Kral,Her_Sey_Dahil,1,1,0,0
RES_0802,133,12,1,0,Aile,Her_Sey_Dahil,1,0,0,0
RES_0803,14,2,4,2,Standart,Her_Sey_Dahil,1,1,1,0
RES_0804,181,8,2,1,Suit,Kahvalti_Dahil,1,1,0,0
RES_0805,348,5,1,2,Kral,Kahvalti_Dahil,0,1,1,1
RES_0806,50,12,2,1,Aile,Yarim_Pansiyon,0,1,0,0
RES_0807,355,11,3,1,Standart,Her_Sey_Dahil,1,1,0,0
RES_0808,28,5,1,2,Kral,Her_Sey_Dahil,1,0,0,0
RES_0809,123,7,2,3,Standart,Yarim_Pansiyon,1,1,0,0
RES_0810,194,10,2,1,Suit,Yarim_Pansiyon,0,0,0,0
RES_0811,212,12,1,0,Standart,Her_Sey_Dahil,0,1,0,0
RES_0812,92,1,3,2,Kral,Her_Sey_Dahil,0,0,0,1
RES_0813,262,3,2,0,Kral,Yarim_Pansiyon,1,1,1,1
RES_0814,164,1,4,2,Suit,Yarim_Pansiyon,1,1,0,0
RES_0815,174,13,1,3,Kral,Yarim_Pansiyon,0,1,1,0
RES_0816,172,4,2,3,Aile,Kahvalti_Dahil,0,1,0,0
RES_0817,139,9,2,1,Suit,Kahvalti_Dahil,1,1,0,1
RES_0818,64,5,3,1,Suit,Kahvalti_Dahil,1,0,0,0
RES_0819,207,3,2,0,Suit,Kahvalti_Dahil,0,1,1,1
RES_0820,305,7,4,2,Suit,Her_Sey_Dahil,1,0,0,0
RES_0821,100,14,4,1,Suit,Her_Sey_Dahil,0,0,0,0
RES_0822,331,12,4,3,Standart,Her_Sey_Dahil,1,1,1,0
RES_0823,177,12,3,0,Kral,Her_Sey_Dahil,0,0,0,0
RES_0824,199,1,4,0,Standart,Yarim_Pansiyon,0,1,0,0
RES_0825,284,1,1,0,Kral,Kahvalti_Dahil,1,1,1,1
RES_0826,39,9,2,1,Aile,Her_Sey_Dahil,1,0,0,0
RES_0827,161,13,3,0,Suit,Kahvalti_Dahil,0,0,0,1
RES_0828,361,7,3,3,Aile,Yarim_Pansiyon,0,1,0,0
RES_0829,149,13,2,3,Kral,Her_Sey_Dahil,1,0,0,0
RES_0830,233,10,3,1,Kral,Her_Sey_Dahil,1,0,0,0
RES_0831,282,13,1,2,Standart,Kahvalti_Dahil,0,0,0,0
RES_0832,70,8,1,1,Standart,Kahvalti_Dahil,0,0,0,0
RES_0833,126,14,1,1,Suit,Her_Sey_Dahil,0,0,0,0
RES_0834,1,12,4,2,Aile,Kahvalti_Dahil,0,0,0,0
RES_0835,81,6,4,3,Kral,Yarim_Pansiyon,0,1,0,0
RES_0836,157,11,4,2,Suit,Kahvalti_Dahil,1,0,0,0
RES_0837,14,8,1,0,Standart,Her_Sey_Dahil,1,0,0,0
RES_0838,324,14,4,1,Aile,Yarim_Pansiyon,1,1,0,0
RES_0839,34,10,3,0,Standart,Yarim_Pansiyon,0,1,1,1
RES_0840,15,11,4,3,Kral,Kahvalti_Dahil,0,1,0,0
RES_0841,285,12,4,1,Kral,Kahvalti_Dahil,1,1,0,0
RES_0842,342,2,1,1,Aile,Her_Sey_Dahil,0,1,1,1
RES_0843,283,14,2,2,Aile,Her_Sey_Dahil,0,0,0,0
RES_0844,50,12,2,0,Standart,Yarim_Pansiyon,0,0,0,0
RES_0845,166,9,1,1,Standart,Kahvalti_Dahil,0,0,0,1
RES_0846,298,3,3,1,Suit,Kahvalti_Dahil,1,0,0,0
RES_0847,289,6,3,0,Suit,Kahvalti_Dahil,0,0,0,1
RES_0848,145,7,4,0,Suit,Kahvalti_Dahil,1,1,1,0
RES_0849,117,4,4,1,Suit,Yarim_Pansiyon,0,0,0,0
RES_0850,63,2,2,1,Standart,Her_Sey_Dahil,0,1,0,0
RES_0851,79,10,1,2,Aile,Kahvalti_Dahil,0,1,0,0
RES_0852,264,9,3,0,Suit,Yarim_Pansiyon,1,0,0,0
RES_0853,20,10,3,3,Standart,Kahvalti_Dahil,1,0,0,0
RES_0854,221,13,2,0,Aile,Her_Sey_Dahil,1,0,0,0
RES_0855,130,11,1,0,Kral,Kahvalti_Dahil,1,1,0,0
RES_0856,224,10,1,2,Aile,Yarim_Pansiyon,1,0,0,1
RES_0857,262,5,4,2,Standart,Yarim_Pansiyon,0,1,1,1
RES_0858,234,14,4,3,Aile,Kahvalti_Dahil,1,0,0,0
RES_0859,102,6,2,0,Suit,Yarim_Pansiyon,1,1,0,0
RES_0860,263,14,2,0,Standart,Kahvalti_Dahil,0,0,0,1
RES_0861,270,5,4,0,Kral,Yarim_Pansiyon,0,0,0,0
RES_0862,363,8,4,3,Kral,Her_Sey_Dahil,0,1,0,0
RES_0863,169,8,2,1,Suit,Kahvalti_Dahil,1,0,0,0
RES_0864,347,2,3,3,Standart,Yarim_Pansiyon,0,1,1,1
RES_0865,290,4,4,2,Suit,Her_Sey_Dahil,1,0,0,0
RES_0866,14,1,1,2,Standart,Yarim_Pansiyon,1,0,0,0
RES_0867,259,7,1,3,Standart,Her_Sey_Dahil,1,0,0,1
RES_0868,61,14,2,1,Standart,Yarim_Pansiyon,1,1,1,0
RES_0869,251,6,1,1,Suit,Her_Sey_Dahil,0,1,1,1
RES_0870,115,4,1,2,Aile,Yarim_Pansiyon,1,1,1,1
RES_0871,353,8,1,3,Suit,Kahvalti_Dahil,0,0,0,0
RES_0872,257,11,1,0,Aile,Kahvalti_Dahil,1,0,0,1
RES_0873,130,8,1,0,Kral,Her_Sey_Dahil,1,1,1,1
RES_0874,279,5,1,2,Suit,Yarim_Pansiyon,0,1,0,0
RES_0875,34,14,1,0,Aile,Yarim_Pansiyon,1,0,0,0
RES_0876,342,12,4,2,Aile,Her_Sey_Dahil,1,1,1,1
RES_0877,303,12,2,2,Kral,Her_Sey_Dahil,1,0,0,0
RES_0878,189,5,2,1,Kral,Yarim_Pansiyon,1,0,0,0
RES_0879,61,9,3,3,Standart,Her_Sey_Dahil,0,1,1,1
RES_0880,351,2,2,3,Aile,Kahvalti_Dahil,0,1,0,1
RES_0881,220,7,4,1,Suit,Yarim_Pansiyon,0,1,1,1
RES_0882,112,8,3,2,Aile,Her_Sey_Dahil,1,1,1,1
RES_0883,99,11,4,1,Standart,Kahvalti_Dahil,1,0,0,0
RES_0884,119,13,3,0,Kral,Kahvalti_Dahil,0,1,1,1
RES_0885,364,9,3,2,Suit,Her_Sey_Dahil,0,1,0,0
RES_0886,129,5,1,0,Standart,Yarim_Pansiyon,1,1,0,1
RES_0887,359,13,1,2,Aile,Yarim_Pansiyon,1,1,1,0
RES_0888,172,10,1,2,Kral,Yarim_Pansiyon,0,1,0,0
RES_0889,215,3,4,2,Aile,Kahvalti_Dahil,0,0,0,1
RES_0890,95,1,3,3,Kral,Yarim_Pansiyon,0,0,0,0
RES_0891,82,10,1,2,Kral,Kahvalti_Dahil,0,0,0,0
RES_0892,269,13,4,3,Aile,Kahvalti_Dahil,1,0,0,0
RES_0893,273,3,1,2,Aile,Her_Sey_Dahil,1,0,0,0
RES_0894,39,2,3,1,Suit,Her_Sey_Dahil,1,1,1,0
RES_0895,66,5,1,1,Suit,Yarim_Pansiyon,1,1,0,0
RES_0896,258,8,3,2,Standart,Her_Sey_Dahil,1,1,1,0
RES_0897,82,4,4,2,Aile,Her_Sey_Dahil,0,0,0,0
RES_0898,280,14,4,2,Standart,Kahvalti_Dahil,0,0,0,1
RES_0899,136,12,4,0,Suit,Her_Sey_Dahil,0,0,0,0
RES_0900,152,13,3,3,Suit,Kahvalti_Dahil,0,1,1,1
RES_0901,337,10,4,0,Standart,Kahvalti_Dahil,1,0,0,0
RES_0902,122,1,2,3,Aile,Her_Sey_Dahil,0,0,0,1
RES_0903,120,9,2,2,Suit,Kahvalti_Dahil,1,1,0,0
RES_0904,284,3,4,2,Suit,Yarim_Pansiyon,0,1,1,0
RES_0905,100,11,3,2,Kral,Her_Sey_Dahil,1,1,1,1
RES_0906,248,11,4,0,Kral,Her_Sey_Dahil,1,0,0,1
RES_0907,274,9,3,1,Aile,Yarim_Pansiyon,0,0,0,0
RES_0908,210,7,3,0,Standart,Kahvalti_Dahil,0,1,1,1
RES_0909,57,9,1,0,Standart,Yarim_Pansiyon,1,0,0,0
RES_0910,207,9,1,3,Standart,Kahvalti_Dahil,1,0,0,0
RES_0911,292,12,3,2,Suit,Kahvalti_Dahil,0,0,0,0
RES_0912,301,6,2,2,Aile,Yarim_Pansiyon,0,1,1,1
RES_0913,110,7,4,3,Standart,Her_Sey_Dahil,1,1,1,1
RES_0914,11,4,4,3,Standart,Kahvalti_Dahil,1,1,0,0
RES_0915,319,1,2,1,Aile,Yarim_Pansiyon,0,1,0,0
RES_0916,236,10,2,3,Aile,Yarim_Pansiyon,0,0,0,0
RES_0917,122,1,3,1,Aile,Yarim_Pansiyon,1,0,0,0
RES_0918,306,5,3,3,Suit,Yarim_Pansiyon,0,0,0,1
RES_0919,126,13,1,0,Standart,Her_Sey_Dahil,0,0,0,0
RES_0920,149,14,3,3,Suit,Her_Sey_Dahil,0,0,0,0
RES_0921,291,8,4,3,Standart,Kahvalti_Dahil,0,0,0,0
RES_0922,333,11,3,1,Standart,Her_Sey_Dahil,0,0,0,0
RES_0923,132,1,2,0,Aile,Her_Sey_Dahil,1,1,0,0
RES_0924,335,11,2,0,Suit,Kahvalti_Dahil,1,1,1,1
RES_0925,275,13,2,0,Suit,Kahvalti_Dahil,1,0,0,1
RES_0926,238,9,2,1,Suit,Yarim_Pansiyon,1,1,0,0
RES_0927,273,2,1,1,Standart,Kahvalti_Dahil,1,0,0,1
RES_0928,290,4,1,1,Aile,Her_Sey_Dahil,0,1,1,0
RES_0929,176,9,2,0,Standart,Kahvalti_Dahil,0,1,0,0
RES_0930,188,2,2,1,Suit,Yarim_Pansiyon,0,1,1,1
RES_0931,299,14,4,0,Standart,Her_Sey_Dahil,1,0,0,0
RES_0932,311,1,1,1,Standart,Yarim_Pansiyon,1,0,0,0
RES_0933,12,11,4,1,Aile,Her_Sey_Dahil,0,1,0,0
RES_0934,143,5,3,2,Kral,Her_Sey_Dahil,1,0,0,0
RES_0935,43,13,2,3,Suit,Kahvalti_Dahil,0,0,0,0
RES_0936,258,12,3,1,Kral,Her_Sey_Dahil,0,0,0,1
RES_0937,203,3,2,1,Suit,Her_Sey_Dahil,1,0,0,0
RES_0938,150,5,2,0,Kral,Her_Sey_Dahil,1,1,1,0
RES_0939,162,5,4,3,Aile,Her_Sey_Dahil,1,1,1,1
RES_0940,75,1,1,2,Suit,Her_Sey_Dahil,0,1,1,1
RES_0941,354,9,3,3,Aile,Her_Sey_Dahil,0,0,0,1
RES_0942,172,1,4,2,Kral,Yarim_Pansiyon,1,0,0,0
RES_0943,57,7,3,2,Aile,Yarim_Pansiyon,0,1,1,1
RES_0944,241,11,3,0,Aile,Yarim_Pansiyon,0,1,0,1
RES_0945,95,5,3,1,Aile,Kahvalti_Dahil,1,0,0,0
RES_0946,88,2,1,2,Standart,Yarim_Pansiyon,0,0,0,0
RES_0947,276,5,1,0,Kral,Kahvalti_Dahil,0,1,1,0
RES_0948,280,5,3,0,Standart,Yarim_Pansiyon,1,0,0,0
RES_0949,40,12,4,2,Suit,Kahvalti_Dahil,0,0,0,0
RES_0950,314,3,4,1,Aile,Yarim_Pansiyon,1,0,0,0
RES_0951,287,12,4,1,Kral,Yarim_Pansiyon,1,0,0,1
RES_0952,340,10,4,3,Aile,Yarim_Pansiyon,1,0,0,0
RES_0953,58,1,4,3,Kral,Her_Sey_Dahil,0,0,0,1
RES_0954,207,5,3,3,Aile,Kahvalti_Dahil,1,1,1,1
RES_0955,60,3,4,1,Suit,Kahvalti_Dahil,0,1,1,0
RES_0956,268,12,2,2,Aile,Yarim_Pansiyon,1,0,0,0
RES_0957,263,11,3,2,Aile,Her_Sey_Dahil,1,0,0,0
RES_0958,94,11,4,0,Standart,Kahvalti_Dahil,1,1,1,0
RES_0959,278,8,1,3,Aile,Yarim_Pansiyon,0,0,0,1
RES_0960,241,9,1,0,Standart,Her_Sey_Dahil,1,1,1,1
RES_0961,171,3,4,3,Standart,Kahvalti_Dahil,1,1,0,0
RES_0962,4,8,4,0,Standart,Kahvalti_Dahil,0,1,1,0
RES_0963,204,5,4,1,Standart,Her_Sey_Dahil,1,0,0,0
RES_0964,12,3,4,2,Standart,Yarim_Pansiyon,0,1,0,0
RES_0965,138,6,4,2,Kral,Her_Sey_Dahil,0,0,0,0
RES_0966,223,9,3,1,Kral,Yarim_Pansiyon,0,0,0,1
RES_0967,49,1,1,3,Kral,Yarim_Pansiyon,0,0,0,0
RES_0968,196,10,3,1,Standart,Her_Sey_Dahil,1,1,1,1
RES_0969,222,10,4,3,Aile,Yarim_Pansiyon,0,0,0,1
RES_0970,153,11,2,3,Aile,Yarim_Pansiyon,0,1,0,0
RES_0971,24,3,3,1,Aile,Her_Sey_Dahil,1,1,1,0
RES_0972,200,14,4,2,Suit,Kahvalti_Dahil,1,0,0,0
RES_0973,308,1,3,1,Suit,Kahvalti_Dahil,1,1,1,0
RES_0974,78,7,3,1,Standart,Yarim_Pansiyon,0,0,0,0
RES_0975,91,1,4,2,Aile,Yarim_Pansiyon,1,0,0,0
RES_0976,179,1,2,2,Standart,Yarim_Pansiyon,1,1,0,0
RES_0977,64,6,2,2,Standart,Yarim_Pansiyon,0,1,0,0
RES_0978,25,3,3,1,Kral,Her_Sey_Dahil,1,1,0,0
RES_0979,35,13,1,0,Kral,Kahvalti_Dahil,1,1,1,0
RES_0980,154,5,1,0,Suit,Kahvalti_Dahil,0,0,0,0
RES_0981,245,11,2,0,Suit,Her_Sey_Dahil,1,1,0,1
RES_0982,293,3,4,0,Standart,Her_Sey_Dahil,1,0,0,0
RES_0983,269,13,2,1,Standart,Her_Sey_Dahil,0,0,0,0
RES_0984,193,4,1,3,Aile,Yarim_Pansiyon,0,1,0,0
RES_0985,146,7,2,2,Kral,Yarim_Pansiyon,1,1,0,0
RES_0986,100,8,1,2,Aile,Kahvalti_Dahil,0,0,0,0
RES_0987,124,7,4,0,Standart,Her_Sey_Dahil,1,1,0,0
RES_0988,199,3,1,3,Kral,Kahvalti_Dahil,1,1,0,0
RES_0989,44,12,4,1,Kral,Yarim_Pansiyon,1,0,0,0
RES_0990,130,10,3,1,Kral,Her_Sey_Dahil,0,1,0,0
RES_0991,353,5,4,1,Aile,Yarim_Pansiyon,0,1,1,1
RES_0992,191,3,4,1,Suit,Yarim_Pansiyon,0,0,0,0
RES_0993,347,6,2,1,Standart,Yarim_Pansiyon,1,0,0,0
RES_0994,274,13,4,0,Standart,Kahvalti_Dahil,1,0,0,1
RES_0995,329,7,3,3,Aile,Yarim_Pansiyon,1,0,0,0
RES_0996,345,2,3,0,Standart,Her_Sey_Dahil,0,1,0,1
RES_0997,147,10,2,1,Suit,Her_Sey_Dahil,0,0,0,0
RES_0998,295,9,3,1,Suit,Kahvalti_Dahil,1,0,0,0
RES_0999,225,9,1,2,Aile,Yarim_Pansiyon,0,1,1,1
RES_1000,33,9,3,0,Aile,Kahvalti_Dahil,1,1,1,0
RES_1001,311,1,4,1,Standart,Her_Sey_Dahil,1,1,0,0
RES_1002,346,7,3,3,Kral,Her_Sey_Dahil,0,1,1,1
RES_1003,235,6,1,2,Standart,Yarim_Pansiyon,1,0,0,0
RES_1004,209,9,1,0,Standart,Her_Sey_Dahil,0,1,0,0
RES_1005,316,3,4,0,Aile,Kahvalti_Dahil,0,0,0,0
RES_1006,328,13,4,1,Suit,Her_Sey_Dahil,1,0,0,0
RES_1007,250,6,2,0,Suit,Her_Sey_Dahil,0,1,1,1
RES_1008,146,12,1,1,Kral,Kahvalti_Dahil,0,1,0,1
RES_1009,337,2,2,1,Aile,Yarim_Pansiyon,0,1,0,0
RES_1010,161,11,3,3,Suit,Yarim_Pansiyon,1,1,1,1
RES_1011,149,12,4,3,Suit,Yarim_Pansiyon,1,1,1,0
RES_1012,235,4,4,3,Kral,Her_Sey_Dahil,1,1,0,0
RES_1013,162,12,2,0,Standart,Kahvalti_Dahil,0,1,1,0
RES_1014,200,1,3,2,Aile,Kahvalti_Dahil,0,1,0,0
RES_1015,32,9,2,1,Standart,Kahvalti_Dahil,1,1,1,1
RES_1016,301,12,4,0,Standart,Yarim_Pansiyon,1,1,1,0
RES_1017,92,4,4,3,Aile,Kahvalti_Dahil,0,0,0,0
RES_1018,337,7,4,2,Standart,Yarim_Pansiyon,0,0,0,0
RES_1019,67,6,2,1,Suit,Her_Sey_Dahil,0,1,0,0
RES_1020,151,10,1,1,Kral,Her_Sey_Dahil,0,0,0,1
RES_1021,91,10,3,3,Aile,Her_Sey_Dahil,1,0,0,0
RES_1022,274,8,2,3,Kral,Kahvalti_Dahil,1,1,1,1
RES_1023,143,11,4,0,Standart,Her_Sey_Dahil,1,0,0,0
RES_1024,328,8,4,2,Standart,Her_Sey_Dahil,0,0,0,1
RES_1025,85,1,3,2,Kral,Her_Sey_Dahil,0,1,1,1
RES_1026,45,6,1,2,Suit,Kahvalti_Dahil,0,1,1,0
RES_1027,302,6,2,2,Standart,Yarim_Pansiyon,1,0,0,0
RES_1028,328,6,2,2,Suit,Yarim_Pansiyon,0,0,0,0
RES_1029,103,14,4,2,Aile,Kahvalti_Dahil,0,1,0,0
RES_1030,9,1,1,1,Standart,Her_Sey_Dahil,0,0,0,0
RES_1031,142,8,3,3,Suit,Yarim_Pansiyon,0,0,0,0
RES_1032,35,2,3,0,Suit,Yarim_Pansiyon,0,0,0,0
RES_1033,7,14,3,2,Aile,Kahvalti_Dahil,0,0,0,0
RES_1034,164,8,2,2,Aile,Kahvalti_Dahil,0,0,0,0
RES_1035,362,2,3,2,Suit,Her_Sey_Dahil,1,1,0,1
RES_1036,291,11,2,2,Suit,Yarim_Pansiyon,0,0,0,1
RES_1037,87,6,3,0,Kral,Yarim_Pansiyon,0,1,1,0
RES_1038,305,14,2,2,Suit,Kahvalti_Dahil,1,1,1,0
RES_1039,176,1,4,1,Kral,Her_Sey_Dahil,1,1,0,0
RES_1040,83,11,2,3,Standart,Her_Sey_Dahil,0,0,0,1
RES_1041,321,12,3,0,Suit,Yarim_Pansiyon,0,1,1,1
RES_1042,16,7,2,2,Suit,Her_Sey_Dahil,1,0,0,0
RES_1043,54,2,4,1,Standart,Kahvalti_Dahil,0,0,0,0
RES_1044,51,3,2,1,Aile,Yarim_Pansiyon,0,0,0,0
RES_1045,156,13,2,3,Suit,Kahvalti_Dahil,0,0,0,0
RES_1046,37,5,3,2,Suit,Kahvalti_Dahil,1,0,0,0
RES_1047,247,13,3,2,Kral,Yarim_Pansiyon,1,1,1,0
RES_1048,212,4,1,3,Suit,Kahvalti_Dahil,1,0,0,0
RES_1049,19,1,4,2,Aile,Her_Sey_Dahil,1,0,0,0
RES_1050,233,2,1,1,Standart,Kahvalti_Dahil,0,0,0,0
RES_1051,354,6,1,1,Suit,Kahvalti_Dahil,0,1,1,1
RES_1052,259,7,4,2,Aile,Yarim_Pansiyon,1,1,0,0
RES_1053,357,4,2,3,Aile,Kahvalti_Dahil,1,0,0,1
RES_1054,186,8,4,1,Suit,Yarim_Pansiyon,0,1,1,0
RES_1055,28,11,2,0,Standart,Yarim_Pansiyon,0,0,0,0
RES_1056,40,9,2,0,Suit,Yarim_Pansiyon,1,1,1,1
RES_1057,160,10,2,1,Kral,Kahvalti_Dahil,0,1,0,0
RES_1058,351,14,4,0,Kral,Her_Sey_Dahil,0,1,1,1
RES_1059,83,14,1,0,Suit,Kahvalti_Dahil,0,1,1,1
RES_1060,99,13,3,3,Suit,Yarim_Pansiyon,0,0,0,1
RES_1061,142,4,4,3,Standart,Kahvalti_Dahil,0,1,1,1
RES_1062,253,12,3,3,Suit,Yarim_Pansiyon,1,0,0,0
RES_1063,315,11,3,3,Suit,Yarim_Pansiyon,1,1,0,0
RES_1064,94,4,1,0,Aile,Kahvalti_Dahil,0,0,0,1
RES_1065,1,14,2,0,Kral,Kahvalti_Dahil,0,0,0,0
RES_1066,302,8,3,2,Kral,Kahvalti_Dahil,0,1,1,0
RES_1067,117,8,3,0,Aile,Kahvalti_Dahil,1,1,0,0
RES_1068,306,5,2,2,Kral,Yarim_Pansiyon,1,0,0,0
RES_1069,226,9,1,1,Kral,Her_Sey_Dahil,1,1,0,1
RES_1070,86,9,1,3,Standart,Her_Sey_Dahil,1,0,0,0
RES_1071,351,2,2,2,Kral,Kahvalti_Dahil,0,0,0,0
RES_1072,208,12,2,2,Standart,Her_Sey_Dahil,0,0,0,0
RES_1073,237,4,3,2,Standart,Her_Sey_Dahil,1,0,0,1
RES_1074,288,3,3,0,Standart,Her_Sey_Dahil,0,1,1,1
RES_1075,101,6,1,3,Aile,Her_Sey_Dahil,0,1,1,1
RES_1076,16,10,4,3,Aile,Her_Sey_Dahil,1,1,0,0
RES_1077,112,6,2,2,Standart,Her_Sey_Dahil,1,1,1,1
RES_1078,238,6,1,1,Suit,Kahvalti_Dahil,1,1,1,1
RES_1079,132,1,2,2,Kral,Kahvalti_Dahil,0,0,0,1
RES_1080,43,9,2,3,Suit,Her_Sey_Dahil,0,0,0,0
RES_1081,266,13,4,2,Suit,Yarim_Pansiyon,0,1,0,1
RES_1082,350,1,2,2,Kral,Her_Sey_Dahil,0,0,0,0
RES_1083,308,12,1,1,Standart,Yarim_Pansiyon,0,0,0,0
RES_1084,242,3,3,2,Standart,Yarim_Pansiyon,0,0,0,0
RES_1085,5,14,4,2,Standart,Yarim_Pansiyon,1,1,0,0
RES_1086,203,11,1,1,Standart,Kahvalti_Dahil,1,1,0,0
RES_1087,162,1,4,2,Standart,Kahvalti_Dahil,0,0,0,0
RES_1088,296,4,3,2,Kral,Her_Sey_Dahil,0,0,0,0
RES_1089,348,13,2,2,Kral,Kahvalti_Dahil,0,0,0,1
RES_1090,120,14,3,1,Kral,Kahvalti_Dahil,1,0,0,0
RES_1091,75,10,1,1,Standart,Yarim_Pansiyon,1,1,1,0
RES_1092,223,12,4,1,Suit,Yarim_Pansiyon,0,1,0,1
RES_1093,292,6,3,2,Kral,Yarim_Pansiyon,0,0,0,0
RES_1094,81,2,1,3,Kral,Yarim_Pansiyon,1,1,0,0
RES_1095,234,5,3,2,Standart,Her_Sey_Dahil,1,1,0,1
RES_1096,306,5,3,1,Aile,Kahvalti_Dahil,0,0,0,0
RES_1097,18,7,2,3,Kral,Kahvalti_Dahil,0,1,0,0
RES_1098,153,6,4,2,Kral,Kahvalti_Dahil,1,0,0,0
RES_1099,345,2,1,2,Standart,Her_Sey_Dahil,0,1,1,0
RES_1100,117,10,4,1,Suit,Her_Sey_Dahil,0,1,1,0
RES_1101,142,10,3,2,Standart,Kahvalti_Dahil,0,1,0,0
RES_1102,320,5,1,3,Aile,Yarim_Pansiyon,0,1,0,1
RES_1103,331,7,2,2,Kral,Yarim_Pansiyon,0,1,0,0
RES_1104,324,2,1,0,Standart,Kahvalti_Dahil,1,1,1,0
RES_1105,93,10,4,0,Kral,Kahvalti_Dahil,1,0,0,0
RES_1106,270,11,3,0,Suit,Her_Sey_Dahil,1,0,0,0
RES_1107,303,13,3,1,Standart,Her_Sey_Dahil,1,0,0,0
RES_1108,58,8,3,1,Suit,Yarim_Pansiyon,1,1,0,0
RES_1109,340,6,3,0,Suit,Her_Sey_Dahil,0,1,0,0
RES_1110,208,9,2,0,Standart,Her_Sey_Dahil,0,0,0,0
RES_1111,190,10,1,0,Standart,Yarim_Pansiyon,1,0,0,0
RES_1112,328,7,3,3,Suit,Kahvalti_Dahil,1,1,0,0
RES_1113,107,5,3,0,Kral,Kahvalti_Dahil,1,0,0,1
RES_1114,349,10,2,3,Suit,Yarim_Pansiyon,1,0,0,0
RES_1115,276,8,4,0,Suit,Kahvalti_Dahil,0,1,0,0
RES_1116,41,3,1,0,Suit,Yarim_Pansiyon,1,0,0,0
RES_1117,121,6,3,0,Standart,Her_Sey_Dahil,1,0,0,0
RES_1118,26,13,2,0,Aile,Kahvalti_Dahil,1,0,0,0
RES_1119,240,11,3,2,Standart,Yarim_Pansiyon,1,1,1,1
RES_1120,174,4,3,3,Kral,Yarim_Pansiyon,1,0,0,0
RES_1121,90,12,1,1,Kral,Her_Sey_Dahil,0,1,0,0
RES_1122,284,6,4,0,Standart,Yarim_Pansiyon,1,0,0,0
RES_1123,135,4,2,0,Aile,Kahvalti_Dahil,0,0,0,1
RES_1124,86,3,3,3,Kral,Her_Sey_Dahil,1,0,0,0
RES_1125,209,13,3,1,Kral,Kahvalti_Dahil,0,1,1,1
RES_1126,213,1,2,0,Kral,Her_Sey_Dahil,1,0,0,0
RES_1127,285,3,1,3,Kral,Her_Sey_Dahil,0,1,1,1
RES_1128,284,14,4,3,Kral,Her_Sey_Dahil,0,0,0,0
RES_1129,287,7,1,2,Suit,Her_Sey_Dahil,1,1,0,1
RES_1130,221,12,1,0,Kral,Yarim_Pansiyon,0,1,0,0
RES_1131,7,6,1,0,Suit,Kahvalti_Dahil,0,1,0,0
RES_1132,112,6,4,2,Kral,Kahvalti_Dahil,0,0,0,0
RES_1133,29,6,3,1,Kral,Kahvalti_Dahil,0,1,0,0
RES_1134,324,9,3,1,Kral,Yarim_Pansiyon,1,1,1,1
RES_1135,115,7,3,0,Aile,Yarim_Pansiyon,1,0,0,0
RES_1136,169,7,2,3,Aile,Yarim_Pansiyon,0,0,0,0
RES_1137,296,12,2,0,Kral,Yarim_Pansiyon,1,1,0,1
RES_1138,260,6,1,1,Suit,Her_Sey_Dahil,0,0,0,0
RES_1139,40,6,3,2,Standart,Her_Sey_Dahil,1,0,0,0
RES_1140,270,8,3,1,Aile,Yarim_Pansiyon,1,1,0,0
RES_1141,96,8,3,3,Suit,Kahvalti_Dahil,1,1,0,0
RES_1142,105,3,3,2,Suit,Her_Sey_Dahil,0,1,0,0
RES_1143,224,10,1,1,Kral,Kahvalti_Dahil,1,0,0,0
RES_1144,8,12,2,1,Standart,Yarim_Pansiyon,1,0,0,0
RES_1145,39,14,3,3,Kral,Yarim_Pansiyon,1,1,0,0
RES_1146,203,9,3,3,Standart,Kahvalti_Dahil,0,1,0,0
RES_1147,64,13,4,0,Aile,Yarim_Pansiyon,1,0,0,0
RES_1148,245,14,3,0,Standart,Kahvalti_Dahil,1,0,0,1
RES_1149,47,7,3,2,Aile,Yarim_Pansiyon,1,0,0,0
RES_1150,294,7,3,2,Aile,Kahvalti_Dahil,0,1,1,1
RES_1151,166,13,2,0,Suit,Her_Sey_Dahil,1,0,0,0
RES_1152,256,14,3,3,Suit,Yarim_Pansiyon,0,0,0,0
RES_1153,238,9,4,1,Aile,Her_Sey_Dahil,0,0,0,1
RES_1154,185,12,4,2,Kral,Yarim_Pansiyon,1,0,0,1
RES_1155,263,11,2,2,Standart,Yarim_Pansiyon,0,1,0,0
RES_1156,350,3,3,3,Aile,Yarim_Pansiyon,0,0,0,0
RES_1157,99,3,3,1,Suit,Yarim_Pansiyon,0,0,0,1
RES_1158,207,4,2,0,Aile,Kahvalti_Dahil,0,0,0,1
RES_1159,59,5,3,2,Standart,Her_Sey_Dahil,1,1,1,1
RES_1160,113,13,1,1,Standart,Kahvalti_Dahil,1,1,0,0
RES_1161,134,5,1,2,Kral,Kahvalti_Dahil,1,0,0,0
RES_1162,18,13,4,1,Aile,Her_Sey_Dahil,0,0,0,0
RES_1163,284,7,1,2,Kral,Yarim_Pansiyon,1,1,0,0
RES_1164,258,7,3,0,Kral,Yarim_Pansiyon,1,1,1,0
RES_1165,37,4,4,2,Kral,Kahvalti_Dahil,0,0,0,0
RES_1166,5,4,4,0,Standart,Yarim_Pansiyon,0,1,0,0
RES_1167,32,8,3,0,Aile,Yarim_Pansiyon,0,0,0,0
RES_1168,153,6,1,3,Standart,Yarim_Pansiyon,0,0,0,1
RES_1169,260,2,1,2,Kral,Her_Sey_Dahil,1,0,0,0
RES_1170,229,10,3,1,Kral,Her_Sey_Dahil,0,0,0,0
RES_1171,339,3,3,0,Standart,Kahvalti_Dahil,0,0,0,0
RES_1172,7,5,1,1,Suit,Her_Sey_Dahil,0,0,0,0
RES_1173,287,11,3,2,Suit,Kahvalti_Dahil,1,0,0,0
RES_1174,45,13,1,3,Standart,Kahvalti_Dahil,1,1,1,0
RES_1175,244,11,2,3,Kral,Yarim_Pansiyon,1,1,1,0
RES_1176,85,12,2,1,Standart,Her_Sey_Dahil,1,1,1,0
RES_1177,219,3,4,1,Standart,Yarim_Pansiyon,0,0,0,1
RES_1178,296,4,4,2,Aile,Kahvalti_Dahil,1,0,0,0
RES_1179,57,14,1,1,Suit,Yarim_Pansiyon,0,0,0,0
RES_1180,242,10,2,2,Suit,Yarim_Pansiyon,1,1,0,0
RES_1181,325,11,3,0,Kral,Yarim_Pansiyon,0,0,0,0
RES_1182,353,12,1,2,Standart,Yarim_Pansiyon,1,1,1,0
RES_1183,221,11,1,3,Aile,Yarim_Pansiyon,0,1,0,1
RES_1184,301,13,1,2,Aile,Kahvalti_Dahil,1,0,0,0
RES_1185,18,9,2,0,Aile,Kahvalti_Dahil,0,1,1,0
RES_1186,96,14,2,2,Aile,Kahvalti_Dahil,1,0,0,0
RES_1187,256,4,1,1,Suit,Her_Sey_Dahil,0,0,0,1
RES_1188,223,1,1,2,Standart,Yarim_Pansiyon,1,0,0,0
RES_1189,112,9,4,0,Aile,Her_Sey_Dahil,0,0,0,0
RES_1190,158,7,4,2,Suit,Her_Sey_Dahil,1,0,0,0
RES_1191,159,7,1,0,Kral,Kahvalti_Dahil,1,0,0,0
RES_1192,273,1,2,0,Suit,Kahvalti_Dahil,1,0,0,0
RES_1193,294,3,4,1,Kral,Yarim_Pansiyon,0,1,1,1
RES_1194,208,9,3,0,Suit,Yarim_Pansiyon,1,1,1,0
RES_1195,247,13,1,3,Suit,Yarim_Pansiyon,1,0,0,1
RES_1196,52,1,1,2,Suit,Her_Sey_Dahil,1,1,1,0
RES_1197,297,7,1,1,Suit,Her_Sey_Dahil,1,0,0,0
RES_1198,166,2,3,2,Suit,Her_Sey_Dahil,0,1,1,0
RES_1199,315,13,2,2,Kral,Her_Sey_Dahil,1,0,0,0
RES_1200,257,13,2,0,Aile,Her_Sey_Dahil,1,1,1,1
RES_1201,13,11,3,3,Aile,Yarim_Pansiyon,0,0,0,0
RES_1202,272,3,2,0,Suit,Her_Sey_Dahil,0,0,0,0
RES_1203,316,9,3,3,Standart,Kahvalti_Dahil,1,0,0,0
RES_1204,259,12,3,1,Standart,Kahvalti_Dahil,1,0,0,1
RES_1205,52,9,4,3,Kral,Yarim_Pansiyon,1,1,1,0
RES_1206,216,14,1,0,Aile,Kahvalti_Dahil,1,0,0,1
RES_1207,288,2,4,2,Kral,Her_Sey_Dahil,0,1,0,1
RES_1208,91,10,2,3,Standart,Kahvalti_Dahil,1,0,0,1
RES_1209,17,13,4,0,Aile,Her_Sey_Dahil,0,1,0,0
RES_1210,26,7,4,3,Kral,Yarim_Pansiyon,1,0,0,0
RES_1211,109,12,4,3,Suit,Her_Sey_Dahil,1,1,0,1
RES_1212,216,8,4,0,Kral,Kahvalti_Dahil,0,0,0,0
RES_1213,81,6,3,1,Suit,Kahvalti_Dahil,0,0,0,0
RES_1214,316,1,4,2,Aile,Yarim_Pansiyon,1,0,0,0
RES_1215,297,7,4,1,Suit,Kahvalti_Dahil,0,1,0,0
RES_1216,353,3,3,3,Kral,Yarim_Pansiyon,1,1,1,1
RES_1217,243,4,4,3,Standart,Yarim_Pansiyon,0,0,0,0
RES_1218,245,4,4,0,Standart,Her_Sey_Dahil,1,1,0,0
RES_1219,223,3,4,1,Kral,Yarim_Pansiyon,0,0,0,1
RES_1220,177,6,4,1,Aile,Kahvalti_Dahil,0,1,0,0
RES_1221,214,14,4,2,Standart,Kahvalti_Dahil,1,1,0,0
RES_1222,303,2,3,2,Aile,Yarim_Pansiyon,0,0,0,1
RES_1223,217,9,2,3,Standart,Yarim_Pansiyon,0,0,0,1
RES_1224,84,14,1,3,Suit,Kahvalti_Dahil,1,0,0,0
RES_1225,103,1,2,2,Aile,Yarim_Pansiyon,0,1,0,1
RES_1226,187,11,2,0,Standart,Yarim_Pansiyon,1,1,0,0
RES_1227,111,14,3,2,Aile,Yarim_Pansiyon,0,1,1,0
RES_1228,316,7,1,2,Standart,Yarim_Pansiyon,0,0,0,0
RES_1229,304,13,1,0,Aile,Yarim_Pansiyon,1,0,0,1
RES_1230,276,13,2,3,Standart,Yarim_Pansiyon,1,0,0,0
RES_1231,286,7,2,2,Suit,Kahvalti_Dahil,0,0,0,1
RES_1232,300,8,2,0,Standart,Her_Sey_Dahil,1,1,0,0
RES_1233,96,11,3,3,Suit,Yarim_Pansiyon,1,0,0,1
RES_1234,213,12,3,2,Aile,Kahvalti_Dahil,0,1,1,1
RES_1235,122,10,1,1,Standart,Kahvalti_Dahil,1,0,0,0
RES_1236,269,7,2,3,Suit,Kahvalti_Dahil,1,1,1,0
RES_1237,128,11,1,2,Standart,Her_Sey_Dahil,1,0,0,0
RES_1238,23,6,2,1,Aile,Kahvalti_Dahil,1,0,0,0
RES_1239,149,4,3,1,Suit,Her_Sey_Dahil,0,0,0,0
RES_1240,112,1,3,0,Standart,Kahvalti_Dahil,0,1,0,0
RES_1241,322,5,2,3,Suit,Yarim_Pansiyon,1,0,0,0
RES_1242,307,13,2,2,Kral,Kahvalti_Dahil,1,0,0,0
RES_1243,220,9,4,2,Kral,Kahvalti_Dahil,0,1,1,1
RES_1244,109,9,3,0,Standart,Her_Sey_Dahil,1,1,1,1
RES_1245,98,11,1,2,Aile,Her_Sey_Dahil,0,1,1,1
RES_1246,201,9,1,1,Aile,Her_Sey_Dahil,0,0,0,0
RES_1247,9,4,3,3,Aile,Yarim_Pansiyon,0,0,0,0
RES_1248,277,5,3,3,Aile,Kahvalti_Dahil,1,0,0,0
RES_1249,270,11,3,1,Kral,Her_Sey_Dahil,0,1,1,1
RES_1250,78,8,3,3,Aile,Yarim_Pansiyon,1,1,0,0
RES_1251,219,12,3,2,Kral,Kahvalti_Dahil,0,0,0,1
RES_1252,222,6,2,3,Standart,Her_Sey_Dahil,0,1,1,0
RES_1253,101,13,1,2,Aile,Her_Sey_Dahil,0,1,1,0
RES_1254,31,1,1,0,Standart,Her_Sey_Dahil,1,1,0,0
RES_1255,292,8,4,3,Aile,Her_Sey_Dahil,0,1,0,0
RES_1256,35,12,3,0,Suit,Kahvalti_Dahil,1,1,0,0
RES_1257,358,1,1,0,Kral,Her_Sey_Dahil,0,0,0,0
RES_1258,358,14,3,1,Standart,Her_Sey_Dahil,1,1,0,0
RES_1259,27,13,4,2,Kral,Kahvalti_Dahil,0,1,0,0
RES_1260,68,3,4,3,Kral,Yarim_Pansiyon,1,0,0,0
RES_1261,20,3,3,2,Standart,Yarim_Pansiyon,1,0,0,0
RES_1262,273,9,1,1,Kral,Yarim_Pansiyon,1,1,0,0
RES_1263,304,1,1,1,Standart,Yarim_Pansiyon,1,1,1,0
RES_1264,330,14,3,2,Standart,Her_Sey_Dahil,0,0,0,0
RES_1265,110,6,2,1,Suit,Yarim_Pansiyon,0,1,0,0
RES_1266,197,10,2,1,Suit,Her_Sey_Dahil,1,1,0,0
RES_1267,145,6,3,3,Standart,Her_Sey_Dahil,0,0,0,1
RES_1268,149,13,3,2,Aile,Her_Sey_Dahil,0,0,0,1
RES_1269,216,8,1,1,Aile,Her_Sey_Dahil,1,0,0,0
RES_1270,150,5,3,2,Standart,Yarim_Pansiyon,0,0,0,1
RES_1271,251,4,1,3,Aile,Her_Sey_Dahil,1,0,0,0
RES_1272,162,12,1,0,Kral,Kahvalti_Dahil,0,1,1,0
RES_1273,121,1,2,1,Aile,Her_Sey_Dahil,1,0,0,1
RES_1274,256,6,3,3,Kral,Kahvalti_Dahil,1,1,1,0
RES_1275,250,11,2,3,Standart,Yarim_Pansiyon,1,1,1,1
RES_1276,112,14,3,2,Kral,Yarim_Pansiyon,0,0,0,0
RES_1277,244,5,4,2,Standart,Yarim_Pansiyon,1,1,1,0
RES_1278,200,8,4,3,Kral,Yarim_Pansiyon,0,1,1,0
RES_1279,92,5,3,3,Aile,Yarim_Pansiyon,1,0,0,0
RES_1280,333,10,1,1,Standart,Her_Sey_Dahil,1,1,1,1
RES_1281,262,12,2,1,Aile,Her_Sey_Dahil,1,1,0,0
RES_1282,244,5,2,2,Kral,Kahvalti_Dahil,1,1,1,0
RES_1283,80,9,2,1,Standart,Kahvalti_Dahil,1,1,0,0
RES_1284,215,11,4,0,Standart,Kahvalti_Dahil,0,0,0,0
RES_1285,297,7,2,1,Kral,Yarim_Pansiyon,1,0,0,1
RES_1286,234,6,3,2,Aile,Yarim_Pansiyon,1,0,0,1
RES_1287,161,4,2,2,Suit,Her_Sey_Dahil,0,0,0,1
RES_1288,19,13,3,1,Standart,Kahvalti_Dahil,0,0,0,0
RES_1289,51,9,1,0,Suit,Kahvalti_Dahil,0,1,0,0
RES_1290,165,7,3,3,Suit,Her_Sey_Dahil,0,1,0,0
RES_1291,302,4,4,2,Standart,Yarim_Pansiyon,1,1,0,0
RES_1292,171,3,1,3,Kral,Yarim_Pansiyon,1,1,1,1
RES_1293,130,5,2,3,Aile,Her_Sey_Dahil,0,1,1,1
RES_1294,322,2,4,2,Kral,Kahvalti_Dahil,1,1,1,1
RES_1295,64,6,3,3,Standart,Kahvalti_Dahil,1,1,1,1
RES_1296,38,4,4,2,Aile,Kahvalti_Dahil,1,1,1,0
RES_1297,145,3,2,0,Aile,Yarim_Pansiyon,0,1,0,0
RES_1298,330,8,4,2,Kral,Kahvalti_Dahil,1,0,0,0
RES_1299,117,4,3,2,Aile,Kahvalti_Dahil,1,1,1,0
RES_1300,75,6,2,0,Standart,Her_Sey_Dahil,0,1,0,0
RES_1301,223,1,2,3,Suit,Yarim_Pansiyon,0,0,0,1
RES_1302,1,12,2,2,Suit,Kahvalti_Dahil,0,0,0,0
RES_1303,240,6,3,1,Suit,Her_Sey_Dahil,1,1,0,0
RES_1304,140,5,3,0,Suit,Her_Sey_Dahil,0,0,0,0
RES_1305,174,12,4,3,Standart,Kahvalti_Dahil,0,1,1,1
RES_1306,123,14,3,1,Kral,Yarim_Pansiyon,0,1,0,0
RES_1307,78,8,3,0,Suit,Her_Sey_Dahil,0,1,1,0
RES_1308,253,1,4,0,Suit,Yarim_Pansiyon,0,0,0,0
RES_1309,303,3,1,3,Aile,Yarim_Pansiyon,1,0,0,0
RES_1310,149,11,3,2,Kral,Yarim_Pansiyon,1,0,0,0
RES_1311,340,4,4,2,Suit,Her_Sey_Dahil,1,0,0,1
RES_1312,361,12,4,2,Kral,Kahvalti_Dahil,1,0,0,0
RES_1313,343,13,3,2,Suit,Kahvalti_Dahil,0,1,1,1
RES_1314,185,13,1,2,Standart,Yarim_Pansiyon,0,0,0,0
RES_1315,97,2,4,0,Suit,Kahvalti_Dahil,0,1,0,1
RES_1316,256,5,2,2,Kral,Yarim_Pansiyon,1,1,0,0
RES_1317,292,10,2,3,Suit,Her_Sey_Dahil,1,0,0,0
RES_1318,88,1,3,0,Aile,Her_Sey_Dahil,1,1,1,1
RES_1319,123,6,4,2,Standart,Kahvalti_Dahil,0,1,0,0
RES_1320,27,3,1,3,Kral,Kahvalti_Dahil,0,1,0,0
RES_1321,46,9,3,3,Aile,Yarim_Pansiyon,0,0,0,0
RES_1322,321,14,1,2,Aile,Kahvalti_Dahil,1,0,0,0
RES_1323,83,14,4,0,Kral,Kahvalti_Dahil,0,1,0,0
RES_1324,138,12,1,3,Suit,Yarim_Pansiyon,0,0,0,0
RES_1325,206,6,3,1,Kral,Her_Sey_Dahil,0,0,0,1
RES_1326,312,1,4,1,Standart,Her_Sey_Dahil,1,1,0,1
RES_1327,188,5,3,2,Kral,Her_Sey_Dahil,1,0,0,0
RES_1328,159,12,3,2,Suit,Yarim_Pansiyon,0,1,1,1
RES_1329,206,7,3,3,Kral,Her_Sey_Dahil,1,0,0,1
RES_1330,23,3,2,0,Suit,Yarim_Pansiyon,1,0,0,0
RES_1331,269,12,4,1,Aile,Kahvalti_Dahil,0,0,0,0
RES_1332,340,2,1,3,Kral,Her_Sey_Dahil,1,1,0,0
RES_1333,222,3,1,1,Suit,Her_Sey_Dahil,1,1,0,0
RES_1334,174,7,4,0,Suit,Her_Sey_Dahil,0,1,0,0
RES_1335,322,7,4,3,Suit,Yarim_Pansiyon,0,0,0,1
RES_1336,336,13,2,1,Aile,Yarim_Pansiyon,1,0,0,1
RES_1337,65,12,1,2,Kral,Kahvalti_Dahil,0,1,0,0
RES_1338,314,1,1,0,Kral,Her_Sey_Dahil,0,0,0,0
RES_1339,235,5,2,2,Kral,Kahvalti_Dahil,0,0,0,0
RES_1340,20,2,1,2,Kral,Her_Sey_Dahil,0,1,1,1
RES_1341,215,2,4,2,Kral,Kahvalti_Dahil,0,1,1,0
RES_1342,341,11,4,3,Standart,Kahvalti_Dahil,0,1,1,1
RES_1343,112,12,2,2,Aile,Yarim_Pansiyon,1,0,0,0
RES_1344,131,5,1,2,Standart,Yarim_Pansiyon,0,0,0,1
RES_1345,108,12,2,0,Aile,Kahvalti_Dahil,0,0,0,0
RES_1346,161,7,3,2,Aile,Yarim_Pansiyon,0,1,1,1
RES_1347,219,12,2,2,Aile,Her_Sey_Dahil,1,1,0,1
RES_1348,260,7,3,2,Standart,Kahvalti_Dahil,0,1,1,0
RES_1349,140,7,1,0,Suit,Her_Sey_Dahil,0,0,0,0
RES_1350,315,2,3,3,Aile,Kahvalti_Dahil,1,1,1,1
RES_1351,42,2,4,0,Aile,Yarim_Pansiyon,1,1,1,0
RES_1352,135,8,4,1,Standart,Kahvalti_Dahil,0,0,0,0
RES_1353,23,1,4,2,Aile,Yarim_Pansiyon,1,1,1,0
RES_1354,167,12,4,0,Kral,Her_Sey_Dahil,1,1,0,0
RES_1355,116,1,1,0,Standart,Her_Sey_Dahil,0,0,0,0
RES_1356,135,10,3,0,Aile,Kahvalti_Dahil,0,0,0,1
RES_1357,210,7,2,2,Kral,Her_Sey_Dahil,1,0,0,0
RES_1358,2,14,2,1,Kral,Her_Sey_Dahil,0,0,0,0
RES_1359,284,4,4,1,Kral,Kahvalti_Dahil,1,1,1,1
RES_1360,338,11,1,2,Standart,Yarim_Pansiyon,0,0,0,0
RES_1361,354,8,1,1,Standart,Her_Sey_Dahil,0,0,0,0
RES_1362,125,1,4,1,Aile,Yarim_Pansiyon,1,1,0,0
RES_1363,126,6,3,2,Aile,Her_Sey_Dahil,1,0,0,0
RES_1364,69,2,3,3,Kral,Yarim_Pansiyon,1,0,0,0
RES_1365,69,9,4,1,Standart,Yarim_Pansiyon,1,1,1,1
RES_1366,75,3,2,1,Kral,Yarim_Pansiyon,0,0,0,0
RES_1367,159,4,3,3,Aile,Kahvalti_Dahil,0,1,0,0
RES_1368,195,8,4,2,Suit,Yarim_Pansiyon,1,1,1,1
RES_1369,348,14,2,1,Aile,Her_Sey_Dahil,0,1,0,0
RES_1370,145,4,1,3,Standart,Kahvalti_Dahil,1,0,0,1
RES_1371,40,11,2,3,Standart,Her_Sey_Dahil,0,1,1,1
RES_1372,318,10,3,0,Aile,Her_Sey_Dahil,0,1,1,1
RES_1373,103,3,4,2,Suit,Yarim_Pansiyon,1,0,0,0
RES_1374,41,13,4,0,Kral,Kahvalti_Dahil,0,1,0,0
RES_1375,230,4,2,1,Kral,Her_Sey_Dahil,0,0,0,0
RES_1376,312,5,2,2,Kral,Kahvalti_Dahil,1,0,0,1
RES_1377,26,9,3,3,Aile,Her_Sey_Dahil,0,1,1,0
RES_1378,65,2,2,1,Aile,Yarim_Pansiyon,0,1,0,0
RES_1379,191,3,1,1,Kral,Yarim_Pansiyon,0,1,1,1
RES_1380,214,7,1,2,Suit,Kahvalti_Dahil,0,1,1,1
RES_1381,341,5,2,3,Suit,Her_Sey_Dahil,0,1,0,0
RES_1382,363,3,1,2,Kral,Yarim_Pansiyon,0,0,0,0
RES_1383,100,3,4,3,Standart,Her_Sey_Dahil,0,1,1,0
RES_1384,250,12,4,3,Standart,Yarim_Pansiyon,0,0,0,0
RES_1385,222,9,1,0,Suit,Her_Sey_Dahil,0,0,0,1
RES_1386,124,12,2,2,Standart,Her_Sey_Dahil,1,1,0,1
RES_1387,137,14,2,2,Aile,Kahvalti_Dahil,0,0,0,0
RES_1388,55,4,4,1,Standart,Her_Sey_Dahil,0,1,1,1
RES_1389,114,1,4,0,Kral,Kahvalti_Dahil,0,1,1,0
RES_1390,203,12,4,3,Suit,Kahvalti_Dahil,1,1,0,0
RES_1391,139,13,2,1,Suit,Her_Sey_Dahil,1,1,1,1
RES_1392,153,12,1,1,Aile,Yarim_Pansiyon,0,0,0,0
RES_1393,229,4,4,1,Aile,Yarim_Pansiyon,1,0,0,0
RES_1394,331,4,2,3,Kral,Kahvalti_Dahil,1,1,0,0
RES_1395,161,6,1,1,Aile,Kahvalti_Dahil,0,1,1,1
RES_1396,255,5,1,0,Kral,Kahvalti_Dahil,0,0,0,0
RES_1397,73,12,2,1,Kral,Yarim_Pansiyon,1,0,0,0
RES_1398,58,2,2,3,Kral,Her_Sey_Dahil,0,0,0,0
RES_1399,312,8,2,2,Aile,Kahvalti_Dahil,0,0,0,0
RES_1400,37,2,2,0,Standart,Her_Sey_Dahil,0,0,0,0
RES_1401,116,7,3,2,Kral,Her_Sey_Dahil,0,1,1,1
RES_1402,74,9,4,2,Standart,Yarim_Pansiyon,0,0,0,0
RES_1403,357,1,2,1,Standart,Her_Sey_Dahil,0,1,1,1
RES_1404,297,7,1,1,Aile,Yarim_Pansiyon,0,1,0,0
RES_1405,358,12,4,2,Suit,Yarim_Pansiyon,1,1,0,1
RES_1406,248,7,4,1,Aile,Her_Sey_Dahil,0,1,1,0
RES_1407,361,9,4,2,Suit,Kahvalti_Dahil,1,1,1,0
RES_1408,357,1,3,2,Suit,Her_Sey_Dahil,1,0,0,0
RES_1409,212,3,3,1,Standart,Her_Sey_Dahil,0,0,0,1
RES_1410,95,9,2,1,Aile,Her_Sey_Dahil,0,1,0,0
RES_1411,188,5,4,2,Standart,Kahvalti_Dahil,0,1,1,1
RES_1412,227,14,3,0,Aile,Her_Sey_Dahil,1,0,0,0
RES_1413,337,5,1,2,Kral,Her_Sey_Dahil,1,1,1,0
RES_1414,231,10,2,0,Kral,Kahvalti_Dahil,1,0,0,0
RES_1415,343,3,4,0,Suit,Kahvalti_Dahil,1,1,1,1
RES_1416,277,1,1,2,Suit,Yarim_Pansiyon,1,0,0,0
RES_1417,332,14,3,3,Suit,Kahvalti_Dahil,0,1,0,0
RES_1418,20,7,4,2,Standart,Her_Sey_Dahil,1,0,0,0
RES_1419,111,6,3,2,Suit,Yarim_Pansiyon,0,0,0,1
RES_1420,162,11,4,3,Aile,Her_Sey_Dahil,0,1,0,0
RES_1421,82,14,1,0,Standart,Yarim_Pansiyon,1,0,0,0
RES_1422,7,13,4,1,Aile,Her_Sey_Dahil,0,0,0,0
RES_1423,340,8,2,3,Kral,Her_Sey_Dahil,0,0,0,0
RES_1424,32,5,2,0,Kral,Yarim_Pansiyon,1,0,0,0
RES_1425,238,5,4,2,Suit,Kahvalti_Dahil,0,0,0,0
RES_1426,315,6,4,1,Standart,Kahvalti_Dahil,0,0,0,0
RES_1427,5,14,3,3,Kral,Kahvalti_Dahil,1,0,0,0
RES_1428,245,9,1,3,Kral,Yarim_Pansiyon,0,1,0,1
RES_1429,124,11,1,0,Aile,Her_Sey_Dahil,1,0,0,0
RES_1430,335,10,2,1,Standart,Kahvalti_Dahil,0,1,1,1
RES_1431,215,11,3,2,Suit,Yarim_Pansiyon,0,1,1,1
RES_1432,161,3,4,1,Suit,Kahvalti_Dahil,1,0,0,0
RES_1433,243,14,1,3,Kral,Kahvalti_Dahil,0,1,1,1
RES_1434,93,8,3,2,Standart,Kahvalti_Dahil,0,1,0,0
RES_1435,297,3,4,3,Suit,Her_Sey_Dahil,1,0,0,0
RES_1436,245,7,2,1,Aile,Her_Sey_Dahil,1,1,0,0
RES_1437,58,10,1,3,Kral,Her_Sey_Dahil,0,0,0,0
RES_1438,216,8,1,2,Standart,Kahvalti_Dahil,0,1,1,1
RES_1439,183,7,3,0,Kral,Kahvalti_Dahil,0,0,0,1
RES_1440,25,2,3,3,Standart,Her_Sey_Dahil,1,0,0,0
RES_1441,247,9,2,2,Kral,Yarim_Pansiyon,1,0,0,0
RES_1442,334,10,4,0,Aile,Kahvalti_Dahil,1,1,0,1
RES_1443,356,9,1,1,Aile,Yarim_Pansiyon,0,0,0,1
RES_1444,208,2,1,0,Standart,Her_Sey_Dahil,1,0,0,1
RES_1445,133,6,4,1,Aile,Kahvalti_Dahil,1,1,1,0
RES_1446,214,1,3,3,Kral,Yarim_Pansiyon,0,0,0,0
RES_1447,180,6,3,1,Kral,Yarim_Pansiyon,0,0,0,0
RES_1448,250,7,1,2,Kral,Kahvalti_Dahil,0,1,0,1
RES_1449,339,10,3,2,Standart,Kahvalti_Dahil,1,0,0,1
RES_1450,93,7,2,1,Suit,Yarim_Pansiyon,1,1,1,1
RES_1451,239,1,4,2,Standart,Kahvalti_Dahil,0,1,0,1
RES_1452,269,12,3,2,Standart,Yarim_Pansiyon,1,1,0,1
RES_1453,119,3,4,3,Suit,Kahvalti_Dahil,0,0,0,0
RES_1454,276,12,2,0,Standart,Her_Sey_Dahil,0,1,1,0
RES_1455,347,12,4,2,Kral,Yarim_Pansiyon,1,1,1,0
RES_1456,64,1,2,2,Aile,Her_Sey_Dahil,1,0,0,0
RES_1457,243,4,4,3,Suit,Yarim_Pansiyon,0,0,0,0
RES_1458,217,2,1,3,Kral,Kahvalti_Dahil,1,1,0,0
RES_1459,97,8,4,0,Suit,Her_Sey_Dahil,1,1,1,0
RES_1460,165,12,3,0,Aile,Kahvalti_Dahil,0,0,0,1
RES_1461,92,4,3,0,Standart,Her_Sey_Dahil,1,0,0,0
RES_1462,220,1,4,1,Aile,Kahvalti_Dahil,0,1,1,0
RES_1463,40,1,3,0,Kral,Yarim_Pansiyon,1,1,1,1
RES_1464,293,11,3,0,Suit,Kahvalti_Dahil,1,0,0,0
RES_1465,254,2,2,2,Kral,Yarim_Pansiyon,1,1,0,0
RES_1466,280,10,2,1,Kral,Yarim_Pansiyon,1,1,0,0
RES_1467,2,1,1,0,Kral,Yarim_Pansiyon,0,0,0,0
RES_1468,26,3,1,1,Standart,Kahvalti_Dahil,0,0,0,0
RES_1469,66,8,2,0,Kral,Kahvalti_Dahil,0,0,0,0
RES_1470,328,5,1,2,Kral,Her_Sey_Dahil,0,1,0,0
RES_1471,186,1,3,1,Standart,Yarim_Pansiyon,0,1,1,0
RES_1472,2,14,4,3,Suit,Yarim_Pansiyon,0,1,1,1
RES_1473,363,11,4,1,Aile,Kahvalti_Dahil,1,1,0,0
RES_1474,337,9,2,0,Kral,Kahvalti_Dahil,0,1,1,1
RES_1475,72,11,2,3,Aile,Her_Sey_Dahil,1,0,0,0
RES_1476,228,9,4,1,Aile,Yarim_Pansiyon,0,1,0,0
RES_1477,228,12,1,0,Kral,Kahvalti_Dahil,1,0,0,0
RES_1478,294,12,2,0,Standart,Kahvalti_Dahil,1,1,0,0
RES_1479,61,14,2,2,Suit,Yarim_Pansiyon,1,0,0,0
RES_1480,192,4,1,2,Aile,Kahvalti_Dahil,0,1,0,1
RES_1481,104,7,3,2,Kral,Kahvalti_Dahil,0,0,0,0
RES_1482,102,2,2,1,Aile,Yarim_Pansiyon,1,1,1,1
RES_1483,109,1,4,0,Kral,Kahvalti_Dahil,0,1,0,1
RES_1484,231,4,1,0,Suit,Kahvalti_Dahil,0,1,0,1
RES_1485,323,7,1,1,Standart,Her_Sey_Dahil,1,1,0,0
RES_1486,42,3,1,1,Standart,Yarim_Pansiyon,1,0,0,0
RES_1487,95,2,1,1,Kral,Her_Sey_Dahil,0,0,0,1
RES_1488,117,12,3,2,Standart,Kahvalti_Dahil,1,1,0,0
RES_1489,43,8,2,2,Aile,Her_Sey_Dahil,0,1,1,0
RES_1490,222,2,3,0,Kral,Kahvalti_Dahil,0,0,0,1
RES_1491,118,13,3,3,Suit,Her_Sey_Dahil,0,1,0,1
RES_1492,328,1,3,2,Aile,Kahvalti_Dahil,1,0,0,0
RES_1493,140,12,1,3,Standart,Yarim_Pansiyon,1,1,1,0
RES_1494,30,6,3,3,Standart,Kahvalti_Dahil,0,1,1,0
RES_1495,248,6,2,3,Kral,Kahvalti_Dahil,1,0,0,0
RES_1496,34,1,4,1,Kral,Yarim_Pansiyon,1,1,0,0
RES_1497,239,13,4,0,Suit,Yarim_Pansiyon,1,1,1,1
RES_1498,229,5,2,0,Suit,Her_Sey_Dahil,0,1,0,0
RES_1499,241,9,3,1,Standart,Kahvalti_Dahil,1,0,0,1
RES_1500,183,3,1,2,Standart,Her_Sey_Dahil,1,1,1,0
RES_1501,235,12,3,1,Aile,Kahvalti_Dahil,1,0,0,1
RES_1502,339,9,1,1,Aile,Kahvalti_Dahil,0,0,0,1
RES_1503,190,4,2,3,Suit,Kahvalti_Dahil,1,1,1,1
RES_1504,252,6,1,3,Kral,Yarim_Pansiyon,1,0,0,0
RES_1505,281,6,4,3,Suit,Her_Sey_Dahil,1,1,0,1
RES_1506,143,12,1,3,Suit,Kahvalti_Dahil,0,1,1,0
RES_1507,311,2,1,2,Standart,Kahvalti_Dahil,1,1,1,1
RES_1508,74,5,2,3,Kral,Kahvalti_Dahil,1,1,0,0
RES_1509,246,10,2,1,Kral,Her_Sey_Dahil,0,1,0,1
RES_1510,254,2,1,2,Standart,Her_Sey_Dahil,1,1,0,0
RES_1511,96,6,4,1,Standart,Her_Sey_Dahil,1,1,0,0
RES_1512,134,13,3,1,Standart,Kahvalti_Dahil,1,1,0,0
RES_1513,88,8,4,2,Suit,Her_Sey_Dahil,1,0,0,0
RES_1514,207,2,4,1,Aile,Yarim_Pansiyon,1,0,0,0
RES_1515,177,8,2,2,Standart,Yarim_Pansiyon,0,0,0,1
RES_1516,249,6,4,2,Suit,Kahvalti_Dahil,1,0,0,0
RES_1517,271,11,2,3,Standart,Yarim_Pansiyon,0,0,0,0
RES_1518,150,8,2,3,Kral,Kahvalti_Dahil,1,1,0,0
RES_1519,11,12,1,1,Aile,Yarim_Pansiyon,0,0,0,0
RES_1520,284,3,1,0,Kral,Yarim_Pansiyon,1,1,0,0
RES_1521,56,1,1,2,Aile,Kahvalti_Dahil,1,0,0,0
RES_1522,230,2,1,3,Aile,Kahvalti_Dahil,0,1,1,0
RES_1523,47,13,1,2,Suit,Yarim_Pansiyon,0,0,0,1
RES_1524,264,3,3,2,Kral,Her_Sey_Dahil,1,1,1,1
RES_1525,272,2,4,1,Suit,Her_Sey_Dahil,1,1,0,0
RES_1526,167,5,1,1,Standart,Yarim_Pansiyon,1,1,1,1
RES_1527,106,5,1,0,Standart,Her_Sey_Dahil,1,1,0,0
RES_1528,272,8,1,2,Suit,Her_Sey_Dahil,0,0,0,1
RES_1529,303,14,1,3,Aile,Yarim_Pansiyon,1,1,1,1
RES_1530,249,14,1,2,Standart,Her_Sey_Dahil,1,1,1,1
RES_1531,223,13,3,0,Kral,Her_Sey_Dahil,1,1,1,0
RES_1532,66,6,3,3,Standart,Her_Sey_Dahil,0,1,0,0
RES_1533,64,1,4,1,Aile,Yarim_Pansiyon,0,1,0,0
RES_1534,357,13,3,0,Aile,Kahvalti_Dahil,0,1,0,0
RES_1535,47,13,2,3,Suit,Her_Sey_Dahil,0,1,1,0
RES_1536,347,1,4,2,Aile,Kahvalti_Dahil,1,0,0,0
RES_1537,305,6,4,1,Kral,Her_Sey_Dahil,0,0,0,0
RES_1538,10,9,1,1,Suit,Her_Sey_Dahil,1,0,0,0
RES_1539,64,5,1,1,Suit,Her_Sey_Dahil,0,0,0,0
RES_1540,168,12,4,0,Standart,Her_Sey_Dahil,1,0,0,0
RES_1541,280,7,1,0,Kral,Her_Sey_Dahil,0,0,0,0
RES_1542,127,9,2,0,Suit,Kahvalti_Dahil,0,0,0,0
RES_1543,191,4,3,3,Aile,Kahvalti_Dahil,1,1,0,1
RES_1544,315,14,4,0,Suit,Her_Sey_Dahil,1,0,0,1
RES_1545,276,6,2,0,Kral,Her_Sey_Dahil,0,1,0,0
RES_1546,139,14,4,0,Suit,Yarim_Pansiyon,1,0,0,1
RES_1547,146,1,4,1,Suit,Yarim_Pansiyon,0,1,0,0
RES_1548,94,6,3,3,Aile,Yarim_Pansiyon,1,1,1,1
RES_1549,19,5,1,1,Kral,Kahvalti_Dahil,1,1,0,0
RES_1550,214,9,1,1,Standart,Her_Sey_Dahil,1,0,0,1
RES_1551,279,8,2,3,Standart,Kahvalti_Dahil,0,0,0,0
RES_1552,202,8,3,2,Kral,Her_Sey_Dahil,1,1,0,0
RES_1553,105,11,1,0,Aile,Yarim_Pansiyon,1,1,1,0
RES_1554,175,9,4,0,Aile,Her_Sey_Dahil,0,0,0,1
RES_1555,140,10,2,0,Suit,Yarim_Pansiyon,1,0,0,0
RES_1556,344,14,3,0,Suit,Yarim_Pansiyon,0,1,1,1
RES_1557,265,7,1,3,Standart,Yarim_Pansiyon,0,1,1,0
RES_1558,4,13,1,0,Standart,Yarim_Pansiyon,0,1,1,0
RES_1559,225,14,2,2,Aile,Her_Sey_Dahil,1,1,0,1
RES_1560,56,3,1,2,Standart,Yarim_Pansiyon,0,0,0,0
RES_1561,169,7,4,0,Standart,Yarim_Pansiyon,0,0,0,1
RES_1562,210,14,3,2,Kral,Her_Sey_Dahil,1,1,1,1
RES_1563,256,10,2,1,Aile,Her_Sey_Dahil,0,1,0,0
RES_1564,110,12,3,0,Suit,Her_Sey_Dahil,0,0,0,1
RES_1565,362,5,1,3,Aile,Her_Sey_Dahil,0,0,0,0
RES_1566,212,9,2,0,Suit,Kahvalti_Dahil,0,1,0,1
RES_1567,39,7,3,2,Standart,Yarim_Pansiyon,1,1,1,0
RES_1568,157,6,1,1,Aile,Her_Sey_Dahil,0,0,0,0
RES_1569,265,6,3,1,Standart,Yarim_Pansiyon,0,1,1,0
RES_1570,73,6,3,2,Aile,Her_Sey_Dahil,0,0,0,0
RES_1571,271,2,3,2,Suit,Kahvalti_Dahil,0,1,1,0
RES_1572,32,3,2,2,Suit,Kahvalti_Dahil,1,0,0,0
RES_1573,291,14,3,2,Suit,Yarim_Pansiyon,0,0,0,1
RES_1574,319,8,3,3,Suit,Her_Sey_Dahil,0,0,0,1
RES_1575,49,13,4,1,Standart,Her_Sey_Dahil,0,0,0,0
RES_1576,168,4,1,1,Kral,Yarim_Pansiyon,1,0,0,1
RES_1577,338,4,2,3,Suit,Her_Sey_Dahil,1,0,0,0
RES_1578,194,13,3,0,Suit,Her_Sey_Dahil,1,1,1,1
RES_1579,169,14,3,0,Suit,Her_Sey_Dahil,1,0,0,1
RES_1580,297,4,3,1,Standart,Yarim_Pansiyon,0,0,0,0
RES_1581,303,9,4,1,Suit,Kahvalti_Dahil,1,1,0,0
RES_1582,194,1,4,0,Standart,Kahvalti_Dahil,0,1,0,0
RES_1583,172,2,1,1,Aile,Yarim_Pansiyon,1,1,0,0
RES_1584,319,1,1,1,Aile,Yarim_Pansiyon,0,0,0,0
RES_1585,230,10,1,1,Aile,Yarim_Pansiyon,0,1,0,0
RES_1586,347,8,4,2,Suit,Kahvalti_Dahil,0,0,0,0
RES_1587,251,8,1,2,Standart,Kahvalti_Dahil,0,1,1,0
RES_1588,155,11,1,2,Suit,Kahvalti_Dahil,1,0,0,1
RES_1589,91,7,2,1,Standart,Kahvalti_Dahil,1,0,0,0
RES_1590,113,9,4,1,Kral,Kahvalti_Dahil,1,1,0,0
RES_1591,176,5,3,2,Kral,Yarim_Pansiyon,1,0,0,0
RES_1592,143,6,4,2,Aile,Yarim_Pansiyon,1,1,1,1
RES_1593,98,7,3,3,Suit,Yarim_Pansiyon,0,0,0,1
RES_1594,55,7,3,1,Kral,Her_Sey_Dahil,0,1,1,1
RES_1595,23,13,3,0,Standart,Yarim_Pansiyon,1,1,0,0
RES_1596,32,13,3,0,Suit,Her_Sey_Dahil,0,1,0,0
RES_1597,112,4,4,1,Kral,Her_Sey_Dahil,1,0,0,0
RES_1598,194,9,3,1,Standart,Yarim_Pansiyon,1,1,1,0
RES_1599,349,12,2,3,Suit,Yarim_Pansiyon,0,1,0,0
RES_1600,171,1,3,0,Suit,Yarim_Pansiyon,1,0,0,0
RES_1601,75,4,1,1,Suit,Her_Sey_Dahil,1,1,0,0
RES_1602,66,1,4,0,Standart,Her_Sey_Dahil,0,1,0,0
RES_1603,60,8,2,2,Aile,Kahvalti_Dahil,0,0,0,0
RES_1604,52,2,1,0,Kral,Kahvalti_Dahil,0,1,0,0
RES_1605,351,12,4,0,Kral,Her_Sey_Dahil,0,1,0,0
RES_1606,324,8,1,0,Suit,Yarim_Pansiyon,0,1,1,1
RES_1607,238,5,3,2,Kral,Yarim_Pansiyon,1,1,1,1
RES_1608,52,6,2,3,Kral,Kahvalti_Dahil,1,0,0,0
RES_1609,230,5,1,1,Kral,Her_Sey_Dahil,0,1,0,1
RES_1610,122,8,1,3,Suit,Yarim_Pansiyon,1,1,1,1
RES_1611,316,13,4,0,Aile,Yarim_Pansiyon,0,0,0,0
RES_1612,112,1,2,1,Suit,Yarim_Pansiyon,0,0,0,0
RES_1613,54,9,3,0,Suit,Yarim_Pansiyon,0,0,0,0
RES_1614,160,9,1,1,Aile,Her_Sey_Dahil,1,0,0,0
RES_1615,42,4,2,0,Kral,Kahvalti_Dahil,1,0,0,0
RES_1616,318,6,2,0,Kral,Kahvalti_Dahil,0,1,0,1
RES_1617,272,3,1,0,Suit,Kahvalti_Dahil,0,1,0,0
RES_1618,101,5,2,1,Standart,Kahvalti_Dahil,0,0,0,0
RES_1619,35,6,2,0,Aile,Her_Sey_Dahil,1,1,0,0
RES_1620,89,10,4,0,Aile,Her_Sey_Dahil,0,1,0,0
RES_1621,121,9,2,2,Standart,Her_Sey_Dahil,0,0,0,0
RES_1622,212,8,2,1,Standart,Her_Sey_Dahil,0,0,0,1
RES_1623,289,9,2,2,Suit,Yarim_Pansiyon,0,1,0,1
RES_1624,313,3,3,0,Aile,Yarim_Pansiyon,1,1,1,0
RES_1625,225,14,4,3,Suit,Kahvalti_Dahil,1,0,0,0
RES_1626,108,11,4,1,Standart,Yarim_Pansiyon,1,1,1,1
RES_1627,6,3,3,0,Standart,Yarim_Pansiyon,0,0,0,0
RES_1628,322,11,4,1,Kral,Yarim_Pansiyon,0,1,1,0
RES_1629,79,13,1,2,Standart,Yarim_Pansiyon,1,1,1,0
RES_1630,157,9,4,3,Suit,Kahvalti_Dahil,1,0,0,0
RES_1631,81,14,4,1,Kral,Her_Sey_Dahil,1,0,0,0
RES_1632,168,1,1,2,Standart,Kahvalti_Dahil,1,1,0,1
RES_1633,49,1,3,1,Aile,Yarim_Pansiyon,0,1,0,0
RES_1634,31,3,1,2,Suit,Her_Sey_Dahil,1,0,0,0
RES_1635,219,2,4,0,Suit,Her_Sey_Dahil,1,0,0,0
RES_1636,313,9,2,3,Suit,Kahvalti_Dahil,0,1,1,0
RES_1637,292,1,2,3,Kral,Yarim_Pansiyon,1,0,0,0
RES_1638,140,8,3,3,Aile,Yarim_Pansiyon,1,1,1,0
RES_1639,116,4,1,3,Standart,Kahvalti_Dahil,1,1,0,0
RES_1640,338,2,3,1,Suit,Yarim_Pansiyon,1,0,0,0
RES_1641,6,13,1,0,Standart,Her_Sey_Dahil,1,0,0,0
RES_1642,42,1,4,1,Suit,Her_Sey_Dahil,0,1,1,1
RES_1643,140,5,2,3,Suit,Yarim_Pansiyon,1,1,0,0
RES_1644,33,13,2,2,Suit,Her_Sey_Dahil,0,0,0,0
RES_1645,60,10,2,0,Suit,Her_Sey_Dahil,1,0,0,0
RES_1646,57,6,2,0,Aile,Her_Sey_Dahil,1,1,0,0
RES_1647,356,13,1,1,Suit,Kahvalti_Dahil,1,1,1,1
RES_1648,134,5,1,1,Standart,Yarim_Pansiyon,0,0,0,1
RES_1649,169,6,1,1,Aile,Kahvalti_Dahil,1,1,1,0
RES_1650,187,13,3,0,Kral,Her_Sey_Dahil,1,0,0,0
RES_1651,305,7,1,3,Aile,Yarim_Pansiyon,1,0,0,1
RES_1652,220,9,3,1,Standart,Kahvalti_Dahil,0,0,0,0
RES_1653,252,14,2,3,Standart,Her_Sey_Dahil,0,0,0,1
RES_1654,269,6,2,1,Kral,Yarim_Pansiyon,0,1,0,0
RES_1655,291,3,1,1,Suit,Her_Sey_Dahil,0,0,0,0
RES_1656,158,1,2,3,Kral,Kahvalti_Dahil,1,0,0,1
RES_1657,27,11,1,3,Standart,Kahvalti_Dahil,0,0,0,0
RES_1658,357,5,3,1,Kral,Kahvalti_Dahil,1,1,1,0
RES_1659,86,2,1,1,Kral,Kahvalti_Dahil,0,0,0,0
RES_1660,332,1,2,3,Kral,Her_Sey_Dahil,1,1,1,0
RES_1661,8,6,4,3,Standart,Kahvalti_Dahil,1,1,1,0
RES_1662,292,14,3,3,Standart,Yarim_Pansiyon,1,0,0,1
RES_1663,74,11,3,3,Aile,Her_Sey_Dahil,0,0,0,0
RES_1664,354,11,2,1,Kral,Yarim_Pansiyon,0,0,0,0
RES_1665,342,11,1,2,Suit,Yarim_Pansiyon,1,1,0,0
RES_1666,10,12,4,2,Standart,Her_Sey_Dahil,0,1,1,1
RES_1667,174,13,4,0,Kral,Kahvalti_Dahil,0,0,0,1
RES_1668,252,4,1,3,Suit,Yarim_Pansiyon,0,1,0,0
RES_1669,17,13,2,0,Kral,Kahvalti_Dahil,1,0,0,0
RES_1670,40,4,3,1,Aile,Yarim_Pansiyon,1,1,1,0
RES_1671,356,14,4,3,Standart,Kahvalti_Dahil,1,1,0,0
RES_1672,109,3,4,1,Suit,Yarim_Pansiyon,0,0,0,1
RES_1673,239,13,1,0,Standart,Yarim_Pansiyon,0,1,1,1
RES_1674,0,9,1,3,Kral,Her_Sey_Dahil,0,0,0,0
RES_1675,260,3,1,1,Suit,Her_Sey_Dahil,0,1,1,1
RES_1676,43,4,1,2,Aile,Kahvalti_Dahil,1,0,0,0
RES_1677,15,4,2,0,Kral,Kahvalti_Dahil,0,1,0,0
RES_1678,171,9,2,3,Aile,Kahvalti_Dahil,1,0,0,0
RES_1679,34,14,3,2,Suit,Her_Sey_Dahil,0,0,0,1
RES_1680,36,7,3,1,Suit,Kahvalti_Dahil,1,0,0,0
RES_1681,229,10,2,2,Standart,Kahvalti_Dahil,1,0,0,0
RES_1682,19,3,1,3,Aile,Her_Sey_Dahil,0,0,0,0
RES_1683,101,6,3,3,Aile,Kahvalti_Dahil,1,0,0,1
RES_1684,224,8,4,3,Kral,Her_Sey_Dahil,1,1,0,0
RES_1685,341,11,3,3,Standart,Kahvalti_Dahil,0,0,0,0
RES_1686,295,2,2,3,Suit,Yarim_Pansiyon,1,1,0,0
RES_1687,1,11,2,1,Standart,Yarim_Pansiyon,0,0,0,0
RES_1688,299,3,2,2,Standart,Kahvalti_Dahil,0,1,0,0
RES_1689,308,5,4,3,Kral,Kahvalti_Dahil,1,0,0,0
RES_1690,261,4,4,2,Aile,Yarim_Pansiyon,1,1,1,1
RES_1691,292,10,4,1,Aile,Her_Sey_Dahil,1,0,0,0
RES_1692,295,7,3,3,Standart,Kahvalti_Dahil,0,1,0,0
RES_1693,340,6,3,1,Aile,Kahvalti_Dahil,0,1,1,1
RES_1694,251,6,1,1,Kral,Her_Sey_Dahil,0,0,0,1
RES_1695,39,10,1,1,Suit,Her_Sey_Dahil,1,0,0,0
RES_1696,99,3,2,0,Aile,Kahvalti_Dahil,0,1,1,1
RES_1697,9,4,1,1,Kral,Her_Sey_Dahil,1,1,0,0
RES_1698,201,8,4,2,Standart,Her_Sey_Dahil,1,1,0,0
RES_1699,149,9,3,1,Standart,Her_Sey_Dahil,1,0,0,1
RES_1700,155,4,1,0,Standart,Yarim_Pansiyon,1,0,0,0
RES_1701,270,1,2,0,Standart,Yarim_Pansiyon,1,0,0,0
RES_1702,284,2,4,0,Kral,Her_Sey_Dahil,1,1,0,0
RES_1703,112,8,4,0,Standart,Yarim_Pansiyon,0,1,0,0
RES_1704,158,14,1,2,Suit,Kahvalti_Dahil,1,1,1,0
RES_1705,295,14,4,2,Kral,Her_Sey_Dahil,0,0,0,1
RES_1706,279,2,2,3,Standart,Yarim_Pansiyon,1,1,1,1
RES_1707,164,3,4,0,Aile,Her_Sey_Dahil,1,1,1,0
RES_1708,210,10,1,0,Kral,Yarim_Pansiyon,0,1,1,0
RES_1709,257,3,2,1,Kral,Kahvalti_Dahil,1,1,0,1
RES_1710,269,1,2,3,Aile,Kahvalti_Dahil,1,0,0,0
RES_1711,8,6,1,2,Suit,Yarim_Pansiyon,0,0,0,0
RES_1712,346,3,3,1,Aile,Kahvalti_Dahil,1,1,1,0
RES_1713,227,7,3,3,Standart,Yarim_Pansiyon,1,0,0,0
RES_1714,4,10,3,0,Aile,Yarim_Pansiyon,1,1,1,1
RES_1715,77,10,4,3,Suit,Yarim_Pansiyon,1,0,0,0
RES_1716,273,9,3,3,Standart,Yarim_Pansiyon,1,0,0,1
RES_1717,2,1,1,1,Aile,Kahvalti_Dahil,1,0,0,0
RES_1718,103,8,1,0,Standart,Yarim_Pansiyon,0,0,0,0
RES_1719,100,3,2,3,Standart,Yarim_Pansiyon,1,1,1,1
RES_1720,222,4,3,2,Kral,Kahvalti_Dahil,1,0,0,0
RES_1721,14,6,1,2,Kral,Yarim_Pansiyon,1,1,0,0
RES_1722,15,13,4,0,Aile,Yarim_Pansiyon,1,0,0,0
RES_1723,311,11,2,3,Suit,Her_Sey_Dahil,1,0,0,0
RES_1724,174,8,3,0,Standart,Her_Sey_Dahil,1,0,0,1
RES_1725,332,2,4,2,Kral,Kahvalti_Dahil,1,1,0,0
RES_1726,301,11,1,3,Suit,Yarim_Pansiyon,1,1,0,0
RES_1727,242,2,4,3,Suit,Her_Sey_Dahil,1,0,0,0
RES_1728,348,2,3,3,Standart,Her_Sey_Dahil,1,1,0,0
RES_1729,237,12,4,2,Standart,Her_Sey_Dahil,0,1,1,0
RES_1730,294,7,1,3,Aile,Her_Sey_Dahil,1,0,0,1
RES_1731,176,7,1,2,Suit,Her_Sey_Dahil,1,0,0,0
RES_1732,126,7,3,2,Aile,Her_Sey_Dahil,0,0,0,0
RES_1733,286,14,1,1,Suit,Her_Sey_Dahil,0,1,0,1
RES_1734,340,11,3,3,Kral,Kahvalti_Dahil,1,0,0,0
RES_1735,267,7,4,1,Suit,Her_Sey_Dahil,0,0,0,0
RES_1736,257,13,4,2,Kral,Yarim_Pansiyon,0,0,0,0
RES_1737,159,1,4,0,Kral,Kahvalti_Dahil,0,1,0,0
RES_1738,27,3,4,0,Kral,Kahvalti_Dahil,0,1,1,0
RES_1739,96,8,2,0,Suit,Yarim_Pansiyon,0,0,0,0
RES_1740,303,2,4,2,Kral,Kahvalti_Dahil,1,0,0,0
RES_1741,174,10,1,3,Suit,Kahvalti_Dahil,1,1,0,0
RES_1742,27,4,2,0,Aile,Yarim_Pansiyon,1,1,0,0
RES_1743,365,14,4,2,Standart,Kahvalti_Dahil,0,0,0,0
RES_1744,216,4,3,3,Kral,Yarim_Pansiyon,0,0,0,1
RES_1745,204,8,1,0,Kral,Yarim_Pansiyon,0,1,1,1
RES_1746,47,7,1,1,Aile,Yarim_Pansiyon,0,0,0,0
RES_1747,281,14,4,0,Standart,Yarim_Pansiyon,1,0,0,0
RES_1748,80,8,3,0,Kral,Yarim_Pansiyon,0,1,0,0
RES_1749,305,14,3,1,Standart,Yarim_Pansiyon,0,1,1,1
RES_1750,250,2,3,0,Standart,Kahvalti_Dahil,0,0,0,1
RES_1751,155,2,4,2,Standart,Yarim_Pansiyon,0,1,0,1
RES_1752,163,9,2,1,Kral,Her_Sey_Dahil,1,0,0,0
RES_1753,251,2,4,2,Standart,Her_Sey_Dahil,0,1,1,0
RES_1754,23,14,3,3,Kral,Kahvalti_Dahil,0,1,0,0
RES_1755,362,2,1,2,Kral,Kahvalti_Dahil,1,0,0,1
RES_1756,286,8,4,1,Aile,Kahvalti_Dahil,1,0,0,0
RES_1757,279,3,2,3,Kral,Yarim_Pansiyon,1,1,1,1
RES_1758,259,2,3,1,Standart,Kahvalti_Dahil,1,0,0,0
RES_1759,353,7,3,2,Suit,Kahvalti_Dahil,0,0,0,1
RES_1760,34,14,1,3,Aile,Yarim_Pansiyon,1,1,1,1
RES_1761,116,12,4,2,Kral,Kahvalti_Dahil,0,0,0,0
RES_1762,172,11,3,0,Kral,Yarim_Pansiyon,0,1,1,1
RES_1763,143,5,3,0,Suit,Kahvalti_Dahil,1,1,1,1
RES_1764,173,6,1,1,Aile,Yarim_Pansiyon,1,1,1,1
RES_1765,93,7,2,1,Suit,Kahvalti_Dahil,0,0,0,1
RES_1766,111,9,1,0,Aile,Her_Sey_Dahil,0,0,0,1
RES_1767,274,11,4,0,Standart,Yarim_Pansiyon,1,0,0,0
RES_1768,308,10,3,2,Aile,Kahvalti_Dahil,1,1,0,0
RES_1769,329,11,1,1,Aile,Kahvalti_Dahil,1,0,0,0
RES_1770,315,4,2,2,Standart,Her_Sey_Dahil,0,0,0,1
RES_1771,84,6,2,3,Suit,Kahvalti_Dahil,0,1,1,0
RES_1772,81,8,3,3,Aile,Her_Sey_Dahil,0,1,0,0
RES_1773,19,13,3,2,Kral,Kahvalti_Dahil,1,0,0,0
RES_1774,44,4,3,0,Kral,Kahvalti_Dahil,1,1,1,1
RES_1775,40,1,3,2,Standart,Her_Sey_Dahil,1,1,1,0
RES_1776,125,1,3,2,Suit,Yarim_Pansiyon,0,0,0,0
RES_1777,121,6,2,3,Standart,Kahvalti_Dahil,0,1,0,0
RES_1778,84,10,3,1,Kral,Her_Sey_Dahil,1,0,0,0
RES_1779,151,4,3,1,Standart,Kahvalti_Dahil,1,1,1,0
RES_1780,133,4,3,2,Standart,Kahvalti_Dahil,0,0,0,1
RES_1781,341,10,2,2,Standart,Her_Sey_Dahil,1,0,0,0
RES_1782,223,1,1,1,Standart,Yarim_Pansiyon,1,1,0,0
RES_1783,194,3,2,3,Standart,Yarim_Pansiyon,1,0,0,1
RES_1784,7,10,4,1,Aile,Kahvalti_Dahil,1,0,0,0
RES_1785,240,5,3,1,Kral,Yarim_Pansiyon,0,0,0,0
RES_1786,301,3,1,2,Suit,Yarim_Pansiyon,1,0,0,0
RES_1787,349,1,4,3,Aile,Her_Sey_Dahil,1,0,0,1
RES_1788,118,4,3,3,Suit,Kahvalti_Dahil,0,1,0,0
RES_1789,73,4,3,0,Kral,Kahvalti_Dahil,1,1,0,0
RES_1790,354,10,4,0,Standart,Yarim_Pansiyon,0,1,0,0
RES_1791,78,13,4,0,Kral,Yarim_Pansiyon,1,1,0,0
RES_1792,102,7,2,1,Kral,Her_Sey_Dahil,1,1,1,0
RES_1793,186,12,1,1,Suit,Kahvalti_Dahil,1,1,1,1
RES_1794,49,13,3,2,Suit,Her_Sey_Dahil,0,1,0,0
RES_1795,184,2,4,3,Kral,Her_Sey_Dahil,0,0,0,1
RES_1796,153,8,2,0,Suit,Kahvalti_Dahil,0,0,0,0
RES_1797,169,4,3,1,Aile,Yarim_Pansiyon,1,1,1,0
RES_1798,363,7,2,2,Standart,Yarim_Pansiyon,0,0,0,0
RES_1799,347,1,4,3,Kral,Her_Sey_Dahil,0,0,0,0
RES_1800,168,7,4,1,Aile,Yarim_Pansiyon,1,0,0,0
