CustomerID,Tenure_Months,Monthly_Charges_USD,Total_Charges_USD,Support_Calls,Age,Payment_Method,Extra_Packages,Satisfaction_Score,Complaints,Churn_Status
CUST_0001,30,323,10111.4,5,44,Auto_Debit,0,1,2,1
CUST_0002,40,427,18303.14,0,40,Auto_Debit,0,2,0,0
CUST_0003,58,309,18077.45,1,62,Credit_Card,2,3,0,0
CUST_0004,57,335,20851.26,5,73,Auto_Debit,1,2,4,1
CUST_0005,33,447,15696.81,0,62,Credit_Card,5,5,1,0
CUST_0006,51,126,5961.35,7,53,Credit_Card,1,4,3,1
CUST_0007,48,75,3391.94,5,48,Auto_Debit,4,5,3,0
CUST_0008,39,176,7457.04,9,50,Auto_Debit,3,3,2,1
CUST_0009,23,58,1219.56,6,47,Bank_Transfer,5,2,3,1
CUST_0010,29,82,2421.74,3,73,Auto_Debit,3,5,4,0
CUST_0011,32,237,7004.62,10,67,Auto_Debit,2,3,4,0
CUST_0012,11,114,1265.11,6,34,Credit_Card,2,2,0,1
CUST_0013,10,76,687.27,4,71,Bank_Transfer,5,2,3,1
CUST_0014,42,93,3577.28,6,50,Credit_Card,1,4,0,0
CUST_0015,18,316,5379.43,6,72,Credit_Card,1,3,2,1
CUST_0016,36,213,8180.31,2,31,Bank_Transfer,5,4,3,1
CUST_0017,18,410,7651.14,10,62,Auto_Debit,4,4,4,0
CUST_0018,50,394,20853.86,7,60,Auto_Debit,4,2,4,1
CUST_0019,66,146,10111.14,7,70,Auto_Debit,4,4,2,1
CUST_0020,17,350,5590.3,7,49,Credit_Card,5,4,3,0
CUST_0021,3,112,331.58,0,30,Auto_Debit,0,1,0,1
CUST_0022,1,179,169.88,10,45,Bank_Transfer,2,1,1,1
CUST_0023,45,131,5652.51,2,51,Bank_Transfer,3,5,1,0
CUST_0024,6,335,1910.55,9,37,Bank_Transfer,4,1,2,1
CUST_0025,22,136,3099.62,10,68,Credit_Card,2,4,4,0
CUST_0026,72,198,14643.05,3,65,Auto_Debit,4,1,0,0
CUST_0027,50,297,16198.99,3,63,Bank_Transfer,5,4,0,0
CUST_0028,30,130,4117.7,9,29,Credit_Card,2,2,1,1
CUST_0029,49,294,15736.18,6,72,Auto_Debit,5,1,2,1
CUST_0030,41,222,8411.92,3,62,Bank_Transfer,5,2,0,1
CUST_0031,19,255,5220.35,0,74,Bank_Transfer,0,1,4,1
CUST_0032,26,334,8860.54,5,21,Auto_Debit,0,2,1,0
CUST_0033,45,344,15399.89,10,55,Bank_Transfer,1,1,1,0
CUST_0034,52,432,20982.71,5,61,Credit_Card,1,4,4,0
CUST_0035,59,252,16046.94,4,37,Bank_Transfer,4,5,4,0
CUST_0036,14,202,2562.74,1,74,Auto_Debit,3,3,0,0
CUST_0037,7,274,1976.98,2,55,Auto_Debit,0,5,0,0
CUST_0038,24,385,9542.98,4,37,Credit_Card,1,3,1,0
CUST_0039,66,234,16823.16,2,40,Auto_Debit,4,3,2,0
CUST_0040,39,226,9434.78,8,20,Credit_Card,2,4,1,0
CUST_0041,70,134,9376.23,4,44,Auto_Debit,5,5,4,0
CUST_0042,38,201,7205.54,1,59,Auto_Debit,3,3,3,0
CUST_0043,53,333,18483.16,9,40,Bank_Transfer,5,1,2,1
CUST_0044,3,322,1004.62,3,38,Bank_Transfer,5,3,2,1
CUST_0045,40,308,11556.72,1,48,Bank_Transfer,0,3,0,0
CUST_0046,39,58,2191.04,4,24,Auto_Debit,3,3,0,0
CUST_0047,67,411,25143.63,1,54,Credit_Card,4,5,4,0
CUST_0048,56,201,11656.03,4,65,Bank_Transfer,5,4,3,1
CUST_0049,5,196,1000.27,9,38,Credit_Card,1,4,4,0
CUST_0050,19,172,3573.15,8,56,Bank_Transfer,0,3,4,1
CUST_0051,6,264,1453.12,2,22,Bank_Transfer,1,3,1,0
CUST_0052,27,441,13011.14,0,57,Credit_Card,4,1,0,1
CUST_0053,1,395,430.56,8,47,Credit_Card,1,5,1,0
CUST_0054,34,297,11043.51,6,44,Auto_Debit,4,1,3,1
CUST_0055,22,97,2102.62,0,71,Auto_Debit,1,4,1,0
CUST_0056,20,184,3399.69,8,41,Auto_Debit,1,5,3,1
CUST_0057,50,119,5525.72,7,39,Auto_Debit,1,2,1,1
CUST_0058,46,380,16961.32,9,38,Credit_Card,0,1,0,1
CUST_0059,20,67,1215.29,7,41,Credit_Card,3,3,4,1
CUST_0060,46,355,16992.69,3,22,Bank_Transfer,5,5,3,1
CUST_0061,14,219,3342.15,10,48,Credit_Card,0,1,4,0
CUST_0062,67,276,18479.47,9,21,Auto_Debit,1,4,4,0
CUST_0063,71,381,28062.65,9,42,Bank_Transfer,5,2,4,1
CUST_0064,20,244,4440.81,8,21,Bank_Transfer,2,1,4,1
CUST_0065,54,323,16720.34,4,73,Auto_Debit,2,5,0,0
CUST_0066,20,193,4234.69,8,48,Auto_Debit,2,1,2,1
CUST_0067,56,94,5500.61,8,21,Auto_Debit,0,3,3,0
CUST_0068,48,221,10432.73,4,71,Auto_Debit,4,1,1,0
CUST_0069,27,160,4523.53,2,59,Auto_Debit,4,3,3,0
CUST_0070,52,200,9740.16,4,74,Auto_Debit,3,3,1,0
CUST_0071,32,323,10280.33,5,74,Credit_Card,5,2,4,1
CUST_0072,34,281,10244.97,5,46,Bank_Transfer,3,5,0,0
CUST_0073,58,437,27112.82,2,36,Bank_Transfer,5,2,3,0
CUST_0074,63,139,8575.94,2,20,Bank_Transfer,4,4,1,0
CUST_0075,42,84,3283.07,4,27,Bank_Transfer,4,5,2,1
CUST_0076,10,297,2782.8,10,52,Bank_Transfer,0,5,0,0
CUST_0077,53,152,7709.04,8,30,Bank_Transfer,3,5,2,1
CUST_0078,6,395,2587.33,2,46,Credit_Card,1,1,2,1
CUST_0079,69,80,5181.04,1,52,Auto_Debit,0,3,3,0
CUST_0080,5,223,1064.61,8,47,Auto_Debit,0,3,4,1
CUST_0081,29,392,12090.71,1,29,Auto_Debit,0,4,3,1
CUST_0082,8,446,3381.67,1,52,Bank_Transfer,3,5,1,0
CUST_0083,24,87,2106.9,0,60,Bank_Transfer,2,5,2,0
CUST_0084,22,103,2086.6,10,31,Credit_Card,4,2,0,1
CUST_0085,30,341,9409.81,6,43,Auto_Debit,1,4,1,1
CUST_0086,36,229,8594.63,9,38,Credit_Card,1,3,3,1
CUST_0087,30,333,9384.59,8,44,Auto_Debit,3,3,2,1
CUST_0088,7,71,457.85,6,47,Auto_Debit,2,4,3,0
CUST_0089,69,209,14520.59,0,44,Bank_Transfer,4,4,2,0
CUST_0090,25,96,2613.01,9,38,Credit_Card,2,2,2,1
CUST_0091,32,285,8319.22,1,61,Bank_Transfer,5,2,1,0
CUST_0092,42,95,4034.68,7,72,Credit_Card,4,4,3,1
CUST_0093,11,339,3622.44,0,41,Auto_Debit,1,3,0,0
CUST_0094,42,278,11347.5,8,63,Credit_Card,3,5,3,0
CUST_0095,62,347,22885.06,9,71,Auto_Debit,0,2,1,0
CUST_0096,50,415,20724.43,5,22,Bank_Transfer,0,4,1,0
CUST_0097,29,445,12462.86,0,70,Credit_Card,1,3,3,0
CUST_0098,43,145,6809.71,1,68,Bank_Transfer,1,1,1,0
CUST_0099,34,211,7624.43,9,21,Bank_Transfer,2,3,3,0
CUST_0100,44,123,5441.35,4,43,Credit_Card,1,5,4,0
CUST_0101,68,379,25362.4,4,29,Auto_Debit,4,3,1,0
CUST_0102,37,307,11900.22,7,35,Auto_Debit,4,1,0,0
CUST_0103,42,367,16097.95,3,69,Credit_Card,3,4,2,0
CUST_0104,19,67,1362.12,0,35,Credit_Card,4,1,2,1
CUST_0105,72,144,10105.58,1,48,Auto_Debit,1,1,2,1
CUST_0106,61,395,25784.89,6,36,Auto_Debit,1,5,0,0
CUST_0107,68,432,30550.07,4,74,Credit_Card,0,2,1,0
CUST_0108,34,309,10450.14,6,69,Credit_Card,3,1,0,1
CUST_0109,30,347,9787.7,10,31,Credit_Card,3,4,4,1
CUST_0110,52,223,12387.63,6,34,Auto_Debit,1,2,4,1
CUST_0111,26,391,10780.78,8,38,Bank_Transfer,2,4,2,0
CUST_0112,16,416,7218.8,6,25,Credit_Card,0,5,4,1
CUST_0113,21,385,8547.74,7,26,Credit_Card,1,2,0,1
CUST_0114,19,404,7900.05,4,71,Bank_Transfer,1,1,4,1
CUST_0115,67,433,26713.52,4,27,Auto_Debit,0,1,1,1
CUST_0116,52,403,22926.52,10,33,Bank_Transfer,1,5,3,1
CUST_0117,24,127,3280.98,7,33,Credit_Card,5,4,3,1
CUST_0118,37,310,11932.96,6,32,Credit_Card,1,4,3,1
CUST_0119,29,98,3083.8,1,68,Auto_Debit,3,3,4,0
CUST_0120,49,290,15150.26,2,57,Bank_Transfer,4,1,4,1
CUST_0121,27,199,5566.95,4,34,Credit_Card,4,3,2,0
CUST_0122,32,175,5298.5,2,38,Credit_Card,5,4,3,1
CUST_0123,68,190,13295.56,10,44,Auto_Debit,4,4,3,1
CUST_0124,24,237,5433.28,5,48,Bank_Transfer,4,2,3,1
CUST_0125,14,271,3740.64,8,44,Bank_Transfer,5,2,1,1
CUST_0126,5,95,433.81,7,44,Auto_Debit,3,5,3,1
CUST_0127,72,116,8284.2,6,40,Auto_Debit,1,5,3,1
CUST_0128,5,171,809.19,9,34,Bank_Transfer,2,5,3,1
CUST_0129,68,406,29314.87,1,48,Bank_Transfer,3,4,1,0
CUST_0130,15,125,1833.79,8,63,Credit_Card,5,4,4,0
CUST_0131,9,133,1131.98,5,27,Auto_Debit,1,4,1,0
CUST_0132,42,105,4429.26,9,67,Bank_Transfer,0,3,1,1
CUST_0133,42,186,7448.81,9,64,Credit_Card,3,5,4,0
CUST_0134,50,215,9859.3,8,56,Bank_Transfer,1,3,1,0
CUST_0135,52,278,15461.39,2,57,Credit_Card,2,2,4,1
CUST_0136,12,138,1733.86,1,75,Bank_Transfer,1,3,3,0
CUST_0137,29,440,11884.32,7,50,Credit_Card,1,2,4,1
CUST_0138,37,320,12821.23,3,59,Auto_Debit,1,4,1,0
CUST_0139,11,345,3543.46,8,28,Auto_Debit,4,2,0,1
CUST_0140,38,337,11708.97,7,49,Bank_Transfer,4,1,3,1
CUST_0141,60,438,25170.77,2,69,Credit_Card,2,4,1,0
CUST_0142,31,108,3199.73,9,29,Bank_Transfer,5,2,0,1
CUST_0143,70,316,22224.2,0,57,Credit_Card,1,3,3,0
CUST_0144,14,394,5586.37,8,51,Bank_Transfer,2,2,4,1
CUST_0145,31,310,10444.34,2,73,Bank_Transfer,3,5,3,1
CUST_0146,54,431,22645.7,9,65,Credit_Card,0,5,1,0
CUST_0147,10,440,4192.77,8,75,Bank_Transfer,4,2,4,1
CUST_0148,38,349,14543.78,3,71,Auto_Debit,5,2,1,0
CUST_0149,18,442,8338.25,0,70,Bank_Transfer,0,4,3,0
CUST_0150,7,427,2761.53,7,23,Credit_Card,1,2,1,0
CUST_0151,34,63,2280.15,10,21,Bank_Transfer,2,1,4,1
CUST_0152,54,75,3756.93,4,50,Auto_Debit,0,4,1,0
CUST_0153,39,206,7340.18,0,40,Bank_Transfer,2,2,0,1
CUST_0154,21,341,7716.42,2,31,Credit_Card,1,1,1,1
CUST_0155,36,64,2184.78,9,58,Credit_Card,2,5,3,0
CUST_0156,16,79,1309.96,10,41,Bank_Transfer,5,1,2,1
CUST_0157,22,260,5638.53,9,73,Credit_Card,1,3,4,0
CUST_0158,35,83,2914.26,7,69,Bank_Transfer,2,5,3,1
CUST_0159,40,447,16687.54,10,46,Bank_Transfer,5,2,2,1
CUST_0160,29,172,4574.94,6,67,Credit_Card,0,5,0,0
CUST_0161,59,109,7048.29,1,72,Auto_Debit,0,1,0,0
CUST_0162,45,234,11165.3,9,23,Bank_Transfer,4,2,2,1
CUST_0163,8,388,3014.65,1,37,Credit_Card,2,2,2,1
CUST_0164,14,355,4976.33,5,51,Bank_Transfer,4,5,2,0
CUST_0165,51,66,3300.36,4,53,Credit_Card,1,5,4,0
CUST_0166,68,224,16194.49,10,38,Auto_Debit,2,3,1,0
CUST_0167,68,157,9769.64,9,23,Auto_Debit,1,2,4,1
CUST_0168,10,348,3365.07,2,49,Auto_Debit,4,4,2,0
CUST_0169,1,372,401.17,9,46,Credit_Card,5,5,4,1
CUST_0170,71,238,17830.44,9,68,Auto_Debit,0,1,0,1
CUST_0171,36,407,13517.5,4,53,Credit_Card,2,4,0,0
CUST_0172,29,338,9295.5,2,27,Bank_Transfer,1,3,4,0
CUST_0173,64,283,18766.39,9,38,Credit_Card,2,1,1,0
CUST_0174,34,158,5642.38,8,28,Bank_Transfer,5,2,3,1
CUST_0175,24,385,9888.47,1,44,Credit_Card,2,2,2,1
CUST_0176,12,138,1765.49,2,68,Auto_Debit,4,3,2,1
CUST_0177,4,96,393.77,2,75,Auto_Debit,5,3,2,1
CUST_0178,62,206,12816.62,2,32,Bank_Transfer,0,2,0,1
CUST_0179,31,402,12146.36,0,49,Bank_Transfer,5,2,1,1
CUST_0180,29,236,7398.19,10,38,Auto_Debit,4,5,0,1
CUST_0181,10,132,1434.36,10,61,Auto_Debit,3,4,4,0
CUST_0182,29,151,4686.98,0,48,Bank_Transfer,2,4,4,0
CUST_0183,1,121,128.76,8,61,Credit_Card,2,2,1,1
CUST_0184,58,378,20835.94,0,35,Credit_Card,5,2,3,1
CUST_0185,42,126,4934.26,3,38,Credit_Card,5,2,1,0
CUST_0186,46,272,12795.66,9,70,Bank_Transfer,2,3,2,0
CUST_0187,36,394,12827.0,3,20,Bank_Transfer,1,1,3,0
CUST_0188,69,200,13291.23,5,54,Auto_Debit,5,5,2,0
CUST_0189,22,304,7257.19,8,29,Auto_Debit,1,1,3,1
CUST_0190,35,263,8578.74,4,34,Auto_Debit,5,3,1,0
CUST_0191,65,417,25098.74,2,42,Auto_Debit,2,2,1,1
CUST_0192,50,306,15589.75,6,42,Auto_Debit,0,1,4,1
CUST_0193,3,343,1052.02,4,19,Credit_Card,3,3,4,0
CUST_0194,25,334,7767.75,1,38,Bank_Transfer,5,2,1,1
CUST_0195,65,393,24780.62,10,43,Credit_Card,4,5,0,0
CUST_0196,1,288,290.46,7,35,Bank_Transfer,1,1,2,1
CUST_0197,15,107,1641.18,10,70,Auto_Debit,1,4,2,0
CUST_0198,32,401,11598.64,10,31,Bank_Transfer,2,4,0,0
CUST_0199,4,77,330.09,7,56,Bank_Transfer,4,3,4,0
CUST_0200,43,433,19838.15,0,61,Bank_Transfer,0,3,4,0
CUST_0201,41,88,3247.32,4,51,Auto_Debit,1,3,1,0
CUST_0202,72,223,15620.51,4,47,Bank_Transfer,2,3,1,0
CUST_0203,9,416,3674.82,9,59,Bank_Transfer,3,3,2,1
CUST_0204,60,404,25893.33,2,64,Auto_Debit,2,5,0,0
CUST_0205,15,424,6768.84,7,52,Credit_Card,1,1,1,0
CUST_0206,34,239,7384.56,1,35,Credit_Card,0,3,0,0
CUST_0207,19,282,5460.23,2,74,Bank_Transfer,3,1,3,0
CUST_0208,70,414,30587.26,8,45,Credit_Card,2,1,4,0
CUST_0209,16,404,6469.37,4,57,Bank_Transfer,5,1,4,1
CUST_0210,14,240,3024.04,9,69,Auto_Debit,1,1,3,1
CUST_0211,7,156,1029.68,10,30,Credit_Card,4,3,1,0
CUST_0212,50,264,12667.94,6,66,Bank_Transfer,4,4,3,1
CUST_0213,44,135,5803.43,3,61,Credit_Card,3,1,4,1
CUST_0214,2,345,628.27,2,29,Auto_Debit,1,5,0,1
CUST_0215,67,137,9254.02,4,57,Auto_Debit,3,5,2,1
CUST_0216,19,373,6680.63,9,66,Credit_Card,3,4,4,1
CUST_0217,17,151,2666.58,1,44,Auto_Debit,4,5,3,0
CUST_0218,56,436,24506.19,9,45,Credit_Card,2,3,3,1
CUST_0219,31,302,9443.34,5,64,Auto_Debit,1,5,2,1
CUST_0220,70,289,21573.98,5,33,Credit_Card,4,5,4,1
CUST_0221,33,315,9447.92,9,56,Bank_Transfer,5,5,0,0
CUST_0222,26,266,6405.21,0,62,Bank_Transfer,2,5,1,0
CUST_0223,20,110,2223.09,6,35,Credit_Card,1,1,2,1
CUST_0224,41,411,18278.05,5,59,Credit_Card,3,5,4,0
CUST_0225,4,251,931.36,8,45,Auto_Debit,1,5,1,0
CUST_0226,32,188,5525.66,6,71,Bank_Transfer,1,2,3,1
CUST_0227,18,156,2928.86,3,75,Bank_Transfer,0,3,0,0
CUST_0228,5,362,1722.77,4,36,Auto_Debit,5,1,1,1
CUST_0229,55,336,18506.14,3,25,Auto_Debit,1,2,3,1
CUST_0230,31,344,10817.35,10,25,Credit_Card,2,1,4,1
CUST_0231,12,64,731.69,4,62,Auto_Debit,1,1,4,1
CUST_0232,45,199,9341.31,6,29,Bank_Transfer,3,3,0,0
CUST_0233,37,339,13180.93,3,47,Credit_Card,1,1,0,1
CUST_0234,20,68,1259.22,8,33,Bank_Transfer,3,4,4,1
CUST_0235,1,371,363.45,3,53,Auto_Debit,0,4,2,1
CUST_0236,19,286,5080.72,6,27,Bank_Transfer,4,1,1,1
CUST_0237,34,102,3225.94,1,35,Bank_Transfer,2,4,3,0
CUST_0238,57,131,8059.2,6,60,Credit_Card,3,4,3,0
CUST_0239,27,59,1599.73,9,23,Auto_Debit,4,2,4,1
CUST_0240,41,291,12507.54,8,23,Bank_Transfer,3,5,1,0
CUST_0241,26,177,4502.82,4,74,Credit_Card,1,5,0,0
CUST_0242,48,306,15217.09,0,25,Auto_Debit,2,5,3,0
CUST_0243,13,306,4186.2,10,55,Auto_Debit,4,5,1,1
CUST_0244,17,307,4943.04,2,71,Bank_Transfer,0,2,1,0
CUST_0245,68,105,6790.13,0,61,Credit_Card,5,4,1,0
CUST_0246,34,400,13683.29,10,29,Auto_Debit,5,2,2,1
CUST_0247,50,154,7661.3,10,62,Auto_Debit,3,2,1,1
CUST_0248,30,173,5668.07,5,62,Credit_Card,4,4,3,0
CUST_0249,51,381,19388.22,4,67,Credit_Card,5,3,3,0
CUST_0250,17,87,1354.46,8,21,Credit_Card,0,2,0,0
CUST_0251,16,282,4748.25,7,35,Bank_Transfer,1,3,4,0
CUST_0252,65,378,23977.32,9,51,Credit_Card,5,5,0,0
CUST_0253,29,99,3032.09,1,20,Bank_Transfer,1,2,0,1
CUST_0254,31,349,11778.04,6,37,Credit_Card,3,1,4,0
CUST_0255,54,120,6973.04,0,71,Bank_Transfer,5,5,1,0
CUST_0256,32,194,6381.95,3,29,Auto_Debit,5,4,4,1
CUST_0257,23,196,4534.98,7,21,Auto_Debit,0,3,0,0
CUST_0258,11,421,4831.66,10,59,Credit_Card,5,2,1,0
CUST_0259,24,423,9278.82,10,32,Auto_Debit,4,4,2,0
CUST_0260,67,262,17789.21,2,23,Auto_Debit,3,3,2,0
CUST_0261,32,404,13801.72,2,23,Credit_Card,4,3,1,0
CUST_0262,49,356,18636.01,3,34,Credit_Card,3,4,1,0
CUST_0263,1,260,235.32,8,40,Credit_Card,3,5,3,0
CUST_0264,47,235,12005.74,1,23,Credit_Card,5,1,1,1
CUST_0265,46,256,12637.0,0,56,Credit_Card,2,2,0,1
CUST_0266,18,326,5549.4,2,43,Auto_Debit,5,4,2,0
CUST_0267,12,447,5606.57,6,26,Auto_Debit,0,5,0,0
CUST_0268,31,194,5891.3,8,53,Credit_Card,1,3,4,1
CUST_0269,55,163,9510.45,1,73,Bank_Transfer,4,5,3,0
CUST_0270,39,440,16462.61,8,33,Credit_Card,5,2,2,1
CUST_0271,27,224,6177.16,7,69,Bank_Transfer,0,1,3,0
CUST_0272,39,145,5820.03,8,44,Auto_Debit,2,2,0,1
CUST_0273,40,402,16968.54,8,29,Credit_Card,1,5,3,1
CUST_0274,1,321,300.54,6,30,Credit_Card,2,2,0,0
CUST_0275,12,326,3586.38,0,59,Bank_Transfer,5,2,4,1
CUST_0276,23,162,3427.63,5,61,Credit_Card,3,4,0,0
CUST_0277,29,59,1619.61,7,44,Bank_Transfer,2,1,4,1
CUST_0278,34,261,9363.04,8,26,Credit_Card,5,5,1,0
CUST_0279,62,155,9545.43,8,20,Auto_Debit,3,2,3,1
CUST_0280,30,325,9523.14,6,21,Credit_Card,5,1,4,1
CUST_0281,37,312,10963.74,9,56,Auto_Debit,5,2,3,1
CUST_0282,36,267,9155.66,6,30,Bank_Transfer,0,2,4,1
CUST_0283,8,152,1239.95,4,42,Credit_Card,3,3,0,0
CUST_0284,46,204,8829.51,7,20,Credit_Card,4,2,0,1
CUST_0285,4,356,1561.86,6,50,Auto_Debit,3,2,1,1
CUST_0286,30,143,4150.85,2,47,Bank_Transfer,5,1,2,1
CUST_0287,21,117,2580.12,10,23,Credit_Card,0,3,4,0
CUST_0288,56,445,25359.53,6,52,Credit_Card,0,3,4,1
CUST_0289,11,321,3868.27,1,34,Bank_Transfer,3,5,0,0
CUST_0290,65,218,13994.58,8,41,Bank_Transfer,3,3,0,0
CUST_0291,49,269,12417.14,2,67,Bank_Transfer,0,2,2,0
CUST_0292,44,270,11901.6,7,21,Credit_Card,5,4,3,0
CUST_0293,19,181,3184.48,6,66,Credit_Card,5,3,2,1
CUST_0294,56,275,14218.08,1,61,Auto_Debit,2,2,2,1
CUST_0295,17,148,2686.33,3,75,Credit_Card,2,2,2,1
CUST_0296,28,397,11904.38,4,70,Credit_Card,5,1,0,0
CUST_0297,20,398,8303.93,8,24,Auto_Debit,1,1,0,0
CUST_0298,15,306,4322.23,0,45,Credit_Card,4,5,2,1
CUST_0299,45,136,6136.52,5,21,Credit_Card,3,1,3,1
CUST_0300,47,449,21553.35,6,30,Bank_Transfer,2,5,0,1
CUST_0301,59,331,18352.92,2,38,Auto_Debit,3,3,4,1
CUST_0302,60,206,12796.54,4,18,Credit_Card,3,3,1,0
CUST_0303,67,187,11561.97,3,64,Credit_Card,1,2,0,1
CUST_0304,43,448,20101.7,6,18,Auto_Debit,0,3,3,0
CUST_0305,29,323,8982.83,5,62,Credit_Card,5,3,1,0
CUST_0306,42,321,13684.57,1,47,Auto_Debit,4,2,1,0
CUST_0307,20,445,9231.77,3,60,Bank_Transfer,2,3,1,0
CUST_0308,38,84,3369.15,2,26,Bank_Transfer,1,2,0,0
CUST_0309,41,107,3972.16,2,41,Auto_Debit,1,3,4,1
CUST_0310,21,275,6054.32,5,49,Bank_Transfer,4,4,2,1
CUST_0311,27,363,9566.27,5,64,Credit_Card,3,4,4,0
CUST_0312,51,52,2758.66,6,67,Auto_Debit,2,5,2,0
CUST_0313,65,286,18179.76,7,74,Auto_Debit,3,2,3,1
CUST_0314,65,268,18815.78,0,48,Credit_Card,0,4,1,0
CUST_0315,25,109,2679.95,6,43,Credit_Card,0,4,3,1
CUST_0316,20,284,5376.84,3,40,Bank_Transfer,4,3,0,0
CUST_0317,19,414,8588.36,3,20,Auto_Debit,3,4,1,0
CUST_0318,68,305,20502.89,2,40,Bank_Transfer,1,4,2,0
CUST_0319,53,55,3135.27,7,49,Bank_Transfer,0,5,3,1
CUST_0320,54,85,4397.4,3,50,Auto_Debit,1,3,3,0
CUST_0321,68,400,25956.91,4,50,Bank_Transfer,0,4,3,0
CUST_0322,43,300,12696.83,6,52,Credit_Card,0,5,0,1
CUST_0323,11,204,2311.4,6,19,Auto_Debit,0,2,4,1
CUST_0324,72,93,6305.8,0,52,Auto_Debit,5,3,1,0
CUST_0325,72,191,13977.6,3,20,Auto_Debit,0,5,0,0
CUST_0326,68,447,28805.13,2,47,Credit_Card,5,5,2,0
CUST_0327,60,239,15551.02,6,53,Auto_Debit,4,2,1,1
CUST_0328,13,324,3964.13,8,25,Credit_Card,1,4,2,0
CUST_0329,35,334,12070.69,8,66,Bank_Transfer,2,5,2,0
CUST_0330,21,96,1930.26,0,74,Auto_Debit,4,4,3,1
CUST_0331,60,265,15514.51,6,45,Credit_Card,1,4,1,1
CUST_0332,58,358,22015.3,8,18,Bank_Transfer,3,2,3,1
CUST_0333,21,349,6819.24,8,56,Bank_Transfer,0,5,4,0
CUST_0334,25,140,3249.03,4,44,Credit_Card,5,1,3,1
CUST_0335,38,272,10657.84,10,50,Bank_Transfer,2,3,2,1
CUST_0336,62,92,5373.25,1,66,Credit_Card,5,3,0,0
CUST_0337,59,408,22657.49,1,47,Credit_Card,3,1,3,1
CUST_0338,64,328,19165.79,7,30,Auto_Debit,1,5,2,1
CUST_0339,53,186,9368.41,4,33,Bank_Transfer,3,5,3,1
CUST_0340,30,303,8788.75,7,63,Bank_Transfer,5,2,4,1
CUST_0341,60,231,12639.61,3,57,Auto_Debit,4,2,0,1
CUST_0342,41,372,15604.86,2,75,Auto_Debit,3,1,3,1
CUST_0343,1,269,243.9,0,72,Auto_Debit,2,5,3,0
CUST_0344,41,364,14672.0,0,47,Credit_Card,0,5,2,1
CUST_0345,42,431,19909.56,4,55,Bank_Transfer,1,5,2,1
CUST_0346,39,266,10844.81,2,35,Bank_Transfer,2,1,2,1
CUST_0347,60,231,13557.5,0,36,Auto_Debit,5,1,0,1
CUST_0348,50,252,12762.07,10,54,Auto_Debit,3,1,2,1
CUST_0349,68,192,12559.63,9,63,Auto_Debit,4,2,1,0
CUST_0350,30,397,10950.72,1,37,Bank_Transfer,1,5,2,0
CUST_0351,68,219,15623.77,3,70,Credit_Card,2,1,4,0
CUST_0352,12,153,1842.77,8,54,Credit_Card,4,5,3,1
CUST_0353,54,253,13339.52,4,18,Bank_Transfer,4,4,1,1
CUST_0354,58,85,4494.36,8,37,Auto_Debit,2,1,4,1
CUST_0355,69,74,5118.49,1,45,Auto_Debit,1,1,3,1
CUST_0356,70,214,15805.15,2,71,Auto_Debit,3,5,1,0
CUST_0357,71,90,5877.86,3,30,Bank_Transfer,3,5,1,0
CUST_0358,67,421,29964.18,3,51,Auto_Debit,2,5,3,1
CUST_0359,16,380,5696.87,2,56,Credit_Card,3,5,2,0
CUST_0360,27,336,8996.32,6,32,Credit_Card,5,2,1,1
CUST_0361,12,363,4312.31,7,23,Bank_Transfer,3,4,1,0
CUST_0362,54,77,4307.25,9,40,Credit_Card,5,4,3,1
CUST_0363,9,303,2561.66,6,31,Bank_Transfer,1,1,1,0
CUST_0364,38,108,4442.24,7,69,Auto_Debit,5,5,1,1
CUST_0365,17,111,1884.28,3,50,Credit_Card,3,1,3,0
CUST_0366,5,219,1075.76,6,51,Auto_Debit,1,5,2,0
CUST_0367,18,412,6786.27,0,19,Credit_Card,2,1,4,0
CUST_0368,18,150,2688.53,9,60,Credit_Card,2,1,2,0
CUST_0369,65,441,30678.35,6,65,Bank_Transfer,0,3,0,0
CUST_0370,6,64,369.8,7,22,Credit_Card,4,5,3,0
CUST_0371,1,413,436.24,7,74,Bank_Transfer,3,2,4,1
CUST_0372,63,194,12816.1,10,33,Auto_Debit,4,1,3,0
CUST_0373,28,214,6194.77,4,44,Credit_Card,0,4,3,1
CUST_0374,28,253,7640.09,3,37,Bank_Transfer,3,5,1,0
CUST_0375,39,313,13370.03,9,47,Bank_Transfer,0,3,0,0
CUST_0376,36,349,11701.47,6,64,Auto_Debit,2,5,1,0
CUST_0377,24,86,2169.99,1,49,Bank_Transfer,3,5,3,0
CUST_0378,33,335,12148.29,6,36,Credit_Card,4,4,3,1
CUST_0379,9,110,1066.04,9,56,Auto_Debit,3,5,3,1
CUST_0380,57,262,15646.5,9,53,Credit_Card,1,4,4,1
CUST_0381,19,397,7177.38,6,29,Bank_Transfer,0,1,0,1
CUST_0382,52,369,21042.11,3,60,Bank_Transfer,5,3,3,0
CUST_0383,40,271,10578.87,3,40,Bank_Transfer,0,2,4,1
CUST_0384,25,116,2935.95,9,67,Credit_Card,5,4,1,0
CUST_0385,38,358,14938.09,5,65,Auto_Debit,3,3,4,1
CUST_0386,13,286,3969.35,8,62,Credit_Card,3,1,3,1
CUST_0387,22,299,7151.52,10,42,Auto_Debit,5,1,4,1
CUST_0388,45,136,6143.4,1,36,Bank_Transfer,0,4,1,0
CUST_0389,12,90,1085.17,1,68,Credit_Card,5,4,2,0
CUST_0390,65,203,12460.27,3,72,Bank_Transfer,4,1,1,0
CUST_0391,64,121,7638.25,5,72,Bank_Transfer,3,2,4,1
CUST_0392,40,367,13418.87,7,43,Bank_Transfer,0,1,4,0
CUST_0393,37,249,9369.28,2,30,Bank_Transfer,3,1,3,1
CUST_0394,23,334,8053.3,0,69,Auto_Debit,0,3,3,0
CUST_0395,45,318,15344.26,0,20,Credit_Card,1,1,3,1
CUST_0396,43,317,12914.4,0,31,Auto_Debit,0,3,3,0
CUST_0397,13,213,2551.8,3,70,Bank_Transfer,1,4,1,0
CUST_0398,43,237,9845.47,6,30,Credit_Card,0,3,1,0
CUST_0399,53,283,16126.06,9,25,Auto_Debit,5,5,2,1
CUST_0400,50,225,12001.96,0,50,Auto_Debit,4,4,0,0
CUST_0401,15,274,3977.2,10,68,Auto_Debit,2,2,3,1
CUST_0402,71,257,16615.3,4,49,Auto_Debit,3,3,2,1
CUST_0403,47,206,9078.34,3,24,Bank_Transfer,0,4,1,0
CUST_0404,5,222,1143.72,2,40,Credit_Card,4,2,4,1
CUST_0405,35,52,1712.39,0,41,Credit_Card,3,4,0,0
CUST_0406,31,261,8645.0,7,29,Bank_Transfer,5,1,2,1
CUST_0407,6,106,656.68,5,28,Credit_Card,4,2,2,0
CUST_0408,71,449,29512.14,8,34,Auto_Debit,3,5,1,0
CUST_0409,44,267,12580.65,3,50,Bank_Transfer,5,5,4,0
CUST_0410,37,152,5778.07,7,38,Credit_Card,4,5,0,0
CUST_0411,13,443,5912.77,8,66,Bank_Transfer,3,5,4,0
CUST_0412,38,67,2649.75,6,44,Bank_Transfer,5,3,3,1
CUST_0413,66,238,16974.28,5,74,Bank_Transfer,1,5,4,1
CUST_0414,22,448,10101.87,5,71,Bank_Transfer,5,1,3,1
CUST_0415,49,369,16397.42,8,53,Bank_Transfer,1,1,3,1
CUST_0416,30,375,10506.32,10,24,Auto_Debit,3,2,3,1
CUST_0417,64,60,3569.44,2,49,Bank_Transfer,1,3,2,1
CUST_0418,45,441,20049.34,6,31,Credit_Card,2,2,2,1
CUST_0419,51,107,5386.28,4,26,Credit_Card,0,2,1,0
CUST_0420,27,439,12080.61,8,74,Bank_Transfer,3,2,2,1
CUST_0421,50,389,20015.55,1,69,Credit_Card,0,1,4,1
CUST_0422,17,198,3252.1,5,53,Bank_Transfer,5,3,2,1
CUST_0423,3,156,496.15,7,73,Credit_Card,3,2,0,0
CUST_0424,30,96,2936.35,2,50,Credit_Card,0,1,3,0
CUST_0425,10,343,3316.35,9,71,Bank_Transfer,1,5,4,1
CUST_0426,54,92,5009.72,2,38,Bank_Transfer,0,1,0,0
CUST_0427,27,262,6965.51,3,33,Auto_Debit,4,1,2,0
CUST_0428,55,204,12054.03,6,62,Auto_Debit,3,3,1,1
CUST_0429,21,217,4911.19,4,43,Auto_Debit,2,2,2,1
CUST_0430,27,306,8587.23,6,35,Credit_Card,1,5,4,0
CUST_0431,42,232,10076.52,2,46,Auto_Debit,3,2,1,1
CUST_0432,15,76,1039.97,10,26,Credit_Card,4,2,2,1
CUST_0433,71,414,27032.85,2,25,Auto_Debit,3,4,0,0
CUST_0434,26,412,11293.23,9,28,Credit_Card,3,3,2,1
CUST_0435,36,385,13590.56,3,74,Auto_Debit,5,5,1,0
CUST_0436,20,209,3861.61,6,27,Bank_Transfer,5,4,3,0
CUST_0437,17,113,1760.69,2,40,Bank_Transfer,1,3,4,1
CUST_0438,25,248,6116.15,0,37,Bank_Transfer,3,2,1,0
CUST_0439,25,131,3459.01,6,52,Auto_Debit,4,5,1,0
CUST_0440,69,340,22334.32,3,39,Bank_Transfer,4,4,0,0
CUST_0441,14,98,1432.82,0,55,Credit_Card,0,4,4,0
CUST_0442,36,86,3363.6,8,51,Auto_Debit,1,1,4,1
CUST_0443,71,238,16095.59,6,38,Bank_Transfer,2,4,3,1
CUST_0444,23,308,6752.76,10,29,Auto_Debit,0,5,2,0
CUST_0445,34,130,4591.24,4,20,Auto_Debit,2,2,2,1
CUST_0446,25,290,6978.01,4,43,Bank_Transfer,3,1,1,0
CUST_0447,1,372,374.72,9,54,Auto_Debit,5,3,1,0
CUST_0448,53,67,3358.05,5,56,Bank_Transfer,4,1,3,1
CUST_0449,6,182,1089.09,4,53,Credit_Card,1,4,0,0
CUST_0450,44,126,6023.47,8,44,Credit_Card,1,3,0,0
CUST_0451,55,342,20517.3,5,32,Credit_Card,3,3,0,0
CUST_0452,65,94,6076.54,8,41,Auto_Debit,0,5,2,1
CUST_0453,64,50,3021.14,3,54,Bank_Transfer,1,4,4,0
CUST_0454,20,440,8783.49,1,75,Auto_Debit,0,2,2,0
CUST_0455,71,443,33299.24,7,44,Credit_Card,0,4,4,0
CUST_0456,29,263,7431.64,3,47,Auto_Debit,0,4,4,0
CUST_0457,8,111,844.76,7,63,Auto_Debit,3,2,2,1
CUST_0458,27,401,10360.94,6,26,Bank_Transfer,5,1,2,1
CUST_0459,46,178,7820.9,5,57,Auto_Debit,1,2,2,0
CUST_0460,23,408,10254.93,10,61,Auto_Debit,5,5,1,0
CUST_0461,18,296,5440.62,0,28,Bank_Transfer,2,4,0,0
CUST_0462,19,169,3375.52,0,28,Credit_Card,2,2,2,1
CUST_0463,36,190,6375.42,5,31,Credit_Card,4,2,3,1
CUST_0464,55,403,21354.71,8,55,Auto_Debit,0,5,3,1
CUST_0465,52,347,19295.87,10,22,Auto_Debit,1,2,2,1
CUST_0466,5,243,1211.42,6,53,Bank_Transfer,0,5,4,1
CUST_0467,31,123,3877.73,10,27,Bank_Transfer,3,3,1,0
CUST_0468,57,182,9459.47,6,33,Auto_Debit,4,1,2,0
CUST_0469,68,350,24579.4,7,74,Bank_Transfer,0,3,4,0
CUST_0470,41,377,14409.37,4,67,Bank_Transfer,4,4,4,0
CUST_0471,70,296,22703.82,2,20,Bank_Transfer,1,2,1,1
CUST_0472,72,436,31247.45,7,52,Auto_Debit,2,3,3,1
CUST_0473,21,415,8988.62,2,51,Bank_Transfer,2,1,0,0
CUST_0474,36,73,2562.38,6,39,Auto_Debit,4,5,1,1
CUST_0475,69,111,8226.36,8,64,Bank_Transfer,1,4,0,0
CUST_0476,28,360,9586.61,5,33,Auto_Debit,2,5,1,0
CUST_0477,72,437,32174.85,1,70,Auto_Debit,0,1,0,1
CUST_0478,9,108,1008.75,3,37,Bank_Transfer,2,2,2,0
CUST_0479,23,266,6059.42,3,34,Credit_Card,1,4,1,0
CUST_0480,27,253,7387.89,4,40,Auto_Debit,1,3,4,0
CUST_0481,34,261,9259.25,0,23,Bank_Transfer,5,4,4,1
CUST_0482,64,293,17280.06,6,58,Bank_Transfer,1,5,0,1
CUST_0483,13,163,1915.15,8,49,Auto_Debit,1,2,2,1
CUST_0484,46,167,6930.34,10,39,Auto_Debit,2,4,2,1
CUST_0485,12,398,4750.53,3,19,Bank_Transfer,5,5,0,0
CUST_0486,52,389,18608.53,1,23,Auto_Debit,2,2,1,0
CUST_0487,67,56,3710.66,0,54,Credit_Card,5,1,0,0
CUST_0488,65,347,20778.64,7,18,Bank_Transfer,0,1,4,1
CUST_0489,26,145,3890.79,3,43,Credit_Card,3,2,4,1
CUST_0490,44,274,11184.33,9,43,Credit_Card,2,4,2,0
CUST_0491,53,179,10016.92,2,72,Auto_Debit,1,4,0,1
CUST_0492,43,313,14118.37,10,64,Bank_Transfer,0,2,0,0
CUST_0493,7,387,2903.67,5,46,Auto_Debit,0,1,0,0
CUST_0494,57,153,8801.2,3,61,Bank_Transfer,2,1,2,0
CUST_0495,29,269,8112.59,10,19,Bank_Transfer,0,1,3,1
CUST_0496,69,441,33082.62,9,51,Credit_Card,4,2,4,1
CUST_0497,72,425,30164.98,6,75,Bank_Transfer,0,2,1,1
CUST_0498,34,61,1980.74,10,22,Bank_Transfer,2,1,1,0
CUST_0499,62,351,23331.14,10,52,Credit_Card,4,1,1,1
CUST_0500,52,105,5999.07,3,47,Auto_Debit,4,4,3,0
CUST_0501,19,434,7878.15,9,48,Auto_Debit,3,5,0,1
CUST_0502,57,409,21503.35,0,46,Auto_Debit,1,1,4,1
CUST_0503,67,325,23934.69,6,26,Bank_Transfer,0,4,2,1
CUST_0504,31,447,13884.49,10,18,Bank_Transfer,1,5,3,1
CUST_0505,20,255,5524.12,4,70,Auto_Debit,1,2,4,1
CUST_0506,70,304,23324.33,5,22,Bank_Transfer,2,4,2,1
CUST_0507,9,182,1693.08,0,25,Credit_Card,2,2,0,0
CUST_0508,68,263,19418.55,1,26,Credit_Card,2,1,4,1
CUST_0509,45,424,20117.03,9,64,Credit_Card,1,4,3,1
CUST_0510,28,216,6020.69,2,65,Auto_Debit,1,2,1,0
CUST_0511,24,204,4732.05,10,35,Bank_Transfer,1,2,0,1
CUST_0512,44,117,5381.87,8,28,Credit_Card,3,4,3,0
CUST_0513,14,114,1529.62,5,60,Credit_Card,0,5,3,0
CUST_0514,11,107,1162.06,5,28,Bank_Transfer,5,2,1,0
CUST_0515,14,279,3607.51,0,66,Bank_Transfer,1,2,4,0
CUST_0516,54,362,20202.79,0,68,Auto_Debit,4,4,0,0
CUST_0517,69,50,3660.72,5,70,Auto_Debit,4,3,3,0
CUST_0518,40,437,17128.96,0,23,Credit_Card,4,1,3,1
CUST_0519,11,239,2651.67,4,61,Credit_Card,3,1,3,1
CUST_0520,38,146,5358.99,2,61,Auto_Debit,5,4,0,0
CUST_0521,51,253,12316.28,1,26,Auto_Debit,1,3,2,1
CUST_0522,24,178,4135.02,7,26,Credit_Card,5,4,4,0
CUST_0523,53,390,22209.01,8,69,Credit_Card,2,4,0,0
CUST_0524,12,285,3593.52,2,18,Auto_Debit,3,3,0,0
CUST_0525,30,94,2625.44,10,67,Auto_Debit,3,4,4,0
CUST_0526,37,302,10512.19,10,54,Auto_Debit,4,5,1,1
CUST_0527,34,442,13613.82,9,64,Bank_Transfer,5,1,1,1
CUST_0528,70,431,32628.55,3,55,Auto_Debit,2,5,2,1
CUST_0529,59,446,26705.4,10,74,Credit_Card,4,4,1,0
CUST_0530,26,119,2869.96,10,39,Credit_Card,5,1,2,0
CUST_0531,45,430,18460.91,0,73,Auto_Debit,3,3,4,0
CUST_0532,5,366,1804.8,7,60,Credit_Card,5,1,4,1
CUST_0533,40,404,14886.54,5,58,Auto_Debit,3,1,4,1
CUST_0534,7,86,555.25,9,34,Bank_Transfer,2,5,4,0
CUST_0535,12,240,2683.48,1,74,Bank_Transfer,0,4,0,0
CUST_0536,65,77,5264.73,1,40,Credit_Card,2,3,2,0
CUST_0537,35,299,10251.73,6,23,Credit_Card,4,5,0,0
CUST_0538,19,311,5566.24,3,40,Bank_Transfer,1,1,0,1
CUST_0539,37,202,8022.41,6,35,Bank_Transfer,2,5,0,0
CUST_0540,30,372,11400.77,10,41,Bank_Transfer,0,3,0,0
CUST_0541,24,72,1599.06,3,37,Bank_Transfer,1,1,1,1
CUST_0542,62,109,6438.66,10,51,Auto_Debit,4,5,4,1
CUST_0543,41,433,16594.24,1,21,Auto_Debit,1,3,1,0
CUST_0544,20,311,6095.77,6,48,Bank_Transfer,3,5,0,0
CUST_0545,20,93,1884.61,10,30,Credit_Card,2,4,2,1
CUST_0546,61,238,15337.39,0,18,Bank_Transfer,4,5,1,0
CUST_0547,9,271,2573.68,10,62,Bank_Transfer,4,4,1,1
CUST_0548,17,416,7353.47,4,43,Auto_Debit,2,3,0,0
CUST_0549,3,303,999.14,1,56,Auto_Debit,5,1,4,1
CUST_0550,57,325,18712.55,6,67,Auto_Debit,3,2,2,1
CUST_0551,71,288,18992.92,1,55,Bank_Transfer,1,2,1,0
CUST_0552,2,66,123.0,6,22,Auto_Debit,2,5,4,0
CUST_0553,43,182,7489.39,0,47,Credit_Card,1,3,1,0
CUST_0554,9,238,1987.41,6,25,Bank_Transfer,1,4,4,1
CUST_0555,6,133,831.32,4,58,Credit_Card,0,3,2,0
CUST_0556,16,349,6120.07,1,30,Credit_Card,0,3,3,1
CUST_0557,71,131,10095.54,6,55,Bank_Transfer,3,1,3,0
CUST_0558,69,179,12301.56,8,30,Auto_Debit,4,4,0,0
CUST_0559,20,261,5410.79,6,37,Auto_Debit,3,3,0,0
CUST_0560,7,86,619.24,4,54,Bank_Transfer,0,5,3,1
CUST_0561,15,412,6728.51,3,47,Auto_Debit,3,4,3,0
CUST_0562,72,439,32695.29,1,56,Bank_Transfer,0,2,4,1
CUST_0563,24,319,8199.94,6,22,Auto_Debit,1,1,3,1
CUST_0564,65,444,30300.49,1,52,Bank_Transfer,5,5,3,1
CUST_0565,9,346,3172.55,2,55,Auto_Debit,2,4,4,1
CUST_0566,70,213,15467.57,10,20,Bank_Transfer,4,5,0,0
CUST_0567,26,403,10205.55,7,43,Credit_Card,3,4,0,0
CUST_0568,36,65,2494.81,7,32,Bank_Transfer,1,4,0,0
CUST_0569,3,166,522.66,1,55,Auto_Debit,1,2,4,1
CUST_0570,37,287,11235.0,10,57,Bank_Transfer,1,2,3,1
CUST_0571,36,123,4819.62,3,19,Credit_Card,0,4,4,0
CUST_0572,25,379,9494.0,1,49,Bank_Transfer,0,5,4,1
CUST_0573,19,242,4668.39,10,69,Credit_Card,3,5,0,1
CUST_0574,11,114,1330.8,9,57,Credit_Card,0,1,0,1
CUST_0575,7,411,2644.13,2,23,Credit_Card,0,2,4,1
CUST_0576,16,188,2827.78,8,28,Auto_Debit,0,1,4,1
CUST_0577,72,217,15963.57,0,51,Bank_Transfer,2,3,2,1
CUST_0578,10,433,4243.78,4,67,Auto_Debit,2,2,3,1
CUST_0579,64,255,15731.83,7,70,Auto_Debit,2,3,1,0
CUST_0580,60,443,25955.86,2,47,Auto_Debit,5,3,1,0
CUST_0581,33,438,15845.31,6,27,Bank_Transfer,4,3,2,1
CUST_0582,46,345,16369.96,3,53,Credit_Card,0,4,0,0
CUST_0583,46,244,10275.87,9,43,Bank_Transfer,1,5,1,1
CUST_0584,53,375,19877.91,5,24,Auto_Debit,4,2,0,0
CUST_0585,63,256,17149.86,8,53,Credit_Card,2,3,3,1
CUST_0586,60,292,18864.07,7,38,Auto_Debit,4,2,4,1
CUST_0587,24,390,8583.17,6,44,Bank_Transfer,2,3,1,0
CUST_0588,56,244,13967.7,0,43,Bank_Transfer,5,3,3,0
CUST_0589,67,374,26087.55,10,41,Bank_Transfer,2,4,1,1
CUST_0590,10,347,3341.93,3,25,Credit_Card,5,3,3,0
CUST_0591,72,188,12214.07,1,49,Auto_Debit,3,1,0,1
CUST_0592,1,114,120.57,6,60,Bank_Transfer,3,1,0,0
CUST_0593,64,179,10630.36,2,62,Auto_Debit,4,4,1,1
CUST_0594,32,422,13529.25,3,48,Bank_Transfer,4,5,4,0
CUST_0595,15,80,1097.61,10,18,Auto_Debit,2,1,2,1
CUST_0596,71,168,12606.13,6,61,Credit_Card,1,2,3,1
CUST_0597,66,443,28013.78,4,43,Credit_Card,0,1,0,1
CUST_0598,61,117,6518.08,0,75,Credit_Card,3,4,3,0
CUST_0599,34,202,6731.21,5,40,Auto_Debit,0,4,2,0
CUST_0600,40,384,16304.81,7,60,Credit_Card,3,4,4,0
CUST_0601,50,277,12871.63,8,51,Auto_Debit,5,1,1,1
CUST_0602,59,351,22236.93,6,69,Bank_Transfer,2,1,1,0
CUST_0603,22,360,8708.19,9,66,Auto_Debit,3,4,1,0
CUST_0604,19,190,3732.21,2,74,Bank_Transfer,0,2,3,1
CUST_0605,55,315,17108.07,6,21,Credit_Card,1,5,4,1
CUST_0606,37,396,13332.02,8,30,Auto_Debit,5,3,0,0
CUST_0607,44,269,12594.67,5,60,Auto_Debit,1,1,4,1
CUST_0608,33,374,12936.41,3,40,Credit_Card,3,2,1,1
CUST_0609,21,83,1774.13,1,55,Credit_Card,2,5,0,0
CUST_0610,47,188,8248.44,4,42,Auto_Debit,1,3,1,0
CUST_0611,51,264,13582.41,8,47,Auto_Debit,1,1,3,1
CUST_0612,24,230,5023.74,2,38,Auto_Debit,0,1,3,1
CUST_0613,21,151,3121.76,8,44,Bank_Transfer,5,4,0,0
CUST_0614,47,76,3519.61,4,71,Credit_Card,1,1,3,1
CUST_0615,51,317,16264.1,0,60,Credit_Card,1,4,0,0
CUST_0616,7,215,1623.13,4,72,Bank_Transfer,1,2,4,1
CUST_0617,7,410,3054.48,2,45,Credit_Card,1,1,0,0
CUST_0618,9,263,2545.79,0,53,Auto_Debit,5,4,0,0
CUST_0619,11,112,1246.93,1,70,Credit_Card,3,3,3,0
CUST_0620,10,339,3201.55,4,70,Bank_Transfer,3,4,4,0
CUST_0621,35,410,14513.87,7,23,Credit_Card,0,1,4,1
CUST_0622,45,259,12184.4,2,44,Auto_Debit,2,1,3,1
CUST_0623,52,439,22271.16,10,24,Credit_Card,0,3,0,0
CUST_0624,38,231,9449.78,10,35,Auto_Debit,1,4,0,0
CUST_0625,3,177,479.44,8,69,Credit_Card,1,2,0,1
CUST_0626,3,217,602.3,10,36,Bank_Transfer,0,4,2,0
CUST_0627,5,443,2232.32,4,45,Auto_Debit,3,4,3,0
CUST_0628,44,235,10456.67,6,64,Credit_Card,3,5,2,0
CUST_0629,31,97,2728.12,1,26,Credit_Card,1,2,4,0
CUST_0630,67,163,10637.45,3,61,Credit_Card,4,4,0,0
CUST_0631,63,107,6609.51,3,29,Auto_Debit,2,2,3,1
CUST_0632,50,342,17788.19,3,20,Credit_Card,5,1,0,1
CUST_0633,14,169,2412.08,0,69,Auto_Debit,5,5,4,0
CUST_0634,13,378,4882.11,4,58,Bank_Transfer,5,2,3,1
CUST_0635,1,176,177.56,8,63,Auto_Debit,3,4,0,0
CUST_0636,47,283,13812.36,9,74,Bank_Transfer,3,2,0,1
CUST_0637,59,418,25037.95,4,32,Bank_Transfer,1,5,3,0
CUST_0638,66,405,27756.89,5,35,Auto_Debit,4,1,2,1
CUST_0639,44,193,9139.47,10,53,Auto_Debit,0,3,2,1
CUST_0640,52,64,3304.38,1,57,Bank_Transfer,4,1,4,1
CUST_0641,1,370,347.05,2,56,Bank_Transfer,1,1,2,1
CUST_0642,26,369,10483.94,0,36,Bank_Transfer,1,2,3,1
CUST_0643,47,397,18709.09,1,20,Credit_Card,1,5,2,0
CUST_0644,63,251,16775.5,1,32,Bank_Transfer,2,1,0,0
CUST_0645,45,260,11965.85,4,60,Bank_Transfer,2,1,2,0
CUST_0646,21,320,7158.9,10,28,Auto_Debit,1,3,3,0
CUST_0647,52,56,2874.43,4,26,Bank_Transfer,5,1,4,1
CUST_0648,43,423,17197.93,9,51,Credit_Card,4,4,3,0
CUST_0649,30,58,1597.01,3,60,Auto_Debit,0,5,0,0
CUST_0650,46,387,17589.02,3,29,Bank_Transfer,2,4,3,0
CUST_0651,39,205,8031.61,2,63,Credit_Card,4,1,2,1
CUST_0652,61,69,3942.88,10,54,Credit_Card,2,5,3,0
CUST_0653,37,312,11280.73,6,62,Bank_Transfer,4,1,0,1
CUST_0654,70,286,21081.03,6,31,Bank_Transfer,4,1,1,1
CUST_0655,65,392,24696.36,2,67,Auto_Debit,2,5,4,0
CUST_0656,57,373,19253.91,5,64,Credit_Card,5,5,2,0
CUST_0657,31,238,7742.06,2,65,Auto_Debit,3,1,2,0
CUST_0658,43,253,9912.7,10,42,Bank_Transfer,3,1,1,0
CUST_0659,33,148,4897.43,0,71,Bank_Transfer,5,3,0,0
CUST_0660,30,320,9826.84,6,19,Bank_Transfer,2,2,0,1
CUST_0661,33,320,9579.46,10,55,Credit_Card,1,4,2,0
CUST_0662,43,368,15066.8,2,18,Credit_Card,0,2,0,1
CUST_0663,55,215,11386.18,1,56,Auto_Debit,1,4,1,0
CUST_0664,65,67,4170.25,0,61,Credit_Card,0,2,3,1
CUST_0665,39,317,12928.56,4,43,Bank_Transfer,4,4,1,0
CUST_0666,54,264,14805.49,5,62,Credit_Card,3,5,2,0
CUST_0667,14,421,5767.19,4,24,Auto_Debit,2,4,4,0
CUST_0668,18,53,1027.96,5,63,Auto_Debit,5,5,1,0
CUST_0669,17,447,7507.04,0,30,Credit_Card,1,2,2,1
CUST_0670,10,331,2995.69,3,45,Auto_Debit,2,2,2,1
CUST_0671,30,322,10459.11,10,64,Auto_Debit,5,4,3,0
CUST_0672,2,168,319.5,4,75,Auto_Debit,2,3,3,0
CUST_0673,56,72,4293.66,5,57,Credit_Card,4,1,1,1
CUST_0674,54,331,17060.84,8,51,Credit_Card,1,3,0,1
CUST_0675,30,224,7052.28,10,65,Credit_Card,4,3,0,0
CUST_0676,24,135,3247.32,3,24,Credit_Card,4,2,4,0
CUST_0677,25,62,1595.47,2,39,Auto_Debit,3,3,3,0
CUST_0678,54,121,6000.59,3,19,Credit_Card,5,5,2,1
CUST_0679,27,56,1619.93,3,31,Auto_Debit,0,3,0,0
CUST_0680,1,413,390.29,0,20,Credit_Card,5,5,4,1
CUST_0681,50,56,2981.63,10,59,Auto_Debit,1,1,3,1
CUST_0682,23,385,9463.07,4,73,Auto_Debit,1,2,1,0
CUST_0683,66,90,5462.98,7,69,Credit_Card,3,3,3,1
CUST_0684,35,88,3276.93,10,48,Credit_Card,2,5,3,0
CUST_0685,61,438,25490.74,9,44,Credit_Card,4,1,0,0
CUST_0686,34,336,10465.9,0,44,Bank_Transfer,3,4,3,0
CUST_0687,9,202,1818.34,4,24,Bank_Transfer,0,5,0,0
CUST_0688,42,62,2835.54,10,51,Bank_Transfer,1,3,3,0
CUST_0689,2,51,94.01,9,71,Credit_Card,4,2,0,1
CUST_0690,9,226,2057.95,1,44,Bank_Transfer,2,3,4,1
CUST_0691,50,232,12594.58,7,65,Credit_Card,4,1,0,0
CUST_0692,64,148,9176.72,8,63,Auto_Debit,4,1,4,1
CUST_0693,14,200,2564.72,0,20,Bank_Transfer,1,2,3,1
CUST_0694,14,241,3351.29,5,18,Auto_Debit,2,4,3,1
CUST_0695,44,245,9747.95,9,26,Bank_Transfer,0,2,3,1
CUST_0696,30,121,3425.74,10,52,Credit_Card,5,3,0,0
CUST_0697,55,276,15901.41,9,39,Credit_Card,4,3,0,0
CUST_0698,4,349,1419.8,7,48,Bank_Transfer,4,5,1,0
CUST_0699,36,337,11851.2,1,51,Credit_Card,5,1,1,0
CUST_0700,42,158,6257.39,5,66,Bank_Transfer,4,1,3,1
CUST_0701,3,435,1292.63,4,63,Credit_Card,2,5,3,0
CUST_0702,34,304,10880.04,8,53,Bank_Transfer,4,4,0,0
CUST_0703,9,267,2632.61,8,36,Bank_Transfer,1,1,4,1
CUST_0704,47,167,8106.98,10,62,Auto_Debit,4,3,4,0
CUST_0705,63,403,24827.31,10,65,Auto_Debit,4,3,4,0
CUST_0706,29,323,9867.27,1,22,Credit_Card,0,2,0,0
CUST_0707,24,424,9748.99,10,53,Credit_Card,2,5,1,1
CUST_0708,47,284,13801.96,5,50,Bank_Transfer,1,4,2,1
CUST_0709,64,90,5658.9,8,35,Credit_Card,0,2,4,1
CUST_0710,13,223,3103.02,3,34,Bank_Transfer,5,2,4,1
CUST_0711,10,231,2144.84,6,62,Auto_Debit,3,1,3,1
CUST_0712,35,195,7172.66,10,20,Credit_Card,4,2,0,1
CUST_0713,72,221,14550.27,9,46,Credit_Card,1,2,3,1
CUST_0714,61,100,5549.06,1,35,Auto_Debit,4,4,3,0
CUST_0715,15,201,3019.48,9,66,Bank_Transfer,0,5,0,0
CUST_0716,58,205,12941.88,4,61,Bank_Transfer,1,1,3,1
CUST_0717,10,281,2984.22,2,34,Auto_Debit,4,4,3,0
CUST_0718,37,303,10542.34,4,73,Credit_Card,2,5,2,1
CUST_0719,30,388,12116.43,4,48,Auto_Debit,2,1,1,0
CUST_0720,63,268,18227.82,5,69,Auto_Debit,1,4,4,0
CUST_0721,27,123,3489.85,1,56,Bank_Transfer,4,5,1,0
CUST_0722,48,375,19127.34,3,27,Auto_Debit,3,5,3,0
CUST_0723,29,193,5444.77,3,68,Bank_Transfer,5,3,3,1
CUST_0724,8,197,1704.25,1,28,Bank_Transfer,3,4,0,0
CUST_0725,38,201,7130.78,8,39,Credit_Card,4,3,2,1
CUST_0726,24,131,2930.33,6,39,Credit_Card,0,2,2,1
CUST_0727,11,327,3553.87,10,51,Credit_Card,0,2,2,1
CUST_0728,52,202,9986.64,8,28,Credit_Card,4,1,2,1
CUST_0729,18,66,1128.47,6,57,Credit_Card,1,3,3,1
CUST_0730,37,110,3728.75,0,60,Bank_Transfer,0,4,4,1
CUST_0731,30,401,10974.28,3,24,Credit_Card,0,1,3,1
CUST_0732,36,281,9831.02,10,51,Bank_Transfer,3,1,2,1
CUST_0733,72,122,8083.49,5,70,Auto_Debit,3,1,4,1
CUST_0734,47,421,20672.34,0,73,Bank_Transfer,1,3,0,0
CUST_0735,42,240,10546.38,5,49,Auto_Debit,5,5,2,0
CUST_0736,71,346,23415.66,0,46,Auto_Debit,3,2,0,1
CUST_0737,34,131,4344.31,5,46,Credit_Card,0,4,1,0
CUST_0738,72,75,5892.43,6,62,Bank_Transfer,2,1,3,1
CUST_0739,62,213,13709.51,7,19,Credit_Card,3,2,4,1
CUST_0740,40,121,4693.83,5,23,Bank_Transfer,1,2,3,0
CUST_0741,63,103,6227.26,7,65,Bank_Transfer,3,4,1,0
CUST_0742,56,121,6949.01,4,75,Credit_Card,4,4,1,0
CUST_0743,12,134,1497.9,1,38,Bank_Transfer,1,4,0,0
CUST_0744,55,168,9675.55,9,63,Credit_Card,1,2,1,0
CUST_0745,51,87,4432.62,2,35,Bank_Transfer,2,4,2,0
CUST_0746,6,52,320.49,4,66,Auto_Debit,0,4,0,0
CUST_0747,6,244,1471.24,3,62,Credit_Card,2,3,2,0
CUST_0748,44,193,9059.6,6,41,Auto_Debit,5,5,3,0
CUST_0749,21,67,1293.91,7,73,Bank_Transfer,0,1,4,1
CUST_0750,67,437,26404.02,4,26,Bank_Transfer,4,1,0,0
CUST_0751,4,295,1088.05,9,46,Credit_Card,2,1,4,1
CUST_0752,48,112,5803.16,0,26,Bank_Transfer,0,2,3,1
CUST_0753,56,162,9165.39,0,38,Auto_Debit,3,5,3,0
CUST_0754,19,329,6763.45,10,28,Credit_Card,3,2,1,0
CUST_0755,44,57,2684.1,5,50,Credit_Card,4,5,4,0
CUST_0756,62,444,26013.09,5,51,Bank_Transfer,3,5,3,0
CUST_0757,31,372,11019.15,6,35,Auto_Debit,1,1,3,1
CUST_0758,19,263,5124.22,5,51,Bank_Transfer,3,1,2,1
CUST_0759,20,257,5062.87,6,72,Auto_Debit,2,5,2,0
CUST_0760,14,153,2170.45,6,57,Credit_Card,3,2,2,1
CUST_0761,66,129,9253.54,7,46,Auto_Debit,3,3,0,0
CUST_0762,34,328,10703.48,1,20,Credit_Card,4,3,2,0
CUST_0763,67,338,21894.56,2,22,Credit_Card,1,3,2,0
CUST_0764,22,441,9583.25,1,65,Credit_Card,4,2,1,1
CUST_0765,5,436,2004.37,10,62,Bank_Transfer,2,2,2,1
CUST_0766,35,189,6228.6,2,33,Auto_Debit,4,4,2,0
CUST_0767,16,379,5628.62,6,43,Credit_Card,0,1,3,1
CUST_0768,29,82,2325.49,9,20,Auto_Debit,0,5,2,1
CUST_0769,53,280,15053.86,5,26,Bank_Transfer,0,5,0,0
CUST_0770,66,356,23581.72,2,54,Auto_Debit,1,1,3,1
CUST_0771,20,106,2221.73,0,22,Credit_Card,3,1,0,1
CUST_0772,61,443,29185.72,4,63,Auto_Debit,0,2,0,0
CUST_0773,2,386,744.03,1,64,Auto_Debit,2,5,0,0
CUST_0774,51,84,4644.31,8,40,Auto_Debit,4,3,4,0
CUST_0775,41,236,9703.47,2,33,Credit_Card,0,1,0,1
CUST_0776,53,65,3423.09,10,41,Auto_Debit,3,2,1,1
CUST_0777,15,72,1094.75,6,22,Credit_Card,2,5,1,0
CUST_0778,3,332,1000.48,9,30,Auto_Debit,1,4,2,0
CUST_0779,19,64,1302.23,0,58,Credit_Card,3,1,3,0
CUST_0780,70,350,23919.52,0,29,Bank_Transfer,3,5,3,1
CUST_0781,46,77,3245.1,7,55,Auto_Debit,1,1,0,1
CUST_0782,3,122,378.27,10,24,Credit_Card,2,5,2,1
CUST_0783,36,247,8887.46,1,57,Auto_Debit,3,3,3,1
CUST_0784,26,391,9899.64,10,47,Auto_Debit,4,4,4,0
CUST_0785,43,304,13408.28,9,33,Credit_Card,1,3,3,1
CUST_0786,28,53,1367.4,2,58,Credit_Card,3,3,3,0
CUST_0787,58,302,19047.84,4,59,Bank_Transfer,2,5,4,0
CUST_0788,56,326,16932.47,2,74,Bank_Transfer,0,5,1,0
CUST_0789,4,188,737.81,6,26,Bank_Transfer,2,5,0,1
CUST_0790,50,236,11521.19,4,57,Credit_Card,5,3,3,1
CUST_0791,60,75,4688.36,2,30,Auto_Debit,3,1,1,1
CUST_0792,31,244,7525.58,6,35,Auto_Debit,3,2,0,1
CUST_0793,56,113,6484.64,8,26,Credit_Card,0,3,0,1
CUST_0794,40,291,12538.89,5,71,Auto_Debit,3,4,4,1
CUST_0795,68,174,12337.35,6,35,Bank_Transfer,1,3,0,0
CUST_0796,30,289,9414.01,10,20,Bank_Transfer,2,1,3,1
CUST_0797,49,122,5977.85,3,29,Bank_Transfer,5,5,1,0
CUST_0798,57,256,13557.57,8,32,Bank_Transfer,4,5,0,0
CUST_0799,72,84,6529.81,2,66,Auto_Debit,5,4,0,0
CUST_0800,44,218,10282.77,0,75,Credit_Card,0,1,3,1
CUST_0801,49,438,19621.09,2,68,Bank_Transfer,0,4,1,0
CUST_0802,5,216,1135.37,1,29,Bank_Transfer,2,4,1,0
CUST_0803,11,130,1386.72,10,62,Auto_Debit,1,3,3,0
CUST_0804,53,127,6838.17,1,26,Credit_Card,0,3,2,0
CUST_0805,13,399,5451.08,2,41,Credit_Card,2,3,0,0
CUST_0806,57,320,19963.44,2,58,Auto_Debit,2,5,3,0
CUST_0807,22,265,6290.46,1,33,Credit_Card,0,2,4,1
CUST_0808,6,421,2296.29,1,24,Credit_Card,4,3,0,0
CUST_0809,72,327,25270.15,7,23,Auto_Debit,2,4,2,1
CUST_0810,65,342,23067.58,6,43,Auto_Debit,5,2,0,1
CUST_0811,17,61,1068.05,6,35,Credit_Card,3,3,2,0
CUST_0812,46,416,18213.1,5,74,Auto_Debit,1,4,1,0
CUST_0813,23,90,2022.28,8,47,Auto_Debit,4,1,2,1
CUST_0814,31,185,5522.55,3,29,Bank_Transfer,3,4,4,0
CUST_0815,44,53,2126.97,9,52,Auto_Debit,5,3,2,1
CUST_0816,21,347,6752.94,7,19,Credit_Card,1,4,1,0
CUST_0817,42,140,5690.32,2,19,Credit_Card,5,3,3,1
CUST_0818,29,110,3093.27,3,20,Credit_Card,4,5,3,1
CUST_0819,19,145,2628.55,3,21,Credit_Card,5,4,4,1
CUST_0820,21,109,2309.18,7,70,Credit_Card,0,3,0,0
CUST_0821,9,190,1850.76,8,55,Credit_Card,2,5,0,0
CUST_0822,11,144,1694.28,7,47,Bank_Transfer,2,1,0,0
CUST_0823,14,292,4466.16,6,23,Auto_Debit,1,4,1,0
CUST_0824,40,278,12059.15,8,48,Bank_Transfer,5,2,4,1
CUST_0825,60,299,16803.59,0,47,Auto_Debit,1,4,4,0
CUST_0826,44,376,17416.25,6,23,Credit_Card,2,1,1,0
CUST_0827,5,190,1030.65,3,31,Auto_Debit,3,1,4,1
CUST_0828,51,245,12809.77,1,69,Credit_Card,5,2,2,1
CUST_0829,3,225,729.32,7,20,Bank_Transfer,3,5,1,0
CUST_0830,42,427,18306.08,3,45,Auto_Debit,1,1,4,1
CUST_0831,51,225,12157.62,0,46,Bank_Transfer,1,3,1,0
CUST_0832,42,329,13016.48,5,40,Auto_Debit,0,5,4,0
CUST_0833,53,112,6357.17,2,24,Credit_Card,4,5,0,0
CUST_0834,1,221,240.72,3,30,Auto_Debit,5,5,4,1
CUST_0835,63,302,18479.67,10,62,Credit_Card,3,1,2,1
CUST_0836,15,194,3068.28,3,31,Bank_Transfer,2,5,3,0
CUST_0837,41,133,5305.63,1,42,Bank_Transfer,2,3,2,0
CUST_0838,36,332,12534.13,2,42,Bank_Transfer,4,5,4,1
CUST_0839,67,370,24460.03,8,27,Bank_Transfer,0,1,4,1
CUST_0840,19,368,7323.78,8,45,Bank_Transfer,3,5,3,0
CUST_0841,67,114,7496.48,4,56,Bank_Transfer,3,1,3,0
CUST_0842,47,339,17250.41,5,18,Credit_Card,5,3,0,0
CUST_0843,72,421,30434.35,4,51,Bank_Transfer,5,3,3,0
CUST_0844,30,69,2112.54,9,24,Auto_Debit,4,4,4,0
CUST_0845,70,94,6347.78,4,71,Bank_Transfer,4,5,2,0
CUST_0846,9,220,1924.02,8,23,Bank_Transfer,1,3,3,1
CUST_0847,5,366,1971.89,10,64,Credit_Card,2,1,0,1
CUST_0848,13,89,1136.26,6,35,Bank_Transfer,0,2,0,0
CUST_0849,24,208,4624.92,2,74,Auto_Debit,4,1,4,1
CUST_0850,60,346,20059.2,2,29,Auto_Debit,0,5,3,1
CUST_0851,53,225,11641.41,6,47,Auto_Debit,0,1,0,1
CUST_0852,72,401,30573.88,8,46,Auto_Debit,0,2,1,1
CUST_0853,47,211,9131.48,1,46,Credit_Card,4,1,2,1
CUST_0854,68,235,15304.77,4,57,Bank_Transfer,4,1,4,0
CUST_0855,16,77,1313.19,5,28,Auto_Debit,0,4,2,0
CUST_0856,40,281,11151.98,8,67,Auto_Debit,5,5,0,0
CUST_0857,2,117,232.07,2,51,Bank_Transfer,3,2,1,0
CUST_0858,14,76,1157.72,1,58,Bank_Transfer,4,3,1,0
CUST_0859,37,123,4535.95,6,31,Bank_Transfer,3,2,4,1
CUST_0860,56,239,13555.73,6,75,Bank_Transfer,2,4,3,1
CUST_0861,40,434,17256.02,1,60,Auto_Debit,2,2,4,1
CUST_0862,66,416,27501.89,3,69,Bank_Transfer,2,1,4,0
CUST_0863,56,243,13282.45,9,47,Auto_Debit,3,5,1,0
CUST_0864,31,439,14588.49,2,50,Bank_Transfer,4,3,4,1
CUST_0865,11,346,3927.1,6,36,Auto_Debit,0,1,4,1
CUST_0866,69,406,26332.42,8,73,Auto_Debit,5,3,4,0
CUST_0867,70,97,6183.01,4,68,Bank_Transfer,2,2,1,1
CUST_0868,7,360,2434.11,10,41,Bank_Transfer,5,2,1,0
CUST_0869,34,356,11363.36,6,54,Bank_Transfer,5,3,3,0
CUST_0870,20,59,1131.71,4,26,Bank_Transfer,5,1,0,0
CUST_0871,64,54,3599.08,4,46,Auto_Debit,1,4,0,0
CUST_0872,52,243,11882.09,8,61,Auto_Debit,2,1,3,1
CUST_0873,57,253,15808.06,1,47,Bank_Transfer,4,1,0,0
CUST_0874,63,321,19065.9,7,58,Bank_Transfer,1,4,3,0
CUST_0875,62,183,11648.79,3,26,Auto_Debit,0,4,0,0
CUST_0876,52,325,15565.0,10,23,Auto_Debit,5,1,0,1
CUST_0877,43,441,20507.8,8,39,Bank_Transfer,5,4,1,0
CUST_0878,2,442,934.31,8,69,Credit_Card,4,3,1,0
CUST_0879,70,417,30261.08,6,27,Auto_Debit,2,1,4,0
CUST_0880,37,200,7351.15,8,55,Bank_Transfer,1,2,2,1
CUST_0881,61,262,15226.26,7,67,Bank_Transfer,4,2,0,1
CUST_0882,68,443,32043.65,9,58,Auto_Debit,1,1,4,1
CUST_0883,60,118,7708.43,7,59,Auto_Debit,4,3,4,1
CUST_0884,4,349,1378.8,7,20,Credit_Card,0,1,3,1
CUST_0885,54,299,16632.02,6,48,Auto_Debit,0,4,1,0
CUST_0886,54,310,17132.79,3,69,Auto_Debit,4,3,4,1
CUST_0887,29,84,2250.0,3,58,Auto_Debit,0,2,2,1
CUST_0888,21,379,8367.03,1,74,Credit_Card,0,3,0,0
CUST_0889,34,378,11820.79,8,66,Credit_Card,2,4,3,0
CUST_0890,23,101,2554.25,9,43,Credit_Card,2,1,3,1
CUST_0891,39,347,13324.83,1,75,Credit_Card,4,3,3,0
CUST_0892,18,177,3377.81,8,22,Auto_Debit,4,5,4,1
CUST_0893,52,227,11080.3,1,54,Credit_Card,2,4,0,0
CUST_0894,33,337,10104.5,1,22,Auto_Debit,0,2,1,1
CUST_0895,33,289,10391.1,5,65,Credit_Card,2,3,3,0
CUST_0896,11,198,2096.61,9,20,Bank_Transfer,4,1,0,1
CUST_0897,53,420,22292.17,5,46,Bank_Transfer,3,2,1,0
CUST_0898,15,149,2298.17,5,53,Credit_Card,3,4,2,1
CUST_0899,3,301,854.03,8,68,Bank_Transfer,4,5,3,0
CUST_0900,70,122,9212.26,1,27,Auto_Debit,4,2,4,1
CUST_0901,11,409,4302.45,0,74,Bank_Transfer,4,3,4,0
CUST_0902,63,220,14624.53,7,57,Bank_Transfer,5,4,4,0
CUST_0903,48,371,18239.61,8,75,Bank_Transfer,3,2,2,1
CUST_0904,34,65,2240.46,7,51,Bank_Transfer,1,2,1,1
CUST_0905,67,322,23419.68,3,51,Auto_Debit,5,3,3,1
CUST_0906,61,93,6080.88,2,28,Bank_Transfer,2,1,3,0
CUST_0907,67,152,9788.27,6,38,Credit_Card,0,1,4,1
CUST_0908,1,428,433.44,9,58,Bank_Transfer,3,4,4,1
CUST_0909,20,368,7315.4,7,68,Bank_Transfer,1,1,3,1
CUST_0910,72,234,16758.72,3,41,Auto_Debit,0,1,3,1
CUST_0911,68,260,18716.95,1,55,Credit_Card,4,4,2,0
CUST_0912,63,96,5996.13,7,24,Bank_Transfer,3,5,3,0
CUST_0913,55,373,21658.15,9,52,Credit_Card,3,5,3,0
CUST_0914,21,424,8738.71,0,25,Credit_Card,4,5,4,1
CUST_0915,12,179,2266.67,4,53,Credit_Card,5,4,1,0
CUST_0916,2,228,444.28,8,37,Auto_Debit,1,5,3,0
CUST_0917,29,64,1953.84,8,70,Auto_Debit,3,3,4,0
CUST_0918,27,374,10424.84,1,60,Credit_Card,1,3,3,0
CUST_0919,19,199,4074.97,1,55,Credit_Card,2,3,2,0
CUST_0920,64,106,7332.49,6,46,Credit_Card,3,2,3,1
CUST_0921,59,277,15152.76,2,70,Credit_Card,2,1,0,0
CUST_0922,50,226,11102.64,3,35,Credit_Card,5,1,3,1
CUST_0923,21,323,6699.09,5,38,Bank_Transfer,3,3,4,1
CUST_0924,43,414,16807.87,2,27,Credit_Card,3,1,2,1
CUST_0925,56,127,7633.38,1,48,Auto_Debit,5,5,4,1
CUST_0926,31,101,3098.77,9,38,Bank_Transfer,3,3,1,1
CUST_0927,5,394,2021.23,2,75,Auto_Debit,2,4,3,1
CUST_0928,69,263,16983.2,6,63,Bank_Transfer,0,3,1,0
CUST_0929,12,52,615.02,5,59,Auto_Debit,0,1,4,1
CUST_0930,6,244,1487.29,10,19,Auto_Debit,2,5,1,0
CUST_0931,42,63,2658.94,10,74,Auto_Debit,3,1,1,1
CUST_0932,58,382,21325.95,4,40,Auto_Debit,3,1,2,1
CUST_0933,45,252,11513.55,0,71,Auto_Debit,3,1,0,0
CUST_0934,1,386,395.01,7,72,Credit_Card,3,3,0,0
CUST_0935,39,287,10136.16,4,31,Bank_Transfer,1,1,2,1
CUST_0936,38,134,4643.38,9,56,Credit_Card,2,3,4,0
CUST_0937,36,357,14033.02,7,54,Bank_Transfer,1,4,0,1
CUST_0938,53,265,15040.55,3,38,Auto_Debit,1,4,4,0
CUST_0939,40,371,15653.74,4,67,Auto_Debit,0,2,4,1
CUST_0940,39,183,6622.27,8,30,Bank_Transfer,5,4,3,0
CUST_0941,5,210,1023.54,1,74,Credit_Card,0,5,3,0
CUST_0942,67,241,15398.38,10,27,Credit_Card,0,1,1,0
CUST_0943,65,386,24910.09,7,27,Bank_Transfer,1,4,1,0
CUST_0944,31,132,3877.14,2,38,Bank_Transfer,3,4,0,0
CUST_0945,71,301,20971.4,5,70,Auto_Debit,0,2,3,1
CUST_0946,38,345,11850.22,1,25,Credit_Card,4,1,1,1
CUST_0947,41,134,5583.25,2,71,Credit_Card,3,4,2,0
CUST_0948,43,175,7025.04,9,20,Bank_Transfer,0,1,1,0
CUST_0949,49,51,2556.47,0,38,Bank_Transfer,4,2,1,0
CUST_0950,37,234,9229.86,8,34,Credit_Card,0,3,1,0
CUST_0951,33,159,5014.11,6,66,Bank_Transfer,2,3,1,0
CUST_0952,2,203,369.19,3,37,Auto_Debit,2,1,0,1
CUST_0953,41,258,10967.36,10,43,Auto_Debit,4,4,0,0
CUST_0954,6,270,1720.38,9,62,Bank_Transfer,5,2,2,1
CUST_0955,14,60,868.88,0,65,Bank_Transfer,1,2,4,1
CUST_0956,58,83,4830.98,8,42,Auto_Debit,4,3,0,0
CUST_0957,42,153,6111.76,2,53,Bank_Transfer,3,1,2,1
CUST_0958,13,313,4256.61,6,30,Auto_Debit,2,2,3,1
CUST_0959,3,328,1022.78,1,73,Credit_Card,5,4,0,0
CUST_0960,62,63,3654.82,5,45,Bank_Transfer,5,5,2,1
CUST_0961,45,440,18650.88,3,62,Credit_Card,0,4,0,0
CUST_0962,39,154,5633.4,3,33,Auto_Debit,0,1,0,0
CUST_0963,6,233,1401.59,8,68,Credit_Card,0,1,0,1
CUST_0964,60,221,14485.08,8,31,Bank_Transfer,1,5,0,0
CUST_0965,22,360,8188.93,9,59,Auto_Debit,5,3,0,0
CUST_0966,27,115,2973.59,8,60,Credit_Card,5,2,2,1
CUST_0967,23,86,2159.85,1,65,Credit_Card,2,2,3,1
CUST_0968,13,380,5241.12,3,73,Bank_Transfer,0,2,4,1
CUST_0969,55,265,15094.41,4,48,Auto_Debit,0,3,4,1
CUST_0970,25,88,2159.93,1,63,Credit_Card,4,3,4,1
CUST_0971,27,239,6811.05,1,68,Credit_Card,1,4,0,1
CUST_0972,57,306,15746.1,0,26,Auto_Debit,4,5,4,0
CUST_0973,63,74,5086.29,10,23,Bank_Transfer,5,4,3,0
CUST_0974,16,56,854.76,7,73,Bank_Transfer,3,3,2,1
CUST_0975,49,211,9804.78,5,56,Auto_Debit,5,5,0,0
CUST_0976,67,328,20404.66,2,25,Auto_Debit,5,5,3,0
CUST_0977,70,125,9478.2,7,73,Credit_Card,2,5,4,1
CUST_0978,29,86,2506.03,3,43,Credit_Card,2,4,0,0
CUST_0979,13,148,1922.38,2,41,Bank_Transfer,2,5,1,0
CUST_0980,68,63,4671.29,1,36,Auto_Debit,1,1,3,1
CUST_0981,42,306,12637.52,6,62,Credit_Card,5,3,0,0
CUST_0982,22,105,2459.02,10,67,Credit_Card,5,1,0,0
CUST_0983,71,354,26661.55,0,41,Bank_Transfer,2,3,0,0
CUST_0984,27,59,1698.13,7,63,Credit_Card,5,5,4,1
CUST_0985,53,299,14587.8,6,50,Bank_Transfer,5,2,0,1
CUST_0986,16,297,4475.29,0,34,Bank_Transfer,2,1,4,1
CUST_0987,51,85,4612.59,7,41,Auto_Debit,5,3,4,0
CUST_0988,41,325,12450.87,10,18,Credit_Card,4,4,2,1
CUST_0989,60,259,16434.87,4,71,Auto_Debit,5,5,4,0
CUST_0990,52,168,8319.86,8,25,Bank_Transfer,5,5,4,0
CUST_0991,30,289,8457.08,3,56,Bank_Transfer,3,2,0,0
CUST_0992,65,339,20136.67,0,71,Credit_Card,2,3,2,0
CUST_0993,59,54,3498.32,9,27,Auto_Debit,5,3,3,0
CUST_0994,28,445,11758.59,2,47,Auto_Debit,4,5,3,1
CUST_0995,62,316,20485.19,9,35,Credit_Card,2,2,0,0
CUST_0996,57,355,18451.39,9,74,Credit_Card,2,4,2,0
CUST_0997,71,103,7308.1,6,74,Credit_Card,1,3,2,0
CUST_0998,43,329,13994.32,2,58,Auto_Debit,0,5,3,0
CUST_0999,64,149,9270.86,1,54,Credit_Card,3,1,2,0
CUST_1000,4,430,1649.56,10,27,Credit_Card,2,1,2,1
CUST_1001,53,290,14096.53,6,39,Bank_Transfer,3,1,0,1
CUST_1002,2,337,679.21,1,65,Credit_Card,5,2,3,1
CUST_1003,56,209,12253.16,1,69,Bank_Transfer,1,3,4,1
CUST_1004,5,143,651.26,7,68,Bank_Transfer,0,1,3,1
CUST_1005,38,111,4049.03,10,18,Bank_Transfer,3,5,1,1
CUST_1006,31,331,9961.3,4,50,Bank_Transfer,0,2,2,1
CUST_1007,22,155,3145.39,5,64,Credit_Card,2,3,3,1
CUST_1008,35,322,11296.15,1,56,Bank_Transfer,4,3,3,1
CUST_1009,60,228,13952.64,1,26,Bank_Transfer,3,1,3,1
CUST_1010,71,130,9282.9,3,71,Auto_Debit,2,3,3,0
CUST_1011,45,68,3351.93,0,51,Credit_Card,3,1,4,1
CUST_1012,20,366,7717.93,0,62,Auto_Debit,1,4,1,1
CUST_1013,3,248,769.27,9,58,Auto_Debit,2,2,1,1
CUST_1014,29,442,13099.42,1,62,Auto_Debit,2,1,4,1
CUST_1015,66,406,27226.45,5,60,Bank_Transfer,2,1,0,1
CUST_1016,57,60,3690.8,9,66,Credit_Card,2,2,1,0
CUST_1017,14,161,2395.16,4,66,Credit_Card,5,5,1,0
CUST_1018,12,220,2831.83,4,53,Credit_Card,5,3,1,0
CUST_1019,54,125,6789.14,4,40,Auto_Debit,3,1,3,0
CUST_1020,25,77,1861.49,8,40,Bank_Transfer,4,5,4,0
CUST_1021,18,85,1520.57,10,59,Bank_Transfer,0,3,1,1
CUST_1022,1,118,112.15,8,68,Bank_Transfer,0,1,2,1
CUST_1023,11,106,1264.98,10,44,Auto_Debit,4,4,3,1
CUST_1024,65,202,12339.98,4,40,Auto_Debit,5,2,3,1
CUST_1025,13,313,4400.81,8,60,Auto_Debit,3,5,0,0
CUST_1026,49,412,21506.93,4,20,Credit_Card,1,1,2,1
CUST_1027,22,292,6097.18,0,33,Bank_Transfer,5,1,3,0
CUST_1028,7,185,1302.74,1,47,Credit_Card,0,2,0,1
CUST_1029,42,93,3982.44,1,75,Credit_Card,0,5,0,0
CUST_1030,47,71,3289.26,9,75,Bank_Transfer,0,1,3,1
CUST_1031,62,438,29186.46,4,46,Auto_Debit,4,2,1,1
CUST_1032,71,118,8532.26,9,70,Bank_Transfer,0,2,3,1
CUST_1033,25,281,7565.9,9,48,Bank_Transfer,5,4,0,0
CUST_1034,23,141,3538.41,0,29,Bank_Transfer,2,5,0,0
CUST_1035,66,316,22154.45,0,65,Bank_Transfer,4,5,2,1
CUST_1036,22,438,9231.73,0,72,Bank_Transfer,3,4,1,0
CUST_1037,72,266,19824.59,6,20,Credit_Card,3,1,2,1
CUST_1038,43,124,5422.9,7,26,Credit_Card,3,4,2,1
CUST_1039,54,106,6173.4,6,67,Auto_Debit,2,2,0,1
CUST_1040,36,265,9578.51,1,41,Credit_Card,3,3,0,0
CUST_1041,34,375,12260.43,7,43,Auto_Debit,5,5,1,0
CUST_1042,36,176,6280.52,2,63,Auto_Debit,4,5,2,0
CUST_1043,11,211,2390.7,4,26,Credit_Card,4,1,1,0
CUST_1044,68,207,12852.83,0,26,Bank_Transfer,0,5,0,0
CUST_1045,28,448,12922.42,7,50,Credit_Card,0,1,2,1
CUST_1046,62,73,4646.42,4,74,Bank_Transfer,3,3,4,0
CUST_1047,17,338,5377.71,7,70,Bank_Transfer,4,5,0,0
CUST_1048,4,362,1571.03,0,60,Bank_Transfer,2,5,3,0
CUST_1049,70,380,24806.53,4,31,Credit_Card,3,2,3,1
CUST_1050,9,64,528.3,3,69,Auto_Debit,0,5,4,0
CUST_1051,36,380,14695.42,8,63,Bank_Transfer,5,2,2,1
CUST_1052,25,229,5258.97,8,24,Credit_Card,0,3,2,1
CUST_1053,5,357,1952.05,10,75,Auto_Debit,3,3,4,0
CUST_1054,12,291,3482.57,7,73,Auto_Debit,5,1,4,1
CUST_1055,13,261,3312.37,9,59,Auto_Debit,5,3,0,1
CUST_1056,33,269,8941.73,4,55,Auto_Debit,1,3,1,0
CUST_1057,63,207,12652.88,1,40,Credit_Card,4,2,4,0
CUST_1058,66,103,6765.46,5,37,Credit_Card,0,3,1,0
CUST_1059,42,292,11625.48,8,59,Bank_Transfer,4,3,0,0
CUST_1060,33,314,11116.6,3,59,Bank_Transfer,0,5,4,0
CUST_1061,5,347,1843.55,6,20,Auto_Debit,1,3,3,1
CUST_1062,24,67,1567.25,0,45,Auto_Debit,4,1,1,0
CUST_1063,67,174,11197.37,5,43,Auto_Debit,5,4,1,0
CUST_1064,26,222,6237.89,6,45,Auto_Debit,2,4,4,0
CUST_1065,39,372,13973.92,0,67,Bank_Transfer,2,3,4,0
CUST_1066,5,300,1392.84,7,35,Auto_Debit,4,2,1,1
CUST_1067,70,123,9033.28,6,40,Bank_Transfer,2,3,2,1
CUST_1068,48,194,9596.11,9,18,Credit_Card,3,5,4,1
CUST_1069,2,300,655.79,2,53,Bank_Transfer,3,4,0,1
CUST_1070,5,132,709.86,8,41,Credit_Card,3,3,1,0
CUST_1071,10,70,680.98,1,49,Bank_Transfer,0,3,1,0
CUST_1072,6,321,1844.4,2,23,Credit_Card,3,1,1,0
CUST_1073,63,131,9063.88,1,68,Bank_Transfer,4,1,4,1
CUST_1074,13,204,2869.89,6,71,Auto_Debit,1,3,1,0
CUST_1075,26,343,9689.02,3,32,Auto_Debit,1,2,4,1
CUST_1076,72,274,19058.46,3,73,Bank_Transfer,5,1,4,1
CUST_1077,57,142,7616.52,2,74,Auto_Debit,2,1,2,1
CUST_1078,8,369,2872.61,7,41,Bank_Transfer,3,3,0,0
CUST_1079,55,270,13898.69,1,62,Bank_Transfer,0,4,2,1
CUST_1080,33,403,14401.0,9,36,Auto_Debit,4,2,3,1
CUST_1081,47,427,18302.62,9,55,Auto_Debit,1,5,2,0
CUST_1082,14,108,1475.65,4,54,Credit_Card,3,1,4,1
CUST_1083,12,200,2248.2,6,52,Auto_Debit,2,3,2,0
CUST_1084,39,393,13997.84,9,24,Credit_Card,2,4,1,0
CUST_1085,34,201,7495.8,7,69,Auto_Debit,4,3,2,0
CUST_1086,12,119,1411.74,5,45,Bank_Transfer,1,5,2,0
CUST_1087,53,213,10178.37,0,52,Auto_Debit,0,4,1,0
CUST_1088,62,190,11764.41,9,24,Auto_Debit,4,5,3,0
CUST_1089,34,214,7653.88,0,68,Credit_Card,0,5,2,1
CUST_1090,45,448,21483.03,0,40,Bank_Transfer,4,1,3,1
CUST_1091,39,59,2396.41,10,74,Auto_Debit,0,3,1,0
CUST_1092,54,271,14352.85,0,69,Credit_Card,4,4,0,0
CUST_1093,66,358,21735.81,6,51,Auto_Debit,3,5,1,0
CUST_1094,8,321,2574.46,5,51,Credit_Card,3,3,2,0
CUST_1095,41,206,8963.24,0,36,Credit_Card,4,4,3,0
CUST_1096,15,275,4281.51,6,71,Auto_Debit,1,1,0,1
CUST_1097,33,170,5833.37,1,63,Bank_Transfer,3,3,3,0
CUST_1098,58,411,26129.93,4,46,Bank_Transfer,0,4,0,0
CUST_1099,27,390,11449.91,8,45,Bank_Transfer,4,2,4,1
CUST_1100,47,189,8767.01,3,29,Bank_Transfer,1,2,2,0
CUST_1101,10,171,1682.56,4,35,Bank_Transfer,3,4,2,1
CUST_1102,3,283,919.31,5,31,Auto_Debit,2,5,3,0
CUST_1103,17,131,2239.22,6,36,Bank_Transfer,0,4,0,1
CUST_1104,58,98,5339.2,3,55,Bank_Transfer,5,4,2,1
CUST_1105,58,248,13852.59,4,47,Auto_Debit,5,3,4,0
CUST_1106,7,392,2841.64,0,30,Bank_Transfer,4,1,1,1
CUST_1107,19,287,5342.07,6,52,Credit_Card,0,4,3,0
CUST_1108,7,338,2554.71,3,35,Bank_Transfer,4,1,2,1
CUST_1109,23,450,10309.32,10,43,Auto_Debit,0,3,3,0
CUST_1110,56,280,16485.24,7,44,Auto_Debit,4,5,0,1
CUST_1111,2,411,870.61,1,61,Auto_Debit,3,3,2,0
CUST_1112,41,381,16654.96,7,30,Auto_Debit,2,1,4,0
CUST_1113,51,240,12985.09,8,39,Bank_Transfer,5,3,3,0
CUST_1114,61,194,11407.79,3,60,Credit_Card,3,4,2,1
CUST_1115,26,370,10225.86,0,75,Bank_Transfer,3,3,0,0
CUST_1116,6,165,1025.48,2,26,Credit_Card,2,1,0,1
CUST_1117,50,336,16389.86,1,34,Auto_Debit,1,3,3,0
CUST_1118,41,283,12184.54,3,29,Auto_Debit,0,1,3,0
CUST_1119,53,108,5312.19,4,57,Credit_Card,1,5,0,0
CUST_1120,4,69,285.5,1,18,Auto_Debit,0,3,2,0
CUST_1121,21,287,6249.53,10,33,Bank_Transfer,0,3,1,1
CUST_1122,13,254,3553.47,9,59,Bank_Transfer,0,1,1,1
CUST_1123,58,136,7346.77,4,22,Credit_Card,3,2,4,0
CUST_1124,30,317,9197.89,5,41,Auto_Debit,1,2,3,1
CUST_1125,52,231,11590.6,1,40,Credit_Card,4,1,4,1
CUST_1126,17,56,995.0,10,60,Auto_Debit,0,3,2,0
CUST_1127,66,227,14524.81,8,43,Bank_Transfer,2,4,1,0
CUST_1128,62,131,7776.68,8,64,Bank_Transfer,4,1,1,1
CUST_1129,11,424,4879.18,8,42,Auto_Debit,2,1,0,0
CUST_1130,62,281,15841.5,1,75,Auto_Debit,0,3,3,0
CUST_1131,8,256,1910.18,9,60,Auto_Debit,4,2,3,1
CUST_1132,36,389,12933.94,8,51,Auto_Debit,5,1,0,1
CUST_1133,57,253,14618.57,8,62,Credit_Card,3,1,4,1
CUST_1134,8,64,551.4,10,19,Bank_Transfer,4,5,2,0
CUST_1135,33,372,11691.12,5,52,Credit_Card,0,4,2,0
CUST_1136,54,215,12417.84,9,45,Bank_Transfer,4,1,0,0
CUST_1137,10,239,2542.5,10,46,Auto_Debit,5,1,2,1
CUST_1138,49,265,12097.28,1,70,Auto_Debit,5,4,2,0
CUST_1139,42,247,11339.39,2,38,Credit_Card,1,5,0,0
CUST_1140,4,178,764.44,9,41,Auto_Debit,1,4,1,0
CUST_1141,58,168,9676.92,7,18,Credit_Card,1,1,1,1
CUST_1142,68,311,22352.89,9,46,Credit_Card,2,1,4,1
CUST_1143,33,57,1701.73,7,69,Credit_Card,2,1,3,0
CUST_1144,51,266,12456.31,9,41,Bank_Transfer,0,4,1,0
CUST_1145,32,313,9921.55,4,72,Credit_Card,5,1,4,0
CUST_1146,57,129,7454.63,7,50,Credit_Card,1,4,4,1
CUST_1147,27,416,11125.45,3,69,Bank_Transfer,4,3,3,0
CUST_1148,48,301,14172.92,2,25,Auto_Debit,2,2,2,0
CUST_1149,22,365,8049.13,1,18,Bank_Transfer,4,3,4,1
CUST_1150,32,162,4722.1,10,58,Credit_Card,0,1,3,1
CUST_1151,44,80,3743.37,8,20,Credit_Card,5,3,2,1
CUST_1152,61,326,21037.03,1,63,Bank_Transfer,3,4,1,0
CUST_1153,39,186,6536.25,6,26,Auto_Debit,4,1,2,1
CUST_1154,1,232,226.66,6,18,Auto_Debit,1,2,3,1
CUST_1155,9,59,540.34,10,27,Auto_Debit,0,4,3,0
CUST_1156,14,268,3541.05,8,20,Bank_Transfer,5,4,2,0
CUST_1157,41,264,9955.83,2,18,Auto_Debit,1,4,2,1
CUST_1158,30,127,3555.79,9,58,Credit_Card,5,4,1,0
CUST_1159,17,61,1076.32,5,74,Credit_Card,0,1,4,1
CUST_1160,39,331,12560.58,0,52,Auto_Debit,4,4,1,0
CUST_1161,21,108,2155.52,10,21,Auto_Debit,4,3,3,0
CUST_1162,42,165,6427.34,3,44,Bank_Transfer,2,4,1,0
CUST_1163,5,382,2028.59,8,33,Bank_Transfer,5,1,3,1
CUST_1164,7,160,1199.54,5,69,Auto_Debit,2,4,2,0
CUST_1165,69,215,13908.39,0,68,Credit_Card,3,3,2,0
CUST_1166,1,363,328.21,5,49,Auto_Debit,2,2,2,1
CUST_1167,14,391,5130.13,5,37,Bank_Transfer,4,3,2,0
CUST_1168,44,99,4751.66,3,52,Credit_Card,4,5,2,0
CUST_1169,31,416,13432.55,9,32,Credit_Card,2,2,1,0
CUST_1170,65,139,9470.17,7,63,Credit_Card,4,1,2,1
CUST_1171,35,338,11901.29,4,56,Credit_Card,5,3,3,0
CUST_1172,29,201,5438.99,6,50,Auto_Debit,0,4,3,1
CUST_1173,38,404,15353.99,7,33,Credit_Card,3,1,1,1
CUST_1174,15,280,4230.01,2,36,Bank_Transfer,2,1,3,0
CUST_1175,8,146,1220.12,4,51,Bank_Transfer,4,1,2,0
CUST_1176,45,242,10896.37,3,42,Bank_Transfer,4,3,4,0
CUST_1177,31,243,8021.31,9,64,Auto_Debit,0,4,0,0
CUST_1178,9,122,1186.13,10,57,Credit_Card,0,1,3,1
CUST_1179,39,372,13760.55,2,46,Auto_Debit,4,4,3,0
CUST_1180,43,131,6092.19,3,34,Credit_Card,4,3,0,0
CUST_1181,35,183,6412.93,10,70,Bank_Transfer,1,3,4,1
CUST_1182,22,266,5436.15,5,35,Auto_Debit,0,1,4,1
CUST_1183,58,88,5046.57,5,75,Credit_Card,0,3,4,0
CUST_1184,3,428,1260.0,5,75,Credit_Card,3,4,1,0
CUST_1185,11,192,2285.48,0,28,Credit_Card,4,1,2,0
CUST_1186,9,62,569.27,8,50,Credit_Card,2,5,1,1
CUST_1187,56,313,16266.27,10,60,Auto_Debit,0,1,4,1
CUST_1188,23,447,10182.23,2,58,Bank_Transfer,4,3,4,1
CUST_1189,19,365,6758.12,2,63,Auto_Debit,1,2,0,1
CUST_1190,11,438,4794.06,5,69,Credit_Card,2,5,4,0
CUST_1191,1,444,413.31,3,41,Auto_Debit,3,3,0,0
CUST_1192,11,326,3886.9,10,67,Auto_Debit,4,3,2,1
CUST_1193,69,126,7827.8,9,42,Auto_Debit,2,2,3,1
CUST_1194,6,284,1830.83,8,40,Bank_Transfer,4,2,2,1
CUST_1195,12,309,3861.2,2,59,Auto_Debit,5,4,0,0
CUST_1196,6,53,322.57,5,66,Auto_Debit,3,3,3,1
CUST_1197,59,354,20870.85,4,67,Bank_Transfer,3,3,4,0
CUST_1198,2,397,733.42,3,68,Auto_Debit,5,2,0,0
CUST_1199,7,146,924.68,5,72,Bank_Transfer,1,3,3,0
CUST_1200,49,128,5808.41,4,68,Auto_Debit,2,1,1,0
CUST_1201,57,351,19260.33,5,43,Bank_Transfer,4,4,2,1
CUST_1202,67,238,16838.84,10,46,Bank_Transfer,3,2,4,1
CUST_1203,4,287,1089.58,5,60,Credit_Card,0,2,2,1
CUST_1204,44,340,15671.84,9,64,Bank_Transfer,2,5,3,0
CUST_1205,37,124,4423.79,3,57,Auto_Debit,0,2,1,1
CUST_1206,35,301,10841.37,0,22,Bank_Transfer,5,5,3,0
CUST_1207,3,137,380.33,0,29,Credit_Card,3,4,0,0
CUST_1208,64,210,14072.86,6,25,Bank_Transfer,4,5,3,1
CUST_1209,15,96,1447.94,4,30,Credit_Card,5,1,0,1
CUST_1210,18,171,3267.6,2,34,Credit_Card,2,4,4,1
CUST_1211,28,435,12391.89,10,59,Auto_Debit,2,2,2,1
CUST_1212,34,78,2794.68,5,44,Credit_Card,3,1,1,0
CUST_1213,71,410,28399.81,1,64,Credit_Card,3,5,0,0
CUST_1214,20,324,5848.0,9,52,Auto_Debit,5,4,2,0
CUST_1215,28,434,13045.62,8,28,Auto_Debit,3,5,1,0
CUST_1216,59,333,20935.62,6,50,Bank_Transfer,5,1,2,1
CUST_1217,46,62,2802.34,9,24,Bank_Transfer,4,5,0,0
CUST_1218,10,257,2690.68,8,51,Auto_Debit,3,3,4,0
CUST_1219,9,57,507.5,4,27,Credit_Card,2,2,0,1
CUST_1220,61,152,9022.75,7,49,Auto_Debit,0,4,2,1
CUST_1221,19,97,1957.81,10,68,Auto_Debit,0,1,3,1
CUST_1222,1,295,317.1,2,66,Bank_Transfer,2,1,1,0
CUST_1223,29,257,6781.94,9,21,Credit_Card,1,3,3,0
CUST_1224,55,353,18851.35,0,64,Auto_Debit,2,1,1,0
CUST_1225,9,52,477.11,0,47,Credit_Card,5,3,4,1
CUST_1226,18,278,5263.18,6,39,Auto_Debit,0,2,2,1
CUST_1227,59,415,25319.33,0,30,Bank_Transfer,3,5,2,0
CUST_1228,47,65,2954.29,0,44,Auto_Debit,0,4,2,1
CUST_1229,17,221,4073.03,10,26,Bank_Transfer,5,1,3,1
CUST_1230,26,283,6872.97,10,29,Credit_Card,5,1,0,1
CUST_1231,53,213,10946.26,7,30,Bank_Transfer,1,5,4,1
CUST_1232,23,405,8645.24,2,44,Credit_Card,2,3,3,0
CUST_1233,47,187,9626.42,4,54,Credit_Card,0,2,4,1
CUST_1234,62,316,19879.84,7,44,Auto_Debit,4,3,3,0
CUST_1235,65,417,29096.91,8,64,Credit_Card,2,5,0,0
CUST_1236,53,225,13116.43,0,34,Bank_Transfer,5,2,3,1
CUST_1237,29,83,2290.1,2,18,Auto_Debit,1,3,2,1
CUST_1238,44,310,12795.78,4,59,Bank_Transfer,5,1,3,1
CUST_1239,1,107,107.04,5,35,Bank_Transfer,0,1,0,0
CUST_1240,10,282,2989.46,8,51,Auto_Debit,4,4,4,0
CUST_1241,62,152,10229.44,6,33,Auto_Debit,1,1,4,1
CUST_1242,39,345,14737.4,10,40,Auto_Debit,1,2,0,1
CUST_1243,53,445,24693.7,3,28,Credit_Card,4,5,0,0
CUST_1244,40,430,16919.59,10,20,Credit_Card,5,2,1,1
CUST_1245,10,101,1028.09,8,24,Credit_Card,1,1,1,0
CUST_1246,66,424,27766.66,2,22,Bank_Transfer,0,4,1,0
CUST_1247,12,78,874.22,8,35,Credit_Card,5,4,4,1
CUST_1248,72,387,30057.31,9,74,Bank_Transfer,2,5,1,0
CUST_1249,23,357,9031.98,1,38,Auto_Debit,1,3,4,1
CUST_1250,72,100,7370.53,10,55,Bank_Transfer,2,3,1,0
CUST_1251,14,405,5300.74,9,67,Auto_Debit,4,4,1,0
CUST_1252,19,90,1686.78,4,50,Auto_Debit,1,4,1,0
CUST_1253,62,440,27291.92,4,20,Bank_Transfer,1,4,0,0
CUST_1254,47,72,3097.04,3,75,Credit_Card,1,4,4,0
CUST_1255,60,160,8846.15,10,24,Bank_Transfer,3,3,2,1
CUST_1256,27,64,1826.18,6,21,Bank_Transfer,2,5,0,0
CUST_1257,10,62,628.4,7,55,Credit_Card,4,5,2,1
CUST_1258,18,386,7139.92,2,64,Auto_Debit,4,4,1,0
CUST_1259,26,100,2644.0,4,55,Credit_Card,1,5,2,1
CUST_1260,21,123,2386.95,6,27,Auto_Debit,0,2,2,1
CUST_1261,24,343,8377.83,7,46,Bank_Transfer,4,2,1,0
CUST_1262,6,73,426.69,6,34,Auto_Debit,2,2,1,0
CUST_1263,63,443,29927.46,8,75,Credit_Card,3,3,1,1
CUST_1264,52,157,8813.42,3,42,Auto_Debit,5,1,4,1
CUST_1265,5,420,2077.45,0,22,Auto_Debit,0,4,0,1
CUST_1266,16,300,5235.92,8,65,Bank_Transfer,0,5,4,0
CUST_1267,43,373,17285.68,1,25,Bank_Transfer,1,2,4,1
CUST_1268,26,67,1727.93,9,55,Auto_Debit,4,5,4,1
CUST_1269,55,307,16098.9,0,65,Bank_Transfer,0,4,1,0
CUST_1270,17,172,3174.4,4,45,Bank_Transfer,0,5,0,1
CUST_1271,71,173,11716.52,9,25,Auto_Debit,2,5,0,0
CUST_1272,51,206,9667.05,2,67,Auto_Debit,0,1,1,1
CUST_1273,14,376,5147.78,2,62,Auto_Debit,2,4,2,0
CUST_1274,42,133,5095.23,9,75,Bank_Transfer,0,5,1,0
CUST_1275,52,80,4099.25,3,64,Credit_Card,5,3,4,0
CUST_1276,64,230,14824.62,5,26,Auto_Debit,0,1,4,1
CUST_1277,69,252,15880.82,6,64,Bank_Transfer,3,4,0,0
CUST_1278,47,204,10103.77,7,27,Credit_Card,2,2,0,0
CUST_1279,45,229,9801.09,0,34,Bank_Transfer,0,1,3,1
CUST_1280,12,196,2503.23,1,66,Bank_Transfer,4,1,3,1
CUST_1281,28,140,4127.97,8,64,Bank_Transfer,2,2,0,1
CUST_1282,41,120,5003.68,10,25,Bank_Transfer,4,4,1,1
CUST_1283,16,257,3838.47,8,75,Bank_Transfer,4,2,0,1
CUST_1284,41,191,7524.77,0,25,Bank_Transfer,2,4,3,1
CUST_1285,58,207,12746.58,1,49,Auto_Debit,1,2,0,1
CUST_1286,25,408,9241.31,6,50,Bank_Transfer,1,1,2,1
CUST_1287,26,202,5409.32,3,19,Credit_Card,5,2,4,1
CUST_1288,61,103,6351.71,8,55,Auto_Debit,2,4,2,0
CUST_1289,14,53,799.87,0,32,Credit_Card,1,4,3,0
CUST_1290,36,186,7160.78,0,48,Auto_Debit,1,2,2,1
CUST_1291,28,184,5579.4,6,19,Credit_Card,3,2,1,1
CUST_1292,6,268,1624.67,1,46,Bank_Transfer,1,2,2,1
CUST_1293,43,445,18411.79,10,45,Bank_Transfer,2,5,1,0
CUST_1294,13,129,1672.54,0,24,Credit_Card,1,5,1,0
CUST_1295,18,129,2348.77,3,67,Bank_Transfer,3,5,1,0
CUST_1296,47,329,15135.28,4,59,Credit_Card,3,5,2,0
CUST_1297,14,157,2020.32,8,35,Credit_Card,1,1,0,1
CUST_1298,42,277,12586.28,5,47,Bank_Transfer,0,4,4,0
CUST_1299,55,243,12374.96,7,75,Credit_Card,0,1,4,1
CUST_1300,23,167,3968.43,10,51,Auto_Debit,3,4,3,0
CUST_1301,29,198,5560.38,5,49,Credit_Card,0,3,4,1
CUST_1302,22,290,6308.81,5,37,Credit_Card,5,3,3,1
CUST_1303,65,97,6339.94,5,41,Bank_Transfer,4,2,1,0
CUST_1304,60,111,6733.77,10,35,Bank_Transfer,0,3,4,0
CUST_1305,61,316,19945.8,7,24,Credit_Card,3,5,0,0
CUST_1306,57,125,6830.09,0,23,Credit_Card,1,2,0,0
CUST_1307,29,381,12081.13,9,53,Auto_Debit,2,1,3,1
CUST_1308,25,190,4889.48,10,39,Credit_Card,3,3,1,0
CUST_1309,8,315,2743.71,7,25,Bank_Transfer,3,3,3,1
CUST_1310,40,351,13064.16,1,47,Bank_Transfer,0,2,4,1
CUST_1311,23,54,1294.48,3,74,Bank_Transfer,1,4,2,1
CUST_1312,15,317,4976.24,10,38,Bank_Transfer,0,5,3,0
CUST_1313,72,91,6853.17,3,66,Auto_Debit,4,3,3,0
CUST_1314,14,417,5580.74,0,36,Bank_Transfer,0,1,0,1
CUST_1315,33,112,3625.18,4,46,Bank_Transfer,2,4,2,0
CUST_1316,64,254,17272.12,10,67,Auto_Debit,5,2,0,0
CUST_1317,25,282,6532.04,0,59,Bank_Transfer,2,2,3,1
CUST_1318,40,302,12542.02,4,59,Bank_Transfer,0,1,3,0
CUST_1319,50,293,15825.79,4,44,Bank_Transfer,1,3,4,0
CUST_1320,71,431,30474.52,10,55,Bank_Transfer,2,4,2,0
CUST_1321,71,188,12601.94,10,55,Bank_Transfer,3,2,2,1
CUST_1322,2,128,266.41,4,58,Credit_Card,3,2,3,1
CUST_1323,16,262,4428.74,8,39,Credit_Card,3,5,1,1
CUST_1324,13,355,4955.35,6,69,Auto_Debit,5,3,1,1
CUST_1325,14,261,3437.85,4,69,Bank_Transfer,2,4,2,0
CUST_1326,61,425,26272.76,4,72,Auto_Debit,0,3,3,1
CUST_1327,43,447,20846.49,1,49,Auto_Debit,0,5,1,0
CUST_1328,11,119,1267.3,2,49,Bank_Transfer,4,1,0,0
CUST_1329,5,188,909.33,5,47,Bank_Transfer,2,4,0,0
CUST_1330,47,318,14303.12,4,64,Credit_Card,5,4,3,0
CUST_1331,58,433,23642.84,9,65,Credit_Card,0,4,4,0
CUST_1332,10,260,2817.52,4,29,Bank_Transfer,5,1,0,1
CUST_1333,9,375,3042.78,5,27,Auto_Debit,0,4,3,0
CUST_1334,40,231,9385.76,6,69,Credit_Card,3,1,3,1
CUST_1335,3,149,464.32,9,38,Bank_Transfer,0,5,0,0
CUST_1336,33,229,7964.25,9,67,Bank_Transfer,2,5,3,0
CUST_1337,17,123,1975.52,7,49,Credit_Card,5,3,1,0
CUST_1338,63,253,16905.39,0,26,Auto_Debit,4,4,0,0
CUST_1339,57,90,5619.66,6,52,Auto_Debit,0,2,2,1
CUST_1340,14,324,4411.76,8,38,Auto_Debit,3,5,2,0
CUST_1341,30,338,10260.5,10,63,Credit_Card,3,3,4,1
CUST_1342,58,112,6717.9,0,19,Credit_Card,2,4,3,0
CUST_1343,29,230,6716.09,8,71,Auto_Debit,0,4,1,0
CUST_1344,36,416,16143.55,5,18,Credit_Card,1,5,0,0
CUST_1345,72,194,13746.17,1,70,Auto_Debit,2,1,2,1
CUST_1346,20,395,7164.62,6,71,Auto_Debit,0,3,3,0
CUST_1347,68,126,8358.77,0,72,Auto_Debit,4,2,0,1
CUST_1348,70,179,13552.63,5,47,Auto_Debit,3,2,4,0
CUST_1349,48,257,12517.93,4,22,Bank_Transfer,5,2,1,0
CUST_1350,46,201,9009.12,7,39,Auto_Debit,5,4,0,0
CUST_1351,16,263,3982.33,1,71,Bank_Transfer,1,4,4,0
CUST_1352,71,207,14602.78,10,64,Bank_Transfer,1,2,2,1
CUST_1353,44,227,9011.92,6,22,Auto_Debit,2,3,1,0
CUST_1354,53,447,24105.45,8,72,Bank_Transfer,5,4,0,1
CUST_1355,16,277,4739.21,10,75,Auto_Debit,3,1,2,1
CUST_1356,66,200,13302.25,3,37,Bank_Transfer,2,1,1,1
CUST_1357,6,94,597.17,9,37,Bank_Transfer,2,4,0,0
CUST_1358,36,153,6019.89,1,41,Auto_Debit,1,4,1,0
CUST_1359,69,199,13175.26,4,28,Auto_Debit,5,3,1,0
CUST_1360,20,284,5660.13,6,37,Auto_Debit,4,3,2,1
CUST_1361,72,190,14021.6,6,55,Credit_Card,5,2,1,0
CUST_1362,19,408,7564.47,7,29,Auto_Debit,1,1,4,1
CUST_1363,47,64,3157.64,4,65,Auto_Debit,4,4,2,0
CUST_1364,62,97,5888.11,6,72,Credit_Card,4,3,3,1
CUST_1365,38,78,2988.09,4,66,Auto_Debit,1,4,1,0
CUST_1366,54,232,12848.77,7,63,Bank_Transfer,3,5,3,0
CUST_1367,55,366,20431.04,5,36,Auto_Debit,4,5,2,1
CUST_1368,38,260,9405.9,6,40,Auto_Debit,4,5,1,0
CUST_1369,60,212,11969.93,5,43,Credit_Card,0,4,3,0
CUST_1370,11,338,3556.78,9,21,Credit_Card,0,4,0,0
CUST_1371,3,261,740.78,3,48,Credit_Card,2,1,0,1
CUST_1372,38,363,12790.79,1,42,Bank_Transfer,4,1,2,1
CUST_1373,11,130,1446.96,6,30,Auto_Debit,1,2,4,1
CUST_1374,50,432,23377.61,2,24,Auto_Debit,2,4,4,0
CUST_1375,45,132,6103.34,3,63,Credit_Card,4,2,4,0
CUST_1376,1,312,306.02,1,40,Credit_Card,5,4,0,0
CUST_1377,24,381,9869.25,6,19,Bank_Transfer,1,2,3,1
CUST_1378,5,239,1155.05,4,62,Credit_Card,4,4,0,1
CUST_1379,4,296,1178.0,4,46,Bank_Transfer,5,3,0,0
CUST_1380,70,146,9262.7,0,54,Credit_Card,0,2,1,0
CUST_1381,68,159,10028.78,9,36,Credit_Card,4,1,0,0
CUST_1382,19,398,7626.36,8,34,Auto_Debit,1,3,2,1
CUST_1383,2,449,862.0,8,59,Bank_Transfer,1,1,0,0
CUST_1384,52,344,18212.56,9,57,Auto_Debit,2,4,1,0
CUST_1385,18,77,1400.5,9,52,Credit_Card,4,3,1,0
CUST_1386,61,288,18916.57,2,20,Auto_Debit,1,1,3,1
CUST_1387,61,129,7162.57,3,72,Auto_Debit,5,3,4,0
CUST_1388,9,271,2297.92,6,59,Bank_Transfer,0,2,0,1
CUST_1389,53,117,5845.6,0,51,Bank_Transfer,5,3,0,0
CUST_1390,26,270,6551.55,7,62,Bank_Transfer,2,4,4,1
CUST_1391,21,222,4390.78,2,48,Credit_Card,2,5,4,0
CUST_1392,61,54,3451.04,6,42,Bank_Transfer,4,2,3,1
CUST_1393,45,134,5938.86,3,52,Bank_Transfer,2,2,0,0
CUST_1394,46,90,4081.46,9,28,Bank_Transfer,0,3,2,0
CUST_1395,52,66,3348.25,5,73,Bank_Transfer,4,3,0,0
CUST_1396,58,220,11801.28,9,65,Auto_Debit,0,1,4,0
CUST_1397,64,449,29454.47,2,65,Credit_Card,0,4,1,0
CUST_1398,44,75,3505.95,7,22,Auto_Debit,1,1,3,1
CUST_1399,13,101,1218.64,8,29,Bank_Transfer,5,3,1,0
CUST_1400,71,236,15574.63,10,72,Credit_Card,5,1,4,1
CUST_1401,57,177,9364.49,1,39,Bank_Transfer,0,3,2,0
CUST_1402,70,410,28347.79,3,46,Bank_Transfer,5,1,1,0
CUST_1403,66,299,19554.05,0,38,Bank_Transfer,2,4,3,0
CUST_1404,23,322,6931.1,6,30,Auto_Debit,5,4,0,0
CUST_1405,5,184,912.76,8,62,Auto_Debit,4,4,4,0
CUST_1406,21,307,6594.55,9,43,Bank_Transfer,0,5,4,1
CUST_1407,19,220,3872.19,8,18,Auto_Debit,1,1,4,1
CUST_1408,12,74,920.59,4,19,Auto_Debit,1,1,2,0
CUST_1409,17,252,4037.45,7,52,Credit_Card,1,5,3,0
CUST_1410,16,211,3314.02,6,67,Credit_Card,5,1,0,1
CUST_1411,9,257,2299.03,10,54,Auto_Debit,5,5,0,0
CUST_1412,27,367,10545.05,8,41,Bank_Transfer,2,5,2,1
CUST_1413,13,257,3042.26,0,31,Auto_Debit,5,1,3,1
CUST_1414,13,249,3138.55,4,21,Auto_Debit,0,2,4,1
CUST_1415,13,303,3587.39,10,75,Bank_Transfer,2,5,3,0
CUST_1416,12,311,3550.95,0,20,Auto_Debit,3,5,4,1
CUST_1417,38,285,10037.89,6,62,Auto_Debit,1,3,2,0
CUST_1418,32,431,14963.51,6,68,Auto_Debit,2,2,2,1
CUST_1419,9,137,1341.88,2,22,Auto_Debit,1,2,1,1
CUST_1420,61,151,9426.7,6,45,Credit_Card,1,1,2,1
CUST_1421,67,216,15003.05,5,40,Credit_Card,2,2,0,0
CUST_1422,50,155,7722.02,1,46,Auto_Debit,1,5,1,0
CUST_1423,57,155,9439.42,10,69,Credit_Card,3,2,4,1
CUST_1424,62,83,5350.74,4,55,Credit_Card,3,3,3,1
CUST_1425,44,414,16830.43,2,51,Auto_Debit,1,4,4,0
CUST_1426,27,301,8636.02,7,74,Auto_Debit,0,4,1,0
CUST_1427,25,232,5307.48,0,46,Credit_Card,3,2,1,1
CUST_1428,52,322,18248.62,5,55,Auto_Debit,3,2,0,0
CUST_1429,16,398,5971.6,0,69,Auto_Debit,3,2,2,1
CUST_1430,25,73,1648.87,6,44,Credit_Card,4,2,0,1
CUST_1431,72,87,6455.09,4,62,Credit_Card,5,3,2,0
CUST_1432,28,349,9356.57,8,56,Auto_Debit,5,3,1,0
CUST_1433,47,99,4804.03,7,51,Bank_Transfer,4,3,4,1
CUST_1434,56,212,12845.02,7,43,Credit_Card,1,5,4,0
CUST_1435,7,448,3415.64,2,40,Bank_Transfer,3,5,0,0
CUST_1436,37,78,3081.42,2,39,Bank_Transfer,0,1,1,1
CUST_1437,67,201,13534.2,5,63,Credit_Card,0,5,1,0
CUST_1438,10,238,2237.79,10,28,Auto_Debit,2,4,4,1
CUST_1439,16,298,4775.92,10,23,Bank_Transfer,4,5,2,1
CUST_1440,34,432,13811.66,0,19,Credit_Card,4,2,2,0
CUST_1441,8,233,1881.77,1,72,Auto_Debit,0,3,2,1
CUST_1442,31,362,10789.66,8,75,Credit_Card,2,3,1,0
CUST_1443,24,139,3022.24,5,72,Credit_Card,5,1,1,0
CUST_1444,34,343,11287.86,7,44,Auto_Debit,1,5,2,0
CUST_1445,47,167,8610.98,0,34,Credit_Card,0,2,3,1
CUST_1446,66,428,27028.26,5,18,Auto_Debit,2,5,1,0
CUST_1447,20,50,923.69,5,70,Bank_Transfer,1,1,2,1
CUST_1448,60,192,11223.91,3,53,Auto_Debit,3,5,3,0
CUST_1449,58,400,21556.47,9,71,Bank_Transfer,0,2,3,1
CUST_1450,46,125,5560.79,7,61,Credit_Card,1,3,2,0
CUST_1451,57,171,9290.01,9,35,Credit_Card,5,3,0,0
CUST_1452,23,224,4767.24,9,32,Bank_Transfer,5,4,3,1
CUST_1453,66,145,9356.13,7,46,Credit_Card,1,2,2,1
CUST_1454,71,403,29342.09,8,71,Auto_Debit,1,3,0,0
CUST_1455,19,213,3754.34,2,18,Bank_Transfer,2,3,1,0
CUST_1456,5,86,469.33,0,33,Auto_Debit,1,2,1,1
CUST_1457,13,291,4089.97,10,20,Credit_Card,4,1,2,1
CUST_1458,47,395,19124.72,9,62,Auto_Debit,1,4,4,1
CUST_1459,30,318,9264.84,0,72,Auto_Debit,1,4,4,0
CUST_1460,30,219,6780.91,8,20,Auto_Debit,5,4,4,1
CUST_1461,29,50,1443.84,9,33,Bank_Transfer,4,2,1,1
CUST_1462,27,328,8739.38,9,39,Bank_Transfer,3,3,1,1
CUST_1463,34,150,5205.56,9,35,Bank_Transfer,1,3,2,1
CUST_1464,66,78,4904.99,1,67,Credit_Card,1,2,4,1
CUST_1465,70,357,27431.53,5,39,Bank_Transfer,0,3,3,0
CUST_1466,56,261,13484.61,1,37,Auto_Debit,1,4,1,0
CUST_1467,12,362,4070.85,6,74,Auto_Debit,3,2,0,0
CUST_1468,18,51,989.98,3,53,Bank_Transfer,2,3,0,0
CUST_1469,28,269,7633.73,0,28,Auto_Debit,1,2,1,1
CUST_1470,25,220,5116.22,6,46,Credit_Card,5,5,4,0
CUST_1471,69,221,14791.28,9,63,Bank_Transfer,4,3,2,0
CUST_1472,69,294,19935.07,4,23,Bank_Transfer,4,4,1,0
CUST_1473,43,238,11025.27,10,63,Credit_Card,5,5,1,0
CUST_1474,32,282,8940.0,6,57,Auto_Debit,5,2,4,0
CUST_1475,16,113,1743.65,1,28,Auto_Debit,5,5,2,1
CUST_1476,57,427,25435.56,1,36,Auto_Debit,2,1,1,1
CUST_1477,9,152,1424.03,7,70,Bank_Transfer,1,4,1,0
CUST_1478,32,317,10407.66,1,18,Credit_Card,3,2,4,0
CUST_1479,7,281,2111.68,5,32,Bank_Transfer,2,4,4,0
CUST_1480,39,340,13386.16,1,34,Credit_Card,3,5,0,0
CUST_1481,46,100,4620.74,7,23,Auto_Debit,1,5,0,0
CUST_1482,38,197,7151.74,1,47,Bank_Transfer,1,1,3,0
CUST_1483,30,383,11994.09,1,34,Auto_Debit,2,4,2,0
CUST_1484,61,184,11783.33,0,34,Credit_Card,4,5,0,0
CUST_1485,3,353,1144.76,4,32,Auto_Debit,3,3,3,1
CUST_1486,7,411,3005.03,1,73,Bank_Transfer,4,5,4,0
CUST_1487,69,223,16895.56,7,37,Auto_Debit,0,2,4,1
CUST_1488,71,106,8129.94,3,51,Auto_Debit,1,5,0,0
CUST_1489,48,291,15182.07,1,38,Credit_Card,5,4,2,0
CUST_1490,70,355,25690.89,9,45,Bank_Transfer,5,4,2,1
CUST_1491,13,418,4965.8,5,21,Auto_Debit,0,4,3,0
CUST_1492,38,392,14876.72,4,65,Credit_Card,1,3,0,0
CUST_1493,14,54,699.65,0,38,Auto_Debit,1,5,0,0
CUST_1494,25,386,9240.58,5,54,Credit_Card,4,5,0,0
CUST_1495,68,75,5269.17,10,75,Bank_Transfer,4,4,3,1
CUST_1496,28,296,8587.91,7,63,Auto_Debit,5,4,0,0
CUST_1497,61,214,12900.47,6,75,Auto_Debit,0,4,1,0
CUST_1498,6,402,2305.45,7,51,Auto_Debit,2,4,4,1
CUST_1499,2,305,554.42,10,39,Auto_Debit,1,1,1,0
CUST_1500,23,445,10896.95,1,47,Credit_Card,5,5,2,1
CUST_1501,70,238,15333.75,7,46,Auto_Debit,2,2,3,1
CUST_1502,57,332,17769.86,7,22,Credit_Card,5,4,2,0
CUST_1503,30,289,8883.1,3,42,Auto_Debit,0,4,4,0
CUST_1504,16,371,5683.45,9,30,Auto_Debit,1,5,2,1
CUST_1505,3,203,602.94,7,71,Auto_Debit,4,4,4,1
CUST_1506,50,185,9245.17,7,43,Auto_Debit,2,4,1,1
CUST_1507,51,187,9254.02,1,26,Credit_Card,2,1,2,1
CUST_1508,41,367,14284.79,7,37,Bank_Transfer,5,1,4,1
CUST_1509,57,313,18050.32,8,21,Bank_Transfer,4,4,3,0
CUST_1510,71,323,22258.44,7,62,Credit_Card,0,1,4,1
CUST_1511,57,411,25058.58,4,24,Bank_Transfer,4,2,3,1
CUST_1512,62,444,25404.55,2,67,Credit_Card,5,2,3,1
CUST_1513,29,444,13923.76,5,45,Auto_Debit,0,4,4,1
CUST_1514,57,130,7743.6,7,35,Bank_Transfer,3,3,1,0
CUST_1515,47,432,19947.38,10,66,Bank_Transfer,5,1,2,1
CUST_1516,72,373,27846.57,2,74,Bank_Transfer,5,2,1,0
CUST_1517,38,386,13464.83,9,70,Bank_Transfer,2,2,0,0
CUST_1518,72,222,16157.83,2,65,Bank_Transfer,4,2,4,1
CUST_1519,36,190,7415.22,1,32,Credit_Card,2,5,1,0
CUST_1520,22,435,9169.39,2,52,Bank_Transfer,0,4,1,0
CUST_1521,50,431,22961.34,2,22,Credit_Card,1,1,2,1
CUST_1522,32,211,6826.28,5,32,Auto_Debit,3,5,2,0
CUST_1523,44,191,7787.5,0,69,Credit_Card,2,3,0,0
CUST_1524,12,444,5359.46,4,23,Credit_Card,4,2,0,1
CUST_1525,37,339,11750.07,9,47,Bank_Transfer,0,5,1,1
CUST_1526,18,359,6582.44,0,60,Bank_Transfer,2,2,4,1
CUST_1527,19,189,3595.96,6,19,Credit_Card,5,2,4,1
CUST_1528,12,368,4733.12,6,33,Auto_Debit,0,4,1,0
CUST_1529,13,151,2057.46,3,70,Bank_Transfer,4,4,1,0
CUST_1530,52,125,6639.56,9,35,Credit_Card,1,4,2,0
CUST_1531,57,169,9121.31,10,37,Bank_Transfer,3,4,0,0
CUST_1532,7,122,843.71,0,59,Credit_Card,1,2,1,1
CUST_1533,67,351,24136.63,10,72,Auto_Debit,0,1,3,1
CUST_1534,5,360,1747.34,8,57,Auto_Debit,3,1,0,1
CUST_1535,18,334,5486.49,7,43,Credit_Card,4,3,0,0
CUST_1536,33,78,2454.49,5,39,Bank_Transfer,1,3,1,0
CUST_1537,3,440,1442.77,5,36,Auto_Debit,1,5,3,0
CUST_1538,45,388,18472.36,2,73,Credit_Card,1,5,3,1
CUST_1539,31,175,5299.75,1,40,Auto_Debit,3,2,0,1
CUST_1540,15,119,1958.86,0,70,Auto_Debit,0,2,2,1
CUST_1541,2,307,584.98,3,71,Credit_Card,4,2,0,1
CUST_1542,71,105,6753.08,0,71,Bank_Transfer,1,4,4,1
CUST_1543,41,394,17239.96,6,51,Credit_Card,4,4,1,0
CUST_1544,11,135,1568.91,7,73,Credit_Card,5,3,0,0
CUST_1545,20,104,2053.66,1,22,Credit_Card,4,3,0,0
CUST_1546,9,219,1855.03,10,72,Auto_Debit,2,1,3,1
CUST_1547,27,401,10130.18,5,44,Credit_Card,1,4,0,0
CUST_1548,60,270,17729.51,5,27,Auto_Debit,0,5,1,0
CUST_1549,52,408,22260.32,2,43,Auto_Debit,1,5,3,0
CUST_1550,66,98,5924.13,2,75,Credit_Card,4,3,3,0
CUST_1551,65,141,9495.85,4,36,Bank_Transfer,1,3,1,0
CUST_1552,23,389,8451.62,1,52,Auto_Debit,1,2,4,1
CUST_1553,26,184,4415.34,10,40,Credit_Card,3,1,4,1
CUST_1554,30,375,11421.82,8,49,Bank_Transfer,1,2,3,1
CUST_1555,65,392,27779.59,6,22,Bank_Transfer,3,4,4,0
CUST_1556,22,270,5788.62,1,46,Auto_Debit,4,3,4,0
CUST_1557,25,192,4874.19,6,21,Credit_Card,3,2,2,1
CUST_1558,32,325,9531.55,4,36,Bank_Transfer,4,5,2,0
CUST_1559,42,234,9042.81,8,63,Bank_Transfer,5,2,4,0
CUST_1560,32,303,10101.35,6,44,Credit_Card,0,2,4,1
CUST_1561,40,175,7644.55,4,43,Credit_Card,1,3,0,0
CUST_1562,61,111,7417.28,2,70,Auto_Debit,3,5,0,0
CUST_1563,45,300,12680.05,1,63,Auto_Debit,0,2,2,1
CUST_1564,56,423,24859.37,4,41,Credit_Card,2,3,1,1
CUST_1565,14,303,4639.74,9,29,Bank_Transfer,3,2,4,1
CUST_1566,28,387,10147.25,6,66,Auto_Debit,0,2,0,1
CUST_1567,46,449,19602.07,8,55,Credit_Card,3,1,4,1
CUST_1568,27,331,9477.0,10,63,Bank_Transfer,1,4,3,0
CUST_1569,44,244,9915.96,3,58,Bank_Transfer,0,4,1,1
CUST_1570,33,121,4349.62,5,71,Auto_Debit,3,1,4,1
CUST_1571,20,155,2861.17,8,75,Credit_Card,5,2,4,1
CUST_1572,69,449,28840.81,7,75,Auto_Debit,5,1,3,0
CUST_1573,5,348,1787.59,6,75,Auto_Debit,2,1,3,1
CUST_1574,70,203,13625.62,1,24,Auto_Debit,4,4,3,1
CUST_1575,71,374,26003.26,10,31,Auto_Debit,2,3,2,0
CUST_1576,27,386,10813.68,7,32,Bank_Transfer,0,3,0,0
CUST_1577,19,150,2931.69,7,53,Bank_Transfer,0,4,0,1
CUST_1578,5,338,1821.64,7,68,Auto_Debit,3,4,1,0
CUST_1579,71,311,22255.32,10,46,Bank_Transfer,3,5,4,1
CUST_1580,43,93,4015.87,2,57,Credit_Card,4,2,4,0
CUST_1581,39,51,1939.06,9,70,Credit_Card,5,3,1,0
CUST_1582,7,212,1398.81,9,43,Auto_Debit,3,4,0,0
CUST_1583,48,95,4290.53,0,29,Bank_Transfer,4,2,4,1
CUST_1584,28,299,8521.38,3,50,Bank_Transfer,5,1,4,1
CUST_1585,27,445,12039.53,4,66,Credit_Card,5,4,1,1
CUST_1586,62,330,21663.35,9,67,Credit_Card,2,4,4,1
CUST_1587,53,160,8553.73,8,63,Bank_Transfer,4,4,3,1
CUST_1588,33,215,6491.07,6,32,Credit_Card,1,1,1,0
CUST_1589,10,265,2432.8,7,42,Credit_Card,4,1,0,1
CUST_1590,55,154,8034.15,4,49,Credit_Card,3,3,0,0
CUST_1591,67,235,17285.57,7,63,Auto_Debit,4,4,1,0
CUST_1592,34,192,6305.79,7,24,Bank_Transfer,4,2,0,1
CUST_1593,41,345,14111.19,10,35,Credit_Card,5,4,1,0
CUST_1594,8,63,536.09,10,40,Credit_Card,4,3,1,0
CUST_1595,53,346,18981.28,1,24,Bank_Transfer,4,1,0,0
CUST_1596,21,343,6844.25,5,67,Bank_Transfer,4,4,1,0
CUST_1597,21,265,5771.37,8,57,Bank_Transfer,2,3,1,0
CUST_1598,70,384,28183.93,5,71,Bank_Transfer,0,5,4,0
CUST_1599,40,62,2639.52,3,37,Credit_Card,0,5,0,0
CUST_1600,41,372,15789.52,3,52,Credit_Card,0,1,4,0
