BookingID,Lead_Time_Days,Nights_Stayed,Adults_Count,Children_Count,Room_Type,Meal_Plan,Parking_Request,Repeated_Guest,Previous_Cancellations,Cancellation_Status
RES_0001,96,12,1,2,Standard,Half_Board,0,1,1,1
RES_0002,133,7,4,2,King,Half_Board,1,0,0,0
RES_0003,218,6,3,0,Suite,Half_Board,1,0,0,0
RES_0004,348,13,3,1,Suite,Half_Board,0,1,0,0
RES_0005,355,12,1,0,King,Half_Board,0,0,0,0
RES_0006,264,9,2,1,King,All_Inclusive,1,1,1,1
RES_0007,232,8,1,0,Standard,Breakfast_Included,0,0,0,0
RES_0008,315,7,3,2,King,All_Inclusive,1,0,0,0
RES_0009,70,6,4,0,Standard,All_Inclusive,1,1,0,0
RES_0010,294,6,1,2,Suite,Breakfast_Included,1,1,1,0
RES_0011,180,6,2,1,Family,Half_Board,0,1,1,0
RES_0012,205,11,2,3,King,All_Inclusive,1,1,1,1
RES_0013,263,1,4,2,Standard,Breakfast_Included,1,0,0,0
RES_0014,225,5,4,0,King,Half_Board,0,1,0,1
RES_0015,90,4,1,0,Standard,Half_Board,1,1,0,0
RES_0016,118,14,4,0,King,Half_Board,0,1,0,0
RES_0017,105,10,3,2,Standard,Breakfast_Included,1,0,0,0
RES_0018,139,13,2,2,Standard,Breakfast_Included,1,1,0,0
RES_0019,80,1,2,0,Suite,All_Inclusive,1,1,0,0
RES_0020,65,14,4,3,King,All_Inclusive,0,1,1,0
RES_0021,211,6,4,0,King,All_Inclusive,0,1,0,0
RES_0022,221,10,3,2,Suite,Breakfast_Included,1,1,0,0
RES_0023,273,12,2,0,King,Half_Board,1,0,0,1
RES_0024,202,13,3,3,Family,Half_Board,1,0,0,1
RES_0025,10,11,4,2,Family,All_Inclusive,0,1,1,0
RES_0026,248,6,2,2,Suite,Half_Board,1,0,0,0
RES_0027,345,2,3,3,Family,All_Inclusive,1,1,0,0
RES_0028,201,11,4,2,Family,Breakfast_Included,0,1,1,0
RES_0029,109,13,2,3,Family,Half_Board,1,0,0,0
RES_0030,222,1,2,2,Standard,Half_Board,1,1,1,0
RES_0031,90,13,2,3,King,Half_Board,1,0,0,0
RES_0032,240,12,4,0,Standard,Half_Board,0,1,1,1
RES_0033,208,2,4,0,King,Half_Board,0,0,0,1
RES_0034,3,3,2,2,Standard,All_Inclusive,0,0,0,0
RES_0035,316,10,4,3,Suite,Breakfast_Included,1,0,0,0
RES_0036,151,3,2,3,King,Half_Board,1,1,0,0
RES_0037,43,8,1,1,King,All_Inclusive,1,0,0,0
RES_0038,89,6,4,2,Family,Breakfast_Included,1,0,0,0
RES_0039,187,4,2,0,Standard,Half_Board,0,0,0,0
RES_0040,317,6,3,1,Family,Half_Board,1,0,0,0
RES_0041,103,5,3,2,Family,Half_Board,1,1,1,1
RES_0042,272,1,4,0,Suite,Breakfast_Included,0,1,0,0
RES_0043,138,13,2,1,Standard,Breakfast_Included,1,0,0,0
RES_0044,206,8,1,0,Family,Half_Board,0,1,1,1
RES_0045,8,14,4,3,Family,Half_Board,1,1,0,0
RES_0046,358,14,2,0,Standard,All_Inclusive,0,1,0,0
RES_0047,46,4,2,3,Standard,Breakfast_Included,1,0,0,0
RES_0048,185,12,1,2,King,All_Inclusive,1,0,0,1
RES_0049,282,12,2,1,King,Half_Board,0,0,0,1
RES_0050,36,14,4,1,Family,All_Inclusive,0,1,1,0
RES_0051,286,7,1,2,Standard,All_Inclusive,1,0,0,1
RES_0052,121,5,4,2,King,Breakfast_Included,1,0,0,0
RES_0053,91,1,3,0,Suite,All_Inclusive,1,0,0,0
RES_0054,27,3,2,1,Family,Half_Board,0,1,0,0
RES_0055,87,5,3,1,Family,Breakfast_Included,0,0,0,0
RES_0056,291,7,3,0,Suite,Breakfast_Included,1,1,1,0
RES_0057,185,10,4,3,Standard,All_Inclusive,1,1,1,1
RES_0058,49,8,1,2,Family,All_Inclusive,1,0,0,0
RES_0059,309,10,3,0,Standard,Breakfast_Included,0,1,1,1
RES_0060,108,10,3,1,Standard,All_Inclusive,1,0,0,1
RES_0061,308,11,1,3,King,All_Inclusive,1,1,0,0
RES_0062,25,14,2,0,Standard,Half_Board,1,0,0,0
RES_0063,114,8,2,3,Family,All_Inclusive,0,1,0,0
RES_0064,187,3,2,1,Family,Breakfast_Included,0,0,0,0
RES_0065,365,9,2,3,King,Breakfast_Included,1,0,0,0
RES_0066,91,3,4,1,Standard,Half_Board,0,0,0,1
RES_0067,358,7,4,3,Family,Half_Board,1,1,0,0
RES_0068,108,11,3,1,Standard,All_Inclusive,0,1,1,1
RES_0069,233,3,4,0,Suite,Half_Board,0,0,0,1
RES_0070,38,3,2,1,Standard,Breakfast_Included,0,1,1,1
RES_0071,40,7,3,1,Family,Half_Board,1,1,1,0
RES_0072,226,9,4,2,Suite,Breakfast_Included,0,1,0,1
RES_0073,298,7,1,3,Standard,Breakfast_Included,1,1,1,0
RES_0074,76,9,1,1,King,All_Inclusive,0,0,0,0
RES_0075,28,11,3,3,Suite,Breakfast_Included,0,1,1,1
RES_0076,137,1,2,0,Suite,All_Inclusive,1,0,0,0
RES_0077,195,12,4,3,King,All_Inclusive,0,1,0,0
RES_0078,348,12,3,1,Standard,Half_Board,1,1,1,1
RES_0079,228,1,1,1,King,Half_Board,0,1,1,1
RES_0080,306,5,2,0,Family,Half_Board,0,0,0,1
RES_0081,111,8,2,0,King,Half_Board,0,1,0,0
RES_0082,18,13,3,2,King,All_Inclusive,0,1,0,0
RES_0083,235,3,2,1,King,All_Inclusive,0,1,0,0
RES_0084,57,13,4,1,King,Half_Board,0,0,0,0
RES_0085,163,5,2,2,Family,Half_Board,0,1,0,1
RES_0086,104,14,1,3,King,Half_Board,0,0,0,0
RES_0087,207,11,1,0,King,All_Inclusive,1,0,0,1
RES_0088,112,12,4,0,King,Breakfast_Included,1,1,0,0
RES_0089,191,10,2,1,Family,Breakfast_Included,0,1,1,1
RES_0090,82,8,4,0,Standard,Half_Board,0,0,0,0
RES_0091,97,9,3,0,King,All_Inclusive,0,1,0,0
RES_0092,199,14,2,3,Standard,All_Inclusive,0,0,0,1
RES_0093,243,11,1,0,King,Half_Board,0,0,0,0
RES_0094,271,10,4,2,Suite,Breakfast_Included,0,0,0,1
RES_0095,133,12,3,3,King,All_Inclusive,1,1,0,1
RES_0096,323,4,3,0,King,All_Inclusive,1,0,0,0
RES_0097,44,13,4,1,Standard,Breakfast_Included,0,1,0,0
RES_0098,47,1,3,2,Standard,Half_Board,1,1,0,0
RES_0099,24,1,1,1,Suite,All_Inclusive,0,1,0,1
RES_0100,329,3,1,2,Family,Breakfast_Included,0,1,0,1
RES_0101,297,6,3,1,King,All_Inclusive,0,1,0,0
RES_0102,203,2,3,1,Suite,All_Inclusive,0,1,0,0
RES_0103,237,6,4,2,King,Half_Board,1,1,1,0
RES_0104,266,11,1,3,King,Half_Board,1,1,1,0
RES_0105,51,12,2,3,Standard,Half_Board,0,0,0,0
RES_0106,155,3,2,3,Suite,All_Inclusive,1,0,0,1
RES_0107,297,2,4,1,Family,Half_Board,0,1,1,1
RES_0108,14,12,2,1,Family,Breakfast_Included,1,1,1,1
RES_0109,58,13,2,3,Standard,All_Inclusive,0,0,0,0
RES_0110,235,6,4,3,King,Half_Board,0,0,0,1
RES_0111,112,14,2,0,King,Breakfast_Included,0,1,1,0
RES_0112,160,13,4,3,Suite,Breakfast_Included,0,0,0,1
RES_0113,58,10,1,1,King,Half_Board,0,0,0,0
RES_0114,42,1,4,0,Suite,All_Inclusive,1,1,1,1
RES_0115,178,2,1,1,King,Half_Board,1,1,1,0
RES_0116,6,13,1,2,Standard,Half_Board,0,1,1,0
RES_0117,172,2,4,0,Suite,Half_Board,1,1,1,1
RES_0118,320,5,2,1,Family,Half_Board,0,1,0,0
RES_0119,216,14,3,2,Suite,All_Inclusive,1,0,0,0
RES_0120,248,9,3,2,King,Half_Board,1,1,0,1
RES_0121,5,11,3,1,Suite,Half_Board,1,0,0,0
RES_0122,364,3,4,3,Standard,Half_Board,0,0,0,1
RES_0123,7,10,1,1,Family,All_Inclusive,0,0,0,0
RES_0124,317,7,2,3,Family,Half_Board,1,1,1,1
RES_0125,238,11,2,1,Family,Breakfast_Included,0,1,0,0
RES_0126,59,12,1,0,Suite,Half_Board,0,0,0,0
RES_0127,351,5,1,0,Standard,All_Inclusive,0,1,1,1
RES_0128,101,9,3,1,Suite,Breakfast_Included,1,0,0,1
RES_0129,259,8,3,0,Standard,Half_Board,0,1,1,1
RES_0130,109,9,3,1,Standard,Half_Board,1,0,0,0
RES_0131,13,3,4,0,Suite,All_Inclusive,0,0,0,1
RES_0132,68,10,2,1,Suite,All_Inclusive,1,0,0,0
RES_0133,157,5,2,1,Suite,Half_Board,0,0,0,1
RES_0134,345,14,3,2,Standard,Breakfast_Included,0,1,1,1
RES_0135,284,1,2,1,Suite,All_Inclusive,0,0,0,1
RES_0136,23,5,3,3,Family,Breakfast_Included,1,1,0,0
RES_0137,91,11,3,0,Standard,All_Inclusive,1,0,0,0
RES_0138,363,10,2,3,Standard,Half_Board,0,1,0,1
RES_0139,348,6,1,3,Standard,Half_Board,0,1,1,1
RES_0140,243,9,1,2,Family,All_Inclusive,1,0,0,0
RES_0141,165,10,3,0,King,All_Inclusive,0,1,0,1
RES_0142,142,9,4,2,Family,All_Inclusive,0,0,0,0
RES_0143,153,5,1,3,Family,All_Inclusive,1,0,0,0
RES_0144,3,1,2,1,Suite,All_Inclusive,0,0,0,0
RES_0145,346,3,2,1,Family,Breakfast_Included,0,1,1,1
RES_0146,87,6,1,1,Standard,Breakfast_Included,1,0,0,0
RES_0147,198,14,1,2,King,Half_Board,0,1,1,0
RES_0148,106,5,1,2,King,Breakfast_Included,0,1,0,0
RES_0149,146,1,2,2,King,All_Inclusive,1,0,0,1
RES_0150,80,13,4,0,Standard,Half_Board,1,0,0,0
RES_0151,343,9,2,0,Standard,Half_Board,1,0,0,1
RES_0152,65,12,1,3,Suite,Half_Board,0,0,0,0
RES_0153,190,4,3,1,King,Half_Board,0,1,1,0
RES_0154,217,13,4,0,Standard,Half_Board,1,1,0,1
RES_0155,256,3,1,3,Standard,Breakfast_Included,0,1,0,0
RES_0156,186,2,2,1,Standard,All_Inclusive,1,1,0,0
RES_0157,8,12,2,0,Standard,All_Inclusive,1,1,0,0
RES_0158,199,10,3,3,King,Half_Board,0,0,0,1
RES_0159,220,10,1,3,King,All_Inclusive,1,0,0,1
RES_0160,206,4,4,1,Suite,All_Inclusive,0,1,0,0
RES_0161,348,5,3,3,Suite,Half_Board,1,1,0,0
RES_0162,234,6,4,3,King,All_Inclusive,0,1,1,1
RES_0163,112,12,2,2,Suite,Half_Board,1,1,1,0
RES_0164,125,13,4,2,King,All_Inclusive,1,1,0,0
RES_0165,152,4,1,0,King,All_Inclusive,1,0,0,0
RES_0166,351,7,2,0,Standard,Half_Board,0,0,0,0
RES_0167,325,2,2,3,Standard,Half_Board,0,0,0,1
RES_0168,68,11,3,0,Suite,Half_Board,1,0,0,0
RES_0169,179,4,3,3,Suite,All_Inclusive,0,1,1,1
RES_0170,292,11,3,2,Suite,Breakfast_Included,0,1,1,0
RES_0171,201,7,4,0,King,Half_Board,0,1,1,0
RES_0172,222,9,3,1,King,All_Inclusive,1,0,0,0
RES_0173,294,11,2,3,Suite,Breakfast_Included,1,0,0,1
RES_0174,172,2,3,0,King,Breakfast_Included,1,1,0,0
RES_0175,100,11,4,3,Standard,Breakfast_Included,1,1,0,0
RES_0176,74,8,1,2,Suite,Breakfast_Included,1,1,0,0
RES_0177,79,13,3,1,Standard,All_Inclusive,1,0,0,0
RES_0178,280,14,4,0,Suite,Half_Board,1,1,1,0
RES_0179,126,13,2,0,Standard,Breakfast_Included,0,0,0,0
RES_0180,360,1,4,1,King,Breakfast_Included,1,0,0,0
RES_0181,264,1,4,0,Standard,All_Inclusive,1,1,0,0
RES_0182,187,2,2,0,King,Breakfast_Included,0,1,0,0
RES_0183,351,4,1,0,Family,Breakfast_Included,0,0,0,0
RES_0184,103,12,1,1,Suite,All_Inclusive,1,0,0,0
RES_0185,271,4,1,0,Suite,Breakfast_Included,1,0,0,0
RES_0186,357,1,2,0,Standard,All_Inclusive,0,1,0,0
RES_0187,57,7,1,1,King,Half_Board,1,0,0,0
RES_0188,73,12,4,3,King,Breakfast_Included,0,1,1,0
RES_0189,340,3,4,1,Family,Half_Board,0,1,1,0
RES_0190,88,2,4,3,King,Breakfast_Included,1,0,0,0
RES_0191,312,7,3,1,Suite,Breakfast_Included,0,0,0,0
RES_0192,320,9,3,1,Standard,Half_Board,0,1,0,0
RES_0193,349,2,4,1,Suite,All_Inclusive,0,0,0,0
RES_0194,93,14,1,0,Suite,Half_Board,1,0,0,0
RES_0195,248,8,1,3,Family,Breakfast_Included,1,0,0,1
RES_0196,172,12,4,2,Suite,Half_Board,0,0,0,0
RES_0197,44,13,1,2,Standard,Breakfast_Included,0,1,1,0
RES_0198,151,3,3,0,Suite,Half_Board,0,0,0,1
RES_0199,235,2,2,0,Family,All_Inclusive,0,1,0,0
RES_0200,46,8,3,1,Standard,Breakfast_Included,1,0,0,0
RES_0201,54,1,1,1,King,All_Inclusive,0,1,1,0
RES_0202,163,9,3,1,Suite,Half_Board,1,1,0,0
RES_0203,150,6,3,2,Suite,Breakfast_Included,1,0,0,1
RES_0204,34,1,4,0,Family,All_Inclusive,1,0,0,0
RES_0205,94,12,1,3,Family,Half_Board,1,0,0,0
RES_0206,189,10,4,1,Suite,All_Inclusive,1,1,0,0
RES_0207,236,11,3,2,King,Breakfast_Included,1,0,0,0
RES_0208,188,8,1,0,Standard,All_Inclusive,0,1,1,1
RES_0209,169,13,1,3,Family,Half_Board,1,0,0,0
RES_0210,345,13,2,0,Family,Breakfast_Included,0,1,1,1
RES_0211,336,10,2,1,Suite,Breakfast_Included,0,1,1,0
RES_0212,276,10,2,1,King,All_Inclusive,1,1,0,0
RES_0213,141,8,3,1,Standard,All_Inclusive,1,0,0,0
RES_0214,325,14,1,3,Standard,Breakfast_Included,0,0,0,0
RES_0215,216,3,3,0,Family,Breakfast_Included,1,0,0,0
RES_0216,320,3,4,2,Standard,Half_Board,0,0,0,0
RES_0217,309,2,2,1,Standard,Breakfast_Included,1,0,0,0
RES_0218,127,1,3,0,Standard,Half_Board,1,0,0,1
RES_0219,320,14,3,3,Suite,Breakfast_Included,0,0,0,0
RES_0220,140,4,1,0,Suite,Breakfast_Included,1,1,1,1
RES_0221,140,12,4,3,Standard,Half_Board,1,0,0,1
RES_0222,161,1,3,3,Standard,All_Inclusive,1,1,0,0
RES_0223,100,7,2,2,King,Half_Board,1,1,1,1
RES_0224,298,14,2,2,King,Breakfast_Included,0,1,0,0
RES_0225,44,3,3,1,Suite,Breakfast_Included,0,1,0,0
RES_0226,35,12,2,2,Standard,Breakfast_Included,0,1,0,0
RES_0227,159,10,4,1,King,All_Inclusive,1,1,0,0
RES_0228,362,8,3,0,Suite,Half_Board,0,1,0,0
RES_0229,154,12,2,1,King,Breakfast_Included,1,1,0,1
RES_0230,298,12,2,2,King,Breakfast_Included,0,1,1,1
RES_0231,267,7,4,2,Standard,Half_Board,1,0,0,0
RES_0232,306,11,4,2,Standard,All_Inclusive,1,0,0,0
RES_0233,354,9,3,0,Standard,Half_Board,0,0,0,0
RES_0234,249,5,2,3,King,All_Inclusive,0,0,0,1
RES_0235,2,1,4,2,Family,Half_Board,1,0,0,0
RES_0236,28,11,2,2,Family,Breakfast_Included,0,0,0,0
RES_0237,233,8,2,2,Standard,Half_Board,0,0,0,0
RES_0238,26,11,4,0,Family,Half_Board,1,1,0,0
RES_0239,133,6,3,1,Standard,All_Inclusive,0,0,0,0
RES_0240,232,9,4,1,Family,Breakfast_Included,1,1,1,1
RES_0241,183,7,2,2,Family,All_Inclusive,1,1,0,1
RES_0242,128,8,2,2,Suite,Half_Board,0,1,0,0
RES_0243,189,6,1,0,Suite,All_Inclusive,0,0,0,1
RES_0244,151,13,1,3,King,Breakfast_Included,1,0,0,0
RES_0245,38,5,1,1,Family,Half_Board,1,0,0,0
RES_0246,59,14,3,2,Suite,Breakfast_Included,1,0,0,0
RES_0247,6,5,2,1,Standard,All_Inclusive,1,1,0,0
RES_0248,54,12,2,0,Family,All_Inclusive,0,1,0,0
RES_0249,50,7,4,0,Family,Half_Board,1,1,1,0
RES_0250,57,12,1,1,Family,Breakfast_Included,0,1,1,0
RES_0251,300,13,3,3,King,Half_Board,0,0,0,1
RES_0252,55,1,1,3,Standard,Breakfast_Included,0,1,1,0
RES_0253,15,2,3,0,Suite,Half_Board,1,1,1,1
RES_0254,237,9,3,3,Suite,All_Inclusive,1,0,0,0
RES_0255,19,1,1,0,King,Half_Board,1,1,1,0
RES_0256,237,2,2,2,Suite,All_Inclusive,1,0,0,1
RES_0257,293,9,2,2,Suite,Half_Board,1,1,1,0
RES_0258,37,9,4,0,Family,Half_Board,1,1,1,0
RES_0259,69,6,3,2,King,Breakfast_Included,0,0,0,0
RES_0260,84,6,3,3,King,Breakfast_Included,0,0,0,0
RES_0261,336,6,1,3,Family,Half_Board,1,0,0,0
RES_0262,305,7,2,3,Standard,All_Inclusive,1,0,0,0
RES_0263,238,11,1,3,King,All_Inclusive,1,1,1,1
RES_0264,310,2,4,0,Suite,All_Inclusive,1,0,0,0
RES_0265,9,8,2,3,Standard,Half_Board,1,1,1,0
RES_0266,323,8,3,0,Suite,Breakfast_Included,0,0,0,0
RES_0267,14,9,3,0,Family,All_Inclusive,1,1,0,0
RES_0268,129,6,3,1,Standard,Half_Board,1,1,0,1
RES_0269,213,3,1,3,Standard,Breakfast_Included,1,1,1,0
RES_0270,232,6,1,0,Standard,Half_Board,1,0,0,0
RES_0271,144,13,2,2,Standard,All_Inclusive,1,1,0,0
RES_0272,167,14,1,0,Family,Breakfast_Included,1,0,0,0
RES_0273,223,8,3,3,Family,Breakfast_Included,1,1,1,1
RES_0274,130,3,1,1,Family,Half_Board,1,0,0,0
RES_0275,203,9,3,1,King,Breakfast_Included,1,0,0,1
RES_0276,256,3,2,2,Family,Half_Board,0,1,0,0
RES_0277,232,2,1,0,King,All_Inclusive,0,1,1,1
RES_0278,28,10,3,2,Standard,Half_Board,1,1,1,0
RES_0279,156,13,4,1,Family,Breakfast_Included,1,0,0,0
RES_0280,331,13,2,2,Standard,All_Inclusive,0,0,0,0
RES_0281,352,9,2,3,Family,All_Inclusive,0,1,0,0
RES_0282,352,11,1,3,Family,Breakfast_Included,0,0,0,1
RES_0283,303,7,1,3,King,Breakfast_Included,1,1,0,1
RES_0284,45,9,2,2,Standard,Half_Board,0,1,0,0
RES_0285,191,6,2,3,Standard,Half_Board,0,1,1,1
RES_0286,209,3,1,2,Suite,Breakfast_Included,0,0,0,0
RES_0287,115,1,2,0,Standard,Half_Board,1,0,0,0
RES_0288,181,2,2,3,King,Half_Board,1,0,0,0
RES_0289,263,7,1,0,Standard,Half_Board,1,0,0,0
RES_0290,197,1,1,2,Family,All_Inclusive,1,1,0,0
RES_0291,107,13,3,0,King,All_Inclusive,0,1,0,0
RES_0292,276,7,1,1,Standard,All_Inclusive,0,0,0,0
RES_0293,256,9,4,2,King,Breakfast_Included,0,1,0,0
RES_0294,242,7,1,2,Family,All_Inclusive,0,0,0,0
RES_0295,229,13,3,2,Family,Half_Board,0,1,1,1
RES_0296,239,1,4,2,Suite,Half_Board,1,1,1,1
RES_0297,313,8,4,3,Family,Half_Board,0,1,1,0
RES_0298,76,10,4,1,Standard,Breakfast_Included,1,1,1,0
RES_0299,162,8,1,0,Family,Half_Board,0,0,0,0
RES_0300,178,2,3,0,King,Breakfast_Included,0,1,0,0
RES_0301,169,10,4,1,Suite,Breakfast_Included,1,1,1,1
RES_0302,360,9,4,0,Suite,All_Inclusive,1,1,1,0
RES_0303,142,6,2,1,Standard,Breakfast_Included,0,1,0,0
RES_0304,311,12,3,1,Family,Half_Board,0,1,1,0
RES_0305,346,5,4,3,Suite,Breakfast_Included,1,1,0,0
RES_0306,328,6,3,1,Suite,All_Inclusive,0,0,0,0
RES_0307,91,13,1,2,King,Breakfast_Included,0,0,0,0
RES_0308,287,8,3,1,King,Half_Board,0,0,0,0
RES_0309,245,11,3,2,King,All_Inclusive,0,0,0,1
RES_0310,192,6,1,2,Standard,Half_Board,0,1,0,1
RES_0311,100,12,2,1,Suite,Half_Board,1,1,0,0
RES_0312,88,7,1,0,King,Breakfast_Included,1,1,0,0
RES_0313,323,5,3,1,Standard,All_Inclusive,0,0,0,1
RES_0314,138,12,3,3,Suite,Breakfast_Included,0,1,0,0
RES_0315,22,1,2,2,King,All_Inclusive,0,1,1,0
RES_0316,127,3,2,2,Family,Half_Board,0,0,0,1
RES_0317,154,5,2,2,Standard,Half_Board,1,0,0,0
RES_0318,105,11,4,0,Standard,All_Inclusive,0,0,0,0
RES_0319,148,10,4,3,Suite,All_Inclusive,0,0,0,0
RES_0320,334,9,2,2,Suite,Breakfast_Included,1,1,0,1
RES_0321,44,9,1,3,Standard,Half_Board,1,1,0,0
RES_0322,356,5,2,0,Family,All_Inclusive,0,0,0,1
RES_0323,69,11,4,3,Suite,All_Inclusive,0,0,0,0
RES_0324,50,9,4,0,Suite,Half_Board,1,0,0,0
RES_0325,269,2,1,0,King,Breakfast_Included,0,1,0,0
RES_0326,351,3,2,1,Family,Half_Board,0,1,1,0
RES_0327,15,10,1,2,King,Breakfast_Included,0,1,1,0
RES_0328,215,6,3,2,Standard,All_Inclusive,1,1,0,0
RES_0329,263,14,1,2,Family,Half_Board,0,0,0,0
RES_0330,138,2,2,3,King,Half_Board,1,0,0,0
RES_0331,323,3,1,2,Family,All_Inclusive,0,1,0,0
RES_0332,269,10,1,3,Suite,Breakfast_Included,0,1,1,1
RES_0333,174,11,3,2,Standard,All_Inclusive,0,0,0,0
RES_0334,64,4,3,2,King,Half_Board,1,0,0,0
RES_0335,213,8,3,3,King,Half_Board,1,1,1,0
RES_0336,131,3,3,1,Standard,Breakfast_Included,0,0,0,1
RES_0337,282,5,1,0,King,All_Inclusive,0,1,0,0
RES_0338,321,14,1,2,Standard,All_Inclusive,0,0,0,1
RES_0339,311,13,4,3,Family,All_Inclusive,0,1,0,1
RES_0340,25,5,3,1,Standard,Half_Board,0,0,0,0
RES_0341,66,10,2,2,Standard,All_Inclusive,1,0,0,0
RES_0342,219,9,1,1,Family,Half_Board,0,0,0,1
RES_0343,136,9,2,3,King,Breakfast_Included,1,0,0,1
RES_0344,333,12,1,0,Suite,Breakfast_Included,1,1,1,1
RES_0345,247,4,4,3,Family,All_Inclusive,0,1,1,1
RES_0346,188,4,1,0,Family,Breakfast_Included,0,0,0,1
RES_0347,26,1,2,2,King,Half_Board,1,1,1,0
RES_0348,161,9,3,1,King,All_Inclusive,0,1,0,0
RES_0349,180,12,2,2,Suite,Half_Board,1,1,1,1
RES_0350,251,13,4,3,Suite,Breakfast_Included,0,0,0,1
RES_0351,2,9,4,2,Suite,Breakfast_Included,0,0,0,1
RES_0352,195,12,1,3,Family,Breakfast_Included,1,1,1,0
RES_0353,330,5,3,0,Suite,Half_Board,0,1,1,0
RES_0354,4,3,2,1,Standard,All_Inclusive,0,1,0,0
RES_0355,253,12,2,1,Suite,Half_Board,0,1,1,1
RES_0356,131,5,3,2,Standard,Breakfast_Included,1,1,0,0
RES_0357,166,6,3,0,King,Breakfast_Included,0,0,0,1
RES_0358,242,2,4,0,Standard,Breakfast_Included,0,0,0,0
RES_0359,274,5,3,1,King,All_Inclusive,1,0,0,0
RES_0360,135,4,4,0,Standard,Half_Board,1,0,0,0
RES_0361,107,10,3,0,Standard,Breakfast_Included,1,1,1,1
RES_0362,306,1,3,2,Suite,Half_Board,1,1,0,0
RES_0363,124,14,1,3,King,Breakfast_Included,1,0,0,0
RES_0364,265,3,3,0,Standard,All_Inclusive,1,1,0,0
RES_0365,60,8,1,2,Family,All_Inclusive,0,0,0,0
RES_0366,19,7,1,0,King,Half_Board,1,0,0,0
RES_0367,258,2,3,2,Suite,All_Inclusive,1,0,0,0
RES_0368,34,11,3,3,King,All_Inclusive,0,0,0,0
RES_0369,74,10,3,3,Suite,Half_Board,1,1,1,0
RES_0370,164,5,4,0,Family,All_Inclusive,1,0,0,0
RES_0371,29,4,2,2,Standard,All_Inclusive,1,0,0,0
RES_0372,146,3,2,1,Family,All_Inclusive,1,1,0,1
RES_0373,325,14,3,3,King,All_Inclusive,1,0,0,0
RES_0374,204,11,1,0,Family,Breakfast_Included,1,1,0,0
RES_0375,98,11,3,1,King,Breakfast_Included,1,0,0,0
RES_0376,162,10,2,3,Suite,Half_Board,1,1,1,1
RES_0377,266,1,3,1,King,Half_Board,0,0,0,0
RES_0378,359,13,1,2,Standard,All_Inclusive,1,0,0,0
RES_0379,258,5,3,1,Family,All_Inclusive,0,0,0,1
RES_0380,197,9,4,0,Standard,All_Inclusive,1,1,0,0
RES_0381,164,6,4,2,Family,Half_Board,0,0,0,1
RES_0382,36,4,3,2,Family,All_Inclusive,0,0,0,0
RES_0383,109,11,2,0,Suite,Half_Board,0,0,0,0
RES_0384,213,12,3,2,Suite,Half_Board,1,1,1,1
RES_0385,198,2,1,2,Standard,Breakfast_Included,0,0,0,0
RES_0386,277,7,4,2,Standard,Half_Board,0,0,0,0
RES_0387,243,9,4,1,Standard,Half_Board,0,0,0,0
RES_0388,268,12,2,1,Standard,Half_Board,0,1,1,1
RES_0389,128,6,1,3,Standard,Half_Board,0,1,1,1
RES_0390,79,12,1,3,Suite,Breakfast_Included,0,1,1,0
RES_0391,44,11,2,1,King,All_Inclusive,1,0,0,0
RES_0392,117,14,2,1,King,All_Inclusive,1,0,0,1
RES_0393,297,1,4,2,King,Half_Board,0,1,1,1
RES_0394,137,14,3,3,King,Breakfast_Included,0,0,0,0
RES_0395,230,7,1,3,King,Half_Board,1,1,0,0
RES_0396,94,3,1,2,Standard,Breakfast_Included,1,1,0,0
RES_0397,347,11,4,0,Family,Half_Board,0,0,0,0
RES_0398,224,7,1,1,King,Half_Board,1,0,0,0
RES_0399,252,7,4,0,Suite,Half_Board,1,0,0,0
RES_0400,65,14,4,1,Standard,Breakfast_Included,0,1,1,0
RES_0401,229,11,3,1,King,Breakfast_Included,1,1,0,0
RES_0402,109,9,2,2,Standard,Breakfast_Included,0,1,0,1
RES_0403,151,6,4,1,King,Half_Board,0,1,1,0
RES_0404,263,10,4,3,King,Half_Board,1,0,0,0
RES_0405,178,8,2,1,King,Breakfast_Included,1,0,0,0
RES_0406,36,12,1,3,Standard,Half_Board,1,0,0,0
RES_0407,104,14,4,2,King,Half_Board,1,1,0,1
RES_0408,213,5,3,2,Standard,Half_Board,0,0,0,0
RES_0409,338,10,1,0,Suite,Breakfast_Included,1,1,0,1
RES_0410,13,3,3,3,Family,Half_Board,1,1,1,0
RES_0411,236,4,4,0,Family,Breakfast_Included,1,1,0,1
RES_0412,21,3,1,1,King,All_Inclusive,0,0,0,0
RES_0413,78,5,3,0,King,All_Inclusive,0,0,0,0
RES_0414,222,14,1,0,Standard,Half_Board,0,0,0,0
RES_0415,10,4,1,2,King,Breakfast_Included,0,1,0,1
RES_0416,21,10,1,1,Family,Half_Board,1,1,1,0
RES_0417,104,9,2,1,Family,All_Inclusive,1,0,0,0
RES_0418,279,10,3,2,Suite,Half_Board,1,0,0,0
RES_0419,109,12,2,3,Family,Breakfast_Included,0,0,0,0
RES_0420,18,3,4,2,King,Breakfast_Included,1,1,1,1
RES_0421,168,1,2,2,Standard,Half_Board,1,0,0,0
RES_0422,159,10,3,0,King,Breakfast_Included,0,0,0,1
RES_0423,169,5,1,2,Family,Breakfast_Included,0,0,0,1
RES_0424,8,5,1,0,Family,Breakfast_Included,0,0,0,0
RES_0425,42,12,4,3,Standard,Half_Board,0,0,0,0
RES_0426,274,6,4,3,King,Half_Board,1,1,0,0
RES_0427,270,3,1,3,Standard,Breakfast_Included,1,0,0,1
RES_0428,329,6,4,1,Suite,Half_Board,0,1,0,0
RES_0429,266,9,4,0,King,Half_Board,1,1,0,0
RES_0430,96,11,3,2,Family,Breakfast_Included,0,1,1,1
RES_0431,48,3,1,0,King,Breakfast_Included,1,1,1,0
RES_0432,13,14,1,0,Family,Half_Board,0,1,0,0
RES_0433,321,13,4,2,Suite,All_Inclusive,0,0,0,1
RES_0434,261,1,3,3,Family,Half_Board,1,0,0,1
RES_0435,197,1,2,2,Suite,All_Inclusive,0,1,1,0
RES_0436,57,7,4,0,King,Breakfast_Included,1,0,0,0
RES_0437,252,8,4,3,Standard,Half_Board,1,0,0,0
RES_0438,85,1,3,0,Family,Half_Board,0,1,1,0
RES_0439,352,10,4,3,Family,Half_Board,1,1,0,0
RES_0440,51,4,1,1,Family,All_Inclusive,0,0,0,0
RES_0441,67,13,1,1,Suite,Half_Board,1,1,1,1
RES_0442,88,12,3,3,King,All_Inclusive,1,0,0,0
RES_0443,254,10,4,2,Family,All_Inclusive,1,1,1,0
RES_0444,201,12,3,1,Family,Half_Board,0,0,0,1
RES_0445,10,2,3,2,King,Half_Board,1,0,0,0
RES_0446,60,12,1,2,Suite,Breakfast_Included,0,0,0,0
RES_0447,333,10,1,0,King,Half_Board,1,0,0,1
RES_0448,358,7,1,2,Standard,Breakfast_Included,1,1,1,1
RES_0449,47,10,4,0,Suite,Half_Board,0,1,0,0
RES_0450,291,2,2,1,Suite,All_Inclusive,0,1,0,1
RES_0451,159,5,2,3,Family,Half_Board,1,0,0,0
RES_0452,158,9,4,0,King,All_Inclusive,0,1,0,1
RES_0453,17,13,2,2,Family,Half_Board,1,0,0,0
RES_0454,338,9,2,3,Suite,Breakfast_Included,1,0,0,1
RES_0455,57,11,2,1,Standard,Breakfast_Included,0,0,0,0
RES_0456,351,1,2,0,Suite,Breakfast_Included,1,1,0,0
RES_0457,62,8,3,1,Suite,Half_Board,0,1,1,0
RES_0458,278,6,2,1,Standard,Breakfast_Included,1,1,0,0
RES_0459,309,4,4,2,Family,Half_Board,1,0,0,0
RES_0460,171,4,2,3,King,Breakfast_Included,1,1,0,0
RES_0461,69,14,2,3,King,All_Inclusive,1,1,1,0
RES_0462,173,14,1,1,Suite,Breakfast_Included,0,0,0,1
RES_0463,215,11,1,0,Suite,All_Inclusive,1,0,0,0
RES_0464,338,10,3,0,Family,Half_Board,1,0,0,0
RES_0465,302,9,2,1,Family,Half_Board,1,1,1,1
RES_0466,250,4,3,3,King,Half_Board,0,0,0,0
RES_0467,55,3,3,1,Suite,All_Inclusive,0,0,0,1
RES_0468,17,11,2,1,King,Breakfast_Included,0,0,0,0
RES_0469,315,12,1,3,Family,All_Inclusive,0,0,0,1
RES_0470,32,12,3,0,Suite,Half_Board,1,1,0,0
RES_0471,108,12,3,3,Standard,All_Inclusive,1,0,0,0
RES_0472,335,2,2,3,Suite,Half_Board,1,0,0,1
RES_0473,300,14,3,1,Suite,All_Inclusive,1,1,1,1
RES_0474,126,6,2,3,Suite,Breakfast_Included,1,0,0,0
RES_0475,97,12,1,0,Standard,Breakfast_Included,1,0,0,0
RES_0476,166,6,4,3,Standard,All_Inclusive,0,0,0,1
RES_0477,105,13,3,1,Suite,Breakfast_Included,0,0,0,0
RES_0478,163,1,1,0,King,All_Inclusive,0,0,0,1
RES_0479,355,12,1,0,Suite,Breakfast_Included,0,0,0,0
RES_0480,264,3,2,0,King,Half_Board,1,1,0,0
RES_0481,39,11,4,0,Family,Half_Board,0,0,0,0
RES_0482,110,14,2,3,Family,All_Inclusive,1,0,0,0
RES_0483,277,8,4,2,Suite,Breakfast_Included,1,1,1,0
RES_0484,110,12,4,1,Standard,All_Inclusive,1,1,0,0
RES_0485,48,6,3,3,Standard,Breakfast_Included,1,1,0,0
RES_0486,212,3,3,3,Suite,Half_Board,1,0,0,0
RES_0487,269,7,3,2,King,All_Inclusive,0,0,0,1
RES_0488,8,1,2,3,Suite,All_Inclusive,0,1,1,0
RES_0489,352,4,4,1,Suite,Half_Board,0,0,0,1
RES_0490,277,5,3,1,Family,Breakfast_Included,1,1,1,0
RES_0491,1,12,2,0,Standard,All_Inclusive,0,0,0,1
RES_0492,6,5,1,2,Standard,Half_Board,0,1,1,0
RES_0493,9,10,1,0,King,Breakfast_Included,1,1,0,0
RES_0494,217,14,1,3,Family,All_Inclusive,1,0,0,0
RES_0495,18,2,1,1,Standard,Breakfast_Included,0,1,1,1
RES_0496,209,8,1,1,Suite,All_Inclusive,0,1,1,0
RES_0497,152,10,1,0,Suite,Breakfast_Included,0,1,1,1
RES_0498,161,10,3,3,Standard,All_Inclusive,0,0,0,1
RES_0499,247,9,1,0,Suite,All_Inclusive,1,1,0,1
RES_0500,307,4,3,2,Suite,All_Inclusive,0,0,0,0
RES_0501,305,9,4,2,Family,Breakfast_Included,1,1,0,0
RES_0502,88,10,4,2,King,All_Inclusive,1,0,0,0
RES_0503,345,4,3,0,Family,Half_Board,0,1,1,1
RES_0504,250,11,1,2,Standard,All_Inclusive,1,0,0,1
RES_0505,300,13,4,0,Standard,Breakfast_Included,1,0,0,1
RES_0506,112,6,2,0,Standard,Half_Board,1,0,0,1
RES_0507,106,2,1,0,King,All_Inclusive,1,1,1,0
RES_0508,312,6,1,0,Suite,Breakfast_Included,0,0,0,0
RES_0509,152,7,4,0,King,Breakfast_Included,1,1,0,1
RES_0510,54,1,3,2,Family,Half_Board,1,0,0,0
RES_0511,354,4,1,2,Suite,Half_Board,1,1,1,0
RES_0512,351,13,2,0,Standard,Breakfast_Included,0,1,1,1
RES_0513,2,3,4,1,Family,Breakfast_Included,0,0,0,0
RES_0514,184,5,2,0,Family,All_Inclusive,1,1,0,0
RES_0515,251,8,4,1,King,Breakfast_Included,0,1,0,0
RES_0516,59,2,2,0,Standard,All_Inclusive,1,1,0,0
RES_0517,78,4,3,1,King,Breakfast_Included,1,1,0,0
RES_0518,0,12,3,0,King,All_Inclusive,1,0,0,0
RES_0519,289,3,4,1,King,Breakfast_Included,1,1,0,0
RES_0520,81,4,1,0,Suite,All_Inclusive,1,1,1,0
RES_0521,45,5,4,3,Suite,All_Inclusive,0,0,0,0
RES_0522,307,4,4,0,Standard,All_Inclusive,0,1,1,1
RES_0523,289,9,1,3,Family,All_Inclusive,0,1,0,0
RES_0524,100,13,3,2,King,Half_Board,0,1,0,0
RES_0525,263,12,3,3,Standard,All_Inclusive,1,1,1,1
RES_0526,11,1,2,3,Suite,Breakfast_Included,0,1,1,0
RES_0527,24,14,1,1,Suite,All_Inclusive,1,0,0,0
RES_0528,334,2,3,3,Standard,All_Inclusive,1,1,1,0
RES_0529,241,3,2,1,Family,Half_Board,0,1,0,0
RES_0530,237,4,3,2,Family,All_Inclusive,1,1,1,1
RES_0531,117,14,2,2,Standard,Half_Board,1,0,0,0
RES_0532,209,10,1,0,Family,Breakfast_Included,0,0,0,0
RES_0533,177,11,3,0,Suite,Half_Board,0,0,0,0
RES_0534,143,3,4,1,Family,All_Inclusive,1,0,0,0
RES_0535,247,12,3,1,Family,All_Inclusive,0,1,1,1
RES_0536,177,8,2,2,King,Breakfast_Included,0,1,0,1
RES_0537,346,14,1,1,Standard,All_Inclusive,0,0,0,0
RES_0538,90,6,3,3,Standard,All_Inclusive,1,0,0,0
RES_0539,15,7,1,0,King,All_Inclusive,1,0,0,0
RES_0540,276,11,2,1,Standard,Half_Board,1,1,0,0
RES_0541,76,5,2,0,Standard,Breakfast_Included,0,0,0,0
RES_0542,206,12,4,0,Standard,Half_Board,1,0,0,0
RES_0543,239,7,3,1,Suite,All_Inclusive,1,1,0,1
RES_0544,109,9,2,1,Standard,Half_Board,0,0,0,0
RES_0545,216,11,4,2,Suite,Half_Board,1,0,0,0
RES_0546,224,8,2,2,Suite,Half_Board,0,1,1,1
RES_0547,53,1,3,1,King,Breakfast_Included,1,0,0,0
RES_0548,356,7,3,1,King,All_Inclusive,0,1,1,1
RES_0549,274,4,2,0,Family,Half_Board,1,1,1,0
RES_0550,268,10,2,3,Suite,Breakfast_Included,1,1,1,0
RES_0551,315,5,4,3,Suite,Half_Board,0,0,0,0
RES_0552,58,14,1,3,Standard,Breakfast_Included,1,1,0,0
RES_0553,253,12,4,2,Family,Breakfast_Included,0,1,1,0
RES_0554,70,3,2,0,Standard,Half_Board,1,1,0,0
RES_0555,52,12,1,3,King,Half_Board,1,0,0,0
RES_0556,114,13,1,2,Standard,Half_Board,1,1,1,1
RES_0557,126,8,3,2,Standard,Half_Board,0,1,1,0
RES_0558,237,2,4,0,Family,Breakfast_Included,1,0,0,1
RES_0559,277,5,1,3,Standard,All_Inclusive,0,1,0,0
RES_0560,330,5,2,1,King,Half_Board,0,0,0,1
RES_0561,144,9,4,0,Suite,Breakfast_Included,1,1,1,1
RES_0562,125,6,4,0,King,Breakfast_Included,0,1,0,0
RES_0563,297,11,2,0,Standard,Breakfast_Included,0,1,1,0
RES_0564,134,6,4,2,Standard,All_Inclusive,1,0,0,1
RES_0565,235,5,3,0,Family,Half_Board,0,0,0,0
RES_0566,336,9,2,2,Suite,Breakfast_Included,0,1,1,0
RES_0567,84,14,2,2,Family,All_Inclusive,0,1,0,0
RES_0568,215,2,2,3,King,Breakfast_Included,1,0,0,1
RES_0569,258,14,3,0,Standard,All_Inclusive,0,0,0,1
RES_0570,181,5,1,1,King,Half_Board,1,0,0,1
RES_0571,215,14,1,0,King,Half_Board,0,0,0,0
RES_0572,264,14,4,3,Family,All_Inclusive,0,0,0,0
RES_0573,340,1,4,1,Standard,Breakfast_Included,0,1,0,1
RES_0574,296,2,2,2,Suite,Breakfast_Included,1,1,1,1
RES_0575,29,9,3,3,Family,Breakfast_Included,1,0,0,0
RES_0576,138,12,4,2,Suite,All_Inclusive,1,1,1,1
RES_0577,306,2,4,2,Suite,All_Inclusive,1,1,1,0
RES_0578,48,13,4,3,King,All_Inclusive,1,1,1,1
RES_0579,277,8,4,0,Standard,All_Inclusive,1,0,0,1
RES_0580,281,13,1,2,Family,All_Inclusive,1,1,1,1
RES_0581,87,9,1,2,Suite,Half_Board,0,1,0,0
RES_0582,312,7,1,3,Suite,Half_Board,1,0,0,1
RES_0583,237,10,4,0,King,Half_Board,1,0,0,0
RES_0584,35,7,4,3,Suite,Breakfast_Included,0,0,0,1
RES_0585,44,5,3,0,King,Breakfast_Included,0,0,0,0
RES_0586,157,4,3,3,Suite,Breakfast_Included,1,1,1,1
RES_0587,95,7,2,1,King,All_Inclusive,0,1,1,1
RES_0588,210,14,1,1,Standard,Breakfast_Included,1,0,0,0
RES_0589,36,9,3,1,King,All_Inclusive,1,1,1,0
RES_0590,174,3,4,2,Suite,Breakfast_Included,0,0,0,1
RES_0591,188,6,1,0,King,Breakfast_Included,1,0,0,1
RES_0592,133,6,2,2,King,All_Inclusive,0,0,0,0
RES_0593,83,9,1,0,Suite,All_Inclusive,0,0,0,0
RES_0594,247,8,3,2,King,Half_Board,1,1,0,0
RES_0595,150,6,2,0,Standard,Half_Board,1,1,0,0
RES_0596,345,7,1,3,Suite,Half_Board,1,0,0,0
RES_0597,78,5,1,1,Standard,All_Inclusive,0,0,0,0
RES_0598,13,9,2,2,Standard,Breakfast_Included,1,0,0,0
RES_0599,57,4,2,0,Suite,All_Inclusive,0,0,0,0
RES_0600,92,10,3,3,Family,Half_Board,1,1,1,1
RES_0601,221,8,3,1,Family,Half_Board,1,1,0,0
RES_0602,272,1,1,2,Suite,Half_Board,1,0,0,1
RES_0603,342,13,1,0,King,Half_Board,1,1,0,1
RES_0604,281,13,2,3,King,All_Inclusive,0,0,0,1
RES_0605,3,7,4,3,Standard,Breakfast_Included,0,0,0,0
RES_0606,259,3,3,1,Family,Half_Board,1,1,1,1
RES_0607,55,11,3,2,King,Half_Board,0,0,0,0
RES_0608,277,13,4,1,Suite,Half_Board,1,0,0,0
RES_0609,322,2,1,3,King,All_Inclusive,1,0,0,0
RES_0610,1,6,2,1,Standard,All_Inclusive,1,0,0,0
RES_0611,57,14,2,2,Standard,Breakfast_Included,0,1,0,0
RES_0612,290,8,4,3,Suite,Breakfast_Included,1,1,1,0
RES_0613,230,8,3,1,Family,Breakfast_Included,0,1,1,0
RES_0614,319,12,3,0,Standard,Breakfast_Included,1,0,0,0
RES_0615,296,5,3,1,Suite,Breakfast_Included,1,0,0,0
RES_0616,262,9,1,1,King,Breakfast_Included,0,0,0,0
RES_0617,263,4,2,2,King,Half_Board,1,1,1,1
RES_0618,236,11,2,0,Standard,Half_Board,0,0,0,0
RES_0619,135,2,3,0,Suite,All_Inclusive,1,1,0,0
RES_0620,86,6,3,3,King,Breakfast_Included,0,0,0,0
RES_0621,250,14,3,1,Suite,All_Inclusive,1,0,0,0
RES_0622,60,1,3,1,Family,Half_Board,1,0,0,0
RES_0623,75,9,3,3,Suite,Breakfast_Included,0,1,1,1
RES_0624,163,9,4,0,Standard,Breakfast_Included,0,1,1,0
RES_0625,296,2,1,1,Family,Breakfast_Included,0,1,1,1
RES_0626,79,14,2,1,Standard,Breakfast_Included,1,0,0,0
RES_0627,112,8,1,2,Suite,All_Inclusive,1,0,0,0
RES_0628,249,9,3,2,Suite,Breakfast_Included,0,0,0,0
RES_0629,264,5,3,2,Standard,All_Inclusive,1,1,0,0
RES_0630,141,5,4,3,Suite,All_Inclusive,1,0,0,0
RES_0631,336,11,2,2,Suite,Half_Board,0,1,1,0
RES_0632,305,3,1,0,Family,All_Inclusive,1,0,0,1
RES_0633,356,6,1,0,Standard,Half_Board,1,1,0,0
RES_0634,223,13,3,2,Suite,Breakfast_Included,0,0,0,0
RES_0635,156,12,3,0,Suite,Breakfast_Included,0,0,0,0
RES_0636,224,13,4,0,Suite,All_Inclusive,1,0,0,0
RES_0637,127,13,2,3,Standard,Breakfast_Included,1,0,0,1
RES_0638,199,6,1,0,Family,Half_Board,0,0,0,1
RES_0639,233,8,3,2,Suite,Breakfast_Included,0,1,0,0
RES_0640,280,6,2,1,King,All_Inclusive,0,1,1,0
RES_0641,136,4,3,3,King,Half_Board,1,0,0,1
RES_0642,92,9,1,0,Suite,Half_Board,0,0,0,0
RES_0643,324,4,4,0,Suite,All_Inclusive,1,0,0,0
RES_0644,257,5,4,0,King,All_Inclusive,1,1,1,1
RES_0645,202,9,4,2,Family,All_Inclusive,1,0,0,0
RES_0646,40,7,1,1,King,Half_Board,0,0,0,0
RES_0647,66,14,1,2,King,Half_Board,0,0,0,0
RES_0648,244,7,1,0,King,Breakfast_Included,1,0,0,1
RES_0649,14,13,1,1,Family,Half_Board,0,0,0,0
RES_0650,237,10,4,0,Family,All_Inclusive,0,1,1,1
RES_0651,328,10,1,0,King,Half_Board,1,1,1,1
RES_0652,6,12,1,0,Family,Breakfast_Included,0,0,0,0
RES_0653,100,5,1,2,King,Breakfast_Included,1,0,0,0
RES_0654,72,10,4,0,Suite,Half_Board,1,0,0,0
RES_0655,47,10,1,1,Standard,Half_Board,0,1,0,0
RES_0656,48,10,1,1,Suite,Breakfast_Included,1,1,1,1
RES_0657,172,11,4,2,Family,Breakfast_Included,0,1,0,0
RES_0658,362,4,4,3,Suite,All_Inclusive,0,0,0,0
RES_0659,4,4,1,2,Suite,Breakfast_Included,0,0,0,0
RES_0660,230,1,3,2,Standard,Breakfast_Included,0,1,1,0
RES_0661,162,11,2,0,Standard,Half_Board,1,1,0,0
RES_0662,63,11,4,2,Standard,Half_Board,1,1,0,0
RES_0663,11,13,1,2,Suite,Breakfast_Included,1,0,0,0
RES_0664,331,4,2,2,Suite,Half_Board,1,0,0,0
RES_0665,314,11,3,2,Standard,Half_Board,0,1,1,1
RES_0666,42,11,3,3,Suite,All_Inclusive,1,1,1,0
RES_0667,134,10,1,0,Standard,All_Inclusive,1,1,1,1
RES_0668,316,5,1,3,King,Breakfast_Included,0,0,0,0
RES_0669,316,10,3,3,King,All_Inclusive,1,0,0,0
RES_0670,308,11,1,1,Standard,All_Inclusive,1,1,0,0
RES_0671,284,4,3,3,King,Breakfast_Included,0,1,0,0
RES_0672,184,6,2,3,Standard,All_Inclusive,0,0,0,1
RES_0673,76,13,1,3,Standard,All_Inclusive,1,1,1,0
RES_0674,125,3,4,2,King,All_Inclusive,1,1,1,0
RES_0675,86,9,3,1,King,All_Inclusive,0,1,1,0
RES_0676,289,4,2,3,Suite,Breakfast_Included,0,0,0,0
RES_0677,340,2,3,3,Suite,Breakfast_Included,1,1,1,1
RES_0678,139,9,2,2,King,All_Inclusive,0,1,0,0
RES_0679,277,14,1,2,Suite,All_Inclusive,0,0,0,1
RES_0680,224,4,4,3,King,All_Inclusive,1,0,0,1
RES_0681,171,2,4,0,King,All_Inclusive,1,0,0,0
RES_0682,298,12,3,0,Family,All_Inclusive,1,0,0,0
RES_0683,255,7,3,2,Standard,Half_Board,1,1,1,1
RES_0684,362,10,4,0,King,Half_Board,1,1,1,1
RES_0685,293,4,3,3,Family,Half_Board,0,1,1,1
RES_0686,320,13,1,1,Family,All_Inclusive,1,0,0,0
RES_0687,284,3,2,2,Family,All_Inclusive,0,0,0,1
RES_0688,101,8,1,1,King,Breakfast_Included,0,1,1,0
RES_0689,308,2,2,1,Family,All_Inclusive,0,1,0,1
RES_0690,253,8,2,3,Suite,All_Inclusive,1,1,1,0
RES_0691,170,10,4,2,Family,Breakfast_Included,0,1,1,1
RES_0692,300,5,3,0,King,Breakfast_Included,0,0,0,1
RES_0693,170,13,3,0,Standard,Half_Board,0,1,1,0
RES_0694,108,4,2,3,Suite,Half_Board,0,1,1,0
RES_0695,33,12,1,1,Suite,All_Inclusive,0,0,0,0
RES_0696,300,12,3,3,Suite,Breakfast_Included,0,0,0,0
RES_0697,341,2,1,1,Suite,Half_Board,1,0,0,0
RES_0698,241,4,2,2,King,Breakfast_Included,1,0,0,0
RES_0699,172,1,2,0,King,All_Inclusive,0,0,0,1
RES_0700,239,10,2,2,Family,All_Inclusive,1,0,0,0
RES_0701,359,5,3,1,Standard,Half_Board,1,1,0,0
RES_0702,17,11,4,3,Family,Half_Board,0,0,0,0
RES_0703,145,14,2,3,Standard,Half_Board,1,1,1,0
RES_0704,75,14,1,0,Family,Half_Board,1,0,0,0
RES_0705,285,5,1,1,King,Half_Board,1,0,0,0
RES_0706,170,5,3,1,Standard,Breakfast_Included,0,0,0,0
RES_0707,30,5,3,3,Family,Half_Board,0,1,1,0
RES_0708,101,11,2,1,Suite,Breakfast_Included,0,0,0,0
RES_0709,59,14,3,3,Standard,All_Inclusive,0,1,1,1
RES_0710,313,11,2,2,Standard,All_Inclusive,0,1,1,1
RES_0711,121,13,4,3,King,All_Inclusive,0,1,0,0
RES_0712,66,4,3,0,Family,Breakfast_Included,0,1,1,0
RES_0713,54,12,4,3,Standard,Breakfast_Included,0,1,0,0
RES_0714,150,12,4,3,Standard,Half_Board,1,0,0,1
RES_0715,326,9,4,2,Standard,Breakfast_Included,0,1,1,0
RES_0716,99,3,3,0,Suite,Half_Board,0,1,0,1
RES_0717,74,6,4,2,Family,All_Inclusive,1,0,0,0
RES_0718,190,1,1,2,King,Half_Board,0,0,0,1
RES_0719,40,3,2,2,King,Breakfast_Included,1,1,1,0
RES_0720,87,5,3,1,Family,Half_Board,0,0,0,0
RES_0721,308,9,2,3,Suite,Half_Board,0,0,0,1
RES_0722,225,5,1,2,King,Breakfast_Included,0,1,1,1
RES_0723,164,3,4,2,King,All_Inclusive,1,0,0,0
RES_0724,230,4,4,2,King,Breakfast_Included,1,1,1,0
RES_0725,279,14,4,2,Standard,Half_Board,1,1,0,0
RES_0726,214,10,4,0,King,Half_Board,1,0,0,1
RES_0727,290,12,3,1,Family,Breakfast_Included,0,0,0,0
RES_0728,24,9,2,1,Family,Half_Board,0,1,1,0
RES_0729,24,10,4,2,Suite,Breakfast_Included,0,1,1,0
RES_0730,218,9,1,3,Family,Half_Board,1,1,0,0
RES_0731,7,3,2,2,King,Half_Board,0,1,0,0
RES_0732,143,12,1,3,King,Half_Board,0,1,0,1
RES_0733,87,7,3,3,Family,Breakfast_Included,0,0,0,0
RES_0734,139,6,4,2,Standard,All_Inclusive,1,1,0,0
RES_0735,284,11,3,3,Standard,Breakfast_Included,0,0,0,0
RES_0736,344,4,3,0,Family,Breakfast_Included,1,1,0,0
RES_0737,293,14,2,2,Suite,Breakfast_Included,1,0,0,1
RES_0738,342,10,3,1,Standard,Breakfast_Included,1,1,1,0
RES_0739,73,8,4,0,Standard,Half_Board,0,1,1,0
RES_0740,173,13,3,3,King,Breakfast_Included,1,1,1,1
RES_0741,140,9,1,0,King,Half_Board,0,0,0,1
RES_0742,179,11,2,1,Suite,Breakfast_Included,0,1,0,0
RES_0743,94,9,4,3,Suite,All_Inclusive,0,0,0,0
RES_0744,258,1,3,0,Family,Breakfast_Included,0,0,0,0
RES_0745,33,6,2,2,King,All_Inclusive,0,1,1,0
RES_0746,111,10,1,1,Family,All_Inclusive,1,0,0,0
RES_0747,298,12,1,2,King,Half_Board,0,1,1,1
RES_0748,81,10,3,2,Suite,Breakfast_Included,0,1,0,0
RES_0749,189,5,2,1,Family,All_Inclusive,1,1,0,0
RES_0750,363,13,3,3,Standard,Breakfast_Included,1,1,1,0
RES_0751,293,4,3,3,King,Half_Board,0,1,0,0
RES_0752,68,7,2,0,King,Breakfast_Included,0,1,1,0
RES_0753,142,7,1,2,King,Breakfast_Included,1,0,0,0
RES_0754,329,13,2,3,Family,All_Inclusive,0,1,0,1
RES_0755,140,14,3,0,Standard,Breakfast_Included,0,1,1,0
RES_0756,213,14,1,1,King,Half_Board,1,1,0,1
RES_0757,186,1,4,0,Standard,All_Inclusive,1,1,1,0
RES_0758,78,12,1,1,Standard,Breakfast_Included,0,1,1,1
RES_0759,86,3,2,3,Family,Breakfast_Included,1,1,0,0
RES_0760,238,14,1,0,Standard,All_Inclusive,0,1,1,0
RES_0761,274,5,3,3,Suite,Half_Board,1,0,0,0
RES_0762,290,4,1,1,King,Breakfast_Included,1,0,0,1
RES_0763,302,9,3,1,Family,Breakfast_Included,1,1,0,0
RES_0764,51,6,3,3,Family,Half_Board,0,0,0,0
RES_0765,275,10,3,0,Suite,All_Inclusive,0,1,1,1
RES_0766,323,1,2,1,Standard,Breakfast_Included,0,0,0,0
RES_0767,85,6,1,3,Standard,All_Inclusive,1,1,0,0
RES_0768,151,13,2,0,Standard,Breakfast_Included,0,0,0,0
RES_0769,303,9,4,1,King,All_Inclusive,0,1,0,0
RES_0770,227,12,4,1,Standard,Breakfast_Included,0,0,0,0
RES_0771,303,3,3,2,King,Half_Board,0,0,0,0
RES_0772,259,1,4,3,Family,Half_Board,1,0,0,0
RES_0773,324,2,3,1,Family,Breakfast_Included,1,0,0,1
RES_0774,206,7,4,2,King,Breakfast_Included,0,0,0,1
RES_0775,343,10,3,0,Family,Breakfast_Included,0,0,0,1
RES_0776,11,7,4,0,Standard,Half_Board,0,0,0,0
RES_0777,327,9,3,3,Family,Breakfast_Included,1,1,0,0
RES_0778,259,5,3,1,King,Breakfast_Included,1,0,0,0
RES_0779,152,4,2,3,Family,Breakfast_Included,0,1,1,1
RES_0780,195,12,4,2,Suite,All_Inclusive,1,0,0,0
RES_0781,97,5,1,0,King,Half_Board,1,0,0,0
RES_0782,110,11,1,2,Standard,Breakfast_Included,1,0,0,0
RES_0783,55,8,1,2,Standard,All_Inclusive,0,1,0,0
RES_0784,190,2,2,0,Standard,Breakfast_Included,0,1,0,0
RES_0785,143,12,3,3,Standard,All_Inclusive,0,1,0,0
RES_0786,243,12,2,1,King,All_Inclusive,0,0,0,0
RES_0787,4,13,4,0,King,Breakfast_Included,1,1,1,0
RES_0788,279,14,2,0,King,Half_Board,0,1,0,0
RES_0789,314,5,2,2,King,Half_Board,1,1,1,0
RES_0790,179,11,4,2,Family,Breakfast_Included,1,0,0,0
RES_0791,241,3,4,0,Family,All_Inclusive,1,0,0,1
RES_0792,135,4,2,1,Suite,All_Inclusive,0,1,1,0
RES_0793,103,4,4,0,King,Breakfast_Included,0,1,0,1
RES_0794,279,5,3,1,Suite,Breakfast_Included,0,0,0,0
RES_0795,306,14,4,2,Family,All_Inclusive,0,1,1,1
RES_0796,104,8,4,1,King,Breakfast_Included,0,1,0,1
RES_0797,282,13,2,0,Family,All_Inclusive,0,0,0,0
RES_0798,179,4,4,1,King,Breakfast_Included,0,0,0,1
RES_0799,226,4,3,1,Family,All_Inclusive,0,1,1,1
RES_0800,214,11,4,0,Suite,Breakfast_Included,1,1,0,0
RES_0801,222,5,3,0,Suite,Half_Board,0,0,0,1
RES_0802,32,2,3,1,Standard,Breakfast_Included,1,0,0,0
RES_0803,162,5,4,0,Family,Breakfast_Included,0,1,1,0
RES_0804,252,9,2,0,King,All_Inclusive,1,0,0,0
RES_0805,168,14,2,0,Standard,All_Inclusive,0,1,1,0
RES_0806,208,4,3,0,Family,All_Inclusive,0,1,0,0
RES_0807,44,7,2,1,Family,Half_Board,0,0,0,0
RES_0808,50,2,4,1,Suite,All_Inclusive,0,1,1,1
RES_0809,24,8,2,1,King,Breakfast_Included,1,1,1,0
RES_0810,204,12,4,2,Family,Half_Board,0,0,0,1
RES_0811,87,14,1,2,Standard,Half_Board,0,0,0,0
RES_0812,262,2,2,1,Suite,All_Inclusive,1,0,0,0
RES_0813,159,1,3,0,Standard,All_Inclusive,1,0,0,1
RES_0814,138,3,2,2,Family,All_Inclusive,1,1,1,0
RES_0815,108,4,4,0,King,Breakfast_Included,0,1,1,0
RES_0816,33,9,4,3,Standard,Breakfast_Included,1,1,1,0
RES_0817,208,2,1,0,Standard,Half_Board,1,0,0,0
RES_0818,287,11,2,3,Standard,Breakfast_Included,1,0,0,0
RES_0819,3,13,4,1,Suite,Breakfast_Included,0,1,1,0
RES_0820,234,1,1,1,Suite,All_Inclusive,1,1,1,0
RES_0821,266,3,2,0,Suite,Breakfast_Included,1,1,1,1
RES_0822,3,1,2,2,King,Half_Board,0,0,0,1
RES_0823,173,6,4,3,Suite,Breakfast_Included,0,1,1,1
RES_0824,267,4,2,1,Standard,All_Inclusive,0,0,0,1
RES_0825,345,5,1,1,Standard,Half_Board,1,1,1,0
RES_0826,125,4,2,1,Family,All_Inclusive,1,0,0,0
RES_0827,214,10,1,0,King,Breakfast_Included,0,0,0,0
RES_0828,92,11,1,1,Family,Breakfast_Included,0,1,0,1
RES_0829,364,12,1,3,Standard,All_Inclusive,1,0,0,1
RES_0830,237,4,4,3,King,All_Inclusive,1,0,0,1
RES_0831,73,9,3,0,Suite,All_Inclusive,1,1,1,1
RES_0832,151,8,1,1,Family,All_Inclusive,1,0,0,1
RES_0833,265,6,3,0,Family,Half_Board,0,1,1,1
RES_0834,142,9,4,3,King,Half_Board,0,0,0,0
RES_0835,104,10,1,3,King,All_Inclusive,1,1,1,1
RES_0836,63,13,1,1,Family,Half_Board,1,1,1,0
RES_0837,205,13,2,2,Family,Half_Board,1,0,0,0
RES_0838,65,5,2,2,Family,All_Inclusive,1,0,0,0
RES_0839,121,11,1,3,Suite,Half_Board,0,0,0,1
RES_0840,67,8,3,3,Standard,Breakfast_Included,1,1,1,0
RES_0841,198,7,3,0,Suite,Half_Board,1,0,0,0
RES_0842,357,2,2,2,Suite,All_Inclusive,1,1,1,1
RES_0843,218,13,3,2,Suite,All_Inclusive,0,0,0,0
RES_0844,334,1,3,3,Suite,Half_Board,0,0,0,0
RES_0845,305,6,2,1,Family,All_Inclusive,0,0,0,0
RES_0846,47,7,4,3,King,Breakfast_Included,1,0,0,0
RES_0847,260,8,1,2,Suite,All_Inclusive,1,1,1,1
RES_0848,106,12,1,0,King,All_Inclusive,0,1,0,1
RES_0849,338,6,1,1,Standard,All_Inclusive,1,1,1,1
RES_0850,129,12,3,1,Family,All_Inclusive,0,0,0,0
RES_0851,354,4,3,0,Standard,All_Inclusive,1,0,0,0
RES_0852,330,6,2,2,Suite,All_Inclusive,0,1,0,0
RES_0853,223,1,1,2,Family,All_Inclusive,1,1,1,0
RES_0854,271,4,1,3,Standard,Breakfast_Included,1,1,1,0
RES_0855,90,4,4,0,Suite,Breakfast_Included,0,0,0,0
RES_0856,101,2,1,2,King,All_Inclusive,1,1,1,1
RES_0857,283,10,4,3,Standard,Breakfast_Included,0,0,0,0
RES_0858,17,6,3,1,Family,Half_Board,0,0,0,0
RES_0859,328,5,4,1,Standard,Half_Board,0,0,0,0
RES_0860,198,10,3,1,Standard,Breakfast_Included,1,1,1,0
RES_0861,276,12,1,3,Suite,Half_Board,0,1,0,0
RES_0862,8,9,3,3,Suite,All_Inclusive,0,1,0,0
RES_0863,46,11,3,1,Suite,All_Inclusive,1,0,0,0
RES_0864,196,7,4,1,Suite,Half_Board,0,0,0,1
RES_0865,155,10,3,0,Standard,All_Inclusive,1,1,0,0
RES_0866,328,13,1,0,Suite,Breakfast_Included,1,1,1,0
RES_0867,303,5,2,1,Family,Breakfast_Included,0,0,0,0
RES_0868,237,9,2,2,Suite,Breakfast_Included,0,0,0,1
RES_0869,206,13,2,3,Suite,Breakfast_Included,0,1,0,0
RES_0870,328,4,2,3,Family,All_Inclusive,1,0,0,0
RES_0871,281,9,4,1,Suite,All_Inclusive,0,1,1,0
RES_0872,9,12,3,0,King,All_Inclusive,0,1,0,0
RES_0873,89,11,4,2,King,Breakfast_Included,0,0,0,0
RES_0874,316,1,2,2,Family,Half_Board,0,1,0,1
RES_0875,58,10,1,0,Family,Half_Board,1,1,0,0
RES_0876,335,3,1,2,Standard,Breakfast_Included,1,0,0,0
RES_0877,99,9,3,1,Standard,Breakfast_Included,1,1,0,0
RES_0878,311,13,2,1,Family,Breakfast_Included,1,1,1,0
RES_0879,290,14,4,1,Standard,Half_Board,1,1,1,1
RES_0880,124,12,4,1,Suite,Breakfast_Included,1,0,0,0
RES_0881,122,11,3,3,Family,Breakfast_Included,0,0,0,0
RES_0882,186,12,4,0,Standard,Half_Board,0,0,0,1
RES_0883,146,2,1,1,Family,Half_Board,1,1,0,0
RES_0884,134,5,4,1,Family,Breakfast_Included,0,0,0,0
RES_0885,8,5,2,1,Family,Breakfast_Included,1,0,0,0
RES_0886,220,1,3,3,Family,Breakfast_Included,0,1,1,1
RES_0887,68,14,1,3,Family,All_Inclusive,1,1,1,0
RES_0888,108,7,2,2,Suite,All_Inclusive,1,1,1,0
RES_0889,225,13,4,2,Standard,All_Inclusive,1,0,0,1
RES_0890,287,3,2,1,Family,Breakfast_Included,0,1,0,0
RES_0891,16,5,4,0,Standard,All_Inclusive,0,0,0,0
RES_0892,127,4,4,3,Family,All_Inclusive,0,1,0,0
RES_0893,53,8,2,3,King,Breakfast_Included,1,0,0,0
RES_0894,192,14,2,1,Family,Breakfast_Included,0,1,1,1
RES_0895,321,3,1,2,Family,Half_Board,0,0,0,1
RES_0896,298,11,4,3,Standard,Half_Board,1,0,0,0
RES_0897,274,1,3,3,King,Half_Board,0,0,0,0
RES_0898,199,12,2,3,Family,Breakfast_Included,1,0,0,0
RES_0899,173,5,2,2,Family,Half_Board,1,0,0,0
RES_0900,77,14,4,1,Suite,Half_Board,0,1,0,0
RES_0901,228,4,3,0,King,All_Inclusive,1,0,0,0
RES_0902,328,5,3,0,King,All_Inclusive,0,0,0,1
RES_0903,320,5,4,2,Suite,All_Inclusive,1,0,0,0
RES_0904,153,10,4,0,Standard,Breakfast_Included,1,0,0,1
RES_0905,256,8,3,3,Standard,Breakfast_Included,0,1,1,0
RES_0906,176,3,4,3,Family,Breakfast_Included,0,1,1,1
RES_0907,305,5,2,2,Family,All_Inclusive,1,0,0,0
RES_0908,281,1,2,2,King,Half_Board,0,0,0,1
RES_0909,59,1,1,1,King,Half_Board,0,0,0,0
RES_0910,286,12,4,3,Suite,Half_Board,0,1,1,1
RES_0911,158,14,4,1,Suite,All_Inclusive,1,0,0,0
RES_0912,281,6,2,2,King,All_Inclusive,0,1,0,1
RES_0913,298,13,1,0,Standard,Half_Board,1,0,0,1
RES_0914,86,5,3,3,Family,Breakfast_Included,1,0,0,0
RES_0915,204,9,3,1,Standard,Half_Board,0,0,0,0
RES_0916,84,5,4,0,Suite,Half_Board,0,0,0,0
RES_0917,84,3,2,1,Standard,Half_Board,1,0,0,0
RES_0918,352,6,3,0,Family,Breakfast_Included,1,1,1,0
RES_0919,319,8,2,0,King,All_Inclusive,0,1,0,0
RES_0920,242,8,1,3,King,Half_Board,0,0,0,0
RES_0921,28,9,4,0,Standard,Half_Board,0,1,1,0
RES_0922,148,6,1,3,Family,All_Inclusive,1,1,1,0
RES_0923,26,7,1,1,King,Breakfast_Included,1,1,1,0
RES_0924,171,11,2,3,Family,Breakfast_Included,1,1,1,0
RES_0925,80,4,4,1,Family,Breakfast_Included,0,1,0,0
RES_0926,102,9,3,2,Family,Breakfast_Included,1,1,0,0
RES_0927,72,13,2,2,Standard,Half_Board,1,0,0,0
RES_0928,189,7,4,3,King,All_Inclusive,0,0,0,1
RES_0929,220,9,1,3,King,Breakfast_Included,0,1,1,1
RES_0930,270,11,2,1,Suite,Half_Board,1,0,0,0
RES_0931,182,1,3,1,Suite,Breakfast_Included,1,1,1,1
RES_0932,169,13,3,2,Suite,All_Inclusive,1,1,1,0
RES_0933,108,8,2,3,Standard,Half_Board,1,0,0,0
RES_0934,102,1,3,1,King,All_Inclusive,1,1,0,0
RES_0935,324,11,3,1,Standard,Breakfast_Included,1,1,0,0
RES_0936,274,10,3,1,King,All_Inclusive,1,1,0,0
RES_0937,171,10,4,2,Suite,Half_Board,0,0,0,1
RES_0938,219,13,4,1,Standard,Half_Board,1,1,0,1
RES_0939,148,7,2,3,King,Breakfast_Included,1,0,0,1
RES_0940,280,1,3,3,Family,Breakfast_Included,1,1,0,1
RES_0941,227,11,1,1,Family,All_Inclusive,1,1,0,1
RES_0942,73,14,1,3,Family,Breakfast_Included,0,0,0,1
RES_0943,275,6,3,1,Standard,All_Inclusive,0,0,0,0
RES_0944,290,4,1,3,King,Breakfast_Included,0,1,0,0
RES_0945,14,14,2,0,Family,Breakfast_Included,0,1,0,0
RES_0946,252,3,4,0,Suite,Half_Board,0,1,1,0
RES_0947,288,14,1,1,Standard,Half_Board,0,0,0,0
RES_0948,67,12,2,1,King,All_Inclusive,1,1,0,0
RES_0949,183,9,2,0,Family,Breakfast_Included,1,1,1,1
RES_0950,191,3,4,2,Suite,All_Inclusive,1,0,0,0
RES_0951,232,2,3,3,King,Half_Board,0,1,0,0
RES_0952,237,14,3,0,King,Half_Board,1,1,1,1
RES_0953,231,4,1,3,King,Breakfast_Included,0,1,1,1
RES_0954,0,8,1,2,Standard,All_Inclusive,1,0,0,0
RES_0955,25,1,4,0,Family,All_Inclusive,1,1,1,1
RES_0956,121,3,2,0,Suite,Half_Board,0,0,0,0
RES_0957,215,9,2,2,Suite,Half_Board,0,1,1,0
RES_0958,89,8,2,2,Family,All_Inclusive,0,1,0,0
RES_0959,109,5,3,3,Standard,Breakfast_Included,1,0,0,0
RES_0960,217,4,1,1,Suite,Half_Board,1,1,1,1
RES_0961,358,8,3,1,Suite,All_Inclusive,1,0,0,0
RES_0962,7,2,4,3,Suite,Breakfast_Included,0,1,0,0
RES_0963,219,2,3,3,King,Half_Board,0,0,0,0
RES_0964,257,9,1,2,Suite,Half_Board,0,0,0,0
RES_0965,5,10,4,3,Suite,Breakfast_Included,1,0,0,0
RES_0966,275,12,3,2,Family,All_Inclusive,0,0,0,0
RES_0967,126,1,4,0,King,All_Inclusive,0,0,0,0
RES_0968,306,9,3,0,Standard,Breakfast_Included,1,1,0,1
RES_0969,29,9,3,2,Standard,All_Inclusive,0,0,0,0
RES_0970,89,14,2,3,Family,Breakfast_Included,0,1,1,0
RES_0971,268,7,3,3,Standard,All_Inclusive,0,1,0,0
RES_0972,252,12,3,3,Family,Half_Board,0,0,0,1
RES_0973,243,12,2,3,King,Half_Board,0,1,1,1
RES_0974,308,14,1,2,Family,Breakfast_Included,0,1,1,1
RES_0975,281,7,2,0,Family,Half_Board,1,0,0,1
RES_0976,363,13,3,2,Standard,All_Inclusive,1,0,0,0
RES_0977,268,13,3,3,Standard,Half_Board,0,1,1,0
RES_0978,83,13,2,2,Standard,Half_Board,0,1,0,0
RES_0979,333,7,4,0,Standard,Breakfast_Included,0,0,0,1
RES_0980,48,3,3,0,King,Half_Board,1,1,0,0
RES_0981,74,10,1,0,Suite,Breakfast_Included,0,1,1,0
RES_0982,279,6,4,1,Family,All_Inclusive,0,1,1,0
RES_0983,290,7,1,1,Suite,All_Inclusive,0,1,0,0
RES_0984,31,2,1,0,Standard,Half_Board,0,1,1,1
RES_0985,198,11,4,3,Standard,All_Inclusive,1,1,0,1
RES_0986,122,3,2,2,Standard,Half_Board,1,1,1,1
RES_0987,143,9,4,2,King,All_Inclusive,0,1,0,1
RES_0988,22,7,3,2,Suite,Breakfast_Included,1,0,0,0
RES_0989,13,8,3,1,Family,Breakfast_Included,0,1,0,0
RES_0990,316,4,2,0,King,Half_Board,1,0,0,0
RES_0991,26,10,4,2,King,All_Inclusive,0,0,0,0
RES_0992,61,13,4,0,Family,All_Inclusive,1,1,1,1
RES_0993,49,2,4,0,King,Half_Board,1,1,0,0
RES_0994,286,11,4,0,Family,Half_Board,0,1,0,0
RES_0995,60,14,4,2,Standard,All_Inclusive,0,0,0,0
RES_0996,85,6,3,2,Family,Breakfast_Included,1,1,0,0
RES_0997,165,3,3,1,Family,All_Inclusive,0,1,0,0
RES_0998,70,4,2,3,Suite,Half_Board,0,1,1,1
RES_0999,74,11,3,0,Standard,Half_Board,1,1,0,0
RES_1000,67,8,2,3,Standard,Breakfast_Included,0,0,0,0
RES_1001,50,10,2,0,Suite,Breakfast_Included,0,0,0,0
RES_1002,108,11,4,2,King,Breakfast_Included,1,0,0,1
RES_1003,178,2,4,0,Suite,All_Inclusive,1,0,0,0
RES_1004,23,14,4,1,Standard,All_Inclusive,1,0,0,0
RES_1005,240,7,2,3,Standard,All_Inclusive,1,0,0,0
RES_1006,167,5,3,1,Standard,Half_Board,1,1,1,0
RES_1007,184,2,2,1,Family,Breakfast_Included,1,1,0,0
RES_1008,336,4,3,2,Family,All_Inclusive,1,1,1,0
RES_1009,119,3,2,2,Suite,Breakfast_Included,1,0,0,0
RES_1010,26,1,2,3,Suite,All_Inclusive,0,0,0,0
RES_1011,308,8,1,1,King,Breakfast_Included,0,1,1,1
RES_1012,146,3,2,0,Standard,All_Inclusive,1,0,0,0
RES_1013,289,12,1,1,King,All_Inclusive,0,0,0,1
RES_1014,86,8,1,2,King,Half_Board,1,0,0,0
RES_1015,253,3,3,1,King,Half_Board,1,1,1,1
RES_1016,189,2,4,2,Standard,Half_Board,0,1,0,1
RES_1017,286,14,4,2,Standard,Breakfast_Included,0,1,0,1
RES_1018,336,3,1,1,Family,Half_Board,1,1,0,0
RES_1019,211,14,4,3,Standard,Half_Board,0,0,0,1
RES_1020,86,5,1,1,Standard,Breakfast_Included,1,1,1,1
RES_1021,64,12,3,2,Family,Half_Board,0,0,0,0
RES_1022,289,14,2,2,Standard,Half_Board,1,1,0,0
RES_1023,267,14,3,3,King,All_Inclusive,0,1,1,1
RES_1024,15,9,4,2,King,All_Inclusive,0,0,0,0
RES_1025,129,4,3,2,Standard,Breakfast_Included,1,0,0,0
RES_1026,229,6,2,2,Suite,All_Inclusive,1,1,1,1
RES_1027,24,14,2,3,Standard,Half_Board,0,1,0,0
RES_1028,320,13,1,1,King,Breakfast_Included,1,1,0,0
RES_1029,240,7,4,3,Standard,Half_Board,1,1,0,0
RES_1030,138,10,1,2,Suite,All_Inclusive,1,1,0,0
RES_1031,33,12,3,0,King,All_Inclusive,0,0,0,0
RES_1032,321,8,2,2,Standard,Breakfast_Included,1,0,0,1
RES_1033,281,11,3,2,Family,All_Inclusive,1,1,0,0
RES_1034,75,13,1,2,King,All_Inclusive,1,1,0,0
RES_1035,72,5,3,3,Standard,All_Inclusive,0,1,0,0
RES_1036,320,13,4,0,Family,All_Inclusive,1,1,0,0
RES_1037,169,2,2,0,Standard,Breakfast_Included,1,0,0,0
RES_1038,147,6,1,3,King,Half_Board,0,1,1,0
RES_1039,97,11,3,0,King,Breakfast_Included,0,0,0,0
RES_1040,194,8,4,2,Standard,Breakfast_Included,1,1,0,0
RES_1041,66,13,2,1,Family,Breakfast_Included,1,1,1,0
RES_1042,3,4,4,1,Standard,Breakfast_Included,1,0,0,0
RES_1043,121,12,2,2,Family,Half_Board,1,1,0,0
RES_1044,143,9,2,0,King,Breakfast_Included,1,1,0,0
RES_1045,189,14,3,0,King,Half_Board,1,1,0,0
RES_1046,99,14,4,0,Suite,All_Inclusive,0,0,0,1
RES_1047,202,9,4,1,King,All_Inclusive,1,0,0,0
RES_1048,40,10,4,2,King,All_Inclusive,1,1,1,0
RES_1049,165,14,1,2,Family,Breakfast_Included,1,0,0,0
RES_1050,43,12,4,0,King,Half_Board,1,1,0,0
RES_1051,1,11,4,2,Family,Half_Board,0,1,1,1
RES_1052,101,1,2,3,Suite,Half_Board,1,1,1,1
RES_1053,156,4,1,1,King,Half_Board,1,0,0,0
RES_1054,119,14,3,1,Standard,Half_Board,0,0,0,1
RES_1055,224,11,1,3,Standard,All_Inclusive,0,1,1,0
RES_1056,315,1,2,2,Suite,All_Inclusive,0,0,0,1
RES_1057,222,10,4,3,Standard,Half_Board,1,1,1,0
RES_1058,249,8,4,0,Standard,All_Inclusive,1,1,1,0
RES_1059,31,5,3,2,Standard,All_Inclusive,0,1,0,0
RES_1060,171,10,1,3,Family,Breakfast_Included,0,1,0,1
RES_1061,139,1,1,0,King,Breakfast_Included,1,1,1,1
RES_1062,287,11,3,2,Suite,Half_Board,1,0,0,0
RES_1063,296,3,3,0,Standard,Half_Board,0,1,1,0
RES_1064,365,10,2,1,Standard,Half_Board,1,1,1,1
RES_1065,95,8,4,1,King,Breakfast_Included,1,0,0,1
RES_1066,35,7,3,1,Suite,Half_Board,1,0,0,0
RES_1067,46,13,4,2,Suite,Breakfast_Included,0,0,0,1
RES_1068,21,2,4,0,Standard,Half_Board,0,1,0,0
RES_1069,172,11,4,3,Standard,All_Inclusive,0,0,0,0
RES_1070,110,6,2,0,Standard,Half_Board,1,0,0,0
RES_1071,214,9,4,2,King,Breakfast_Included,1,0,0,1
RES_1072,121,3,1,1,King,All_Inclusive,0,0,0,0
RES_1073,266,10,1,0,Suite,All_Inclusive,0,1,0,0
RES_1074,146,7,1,1,Standard,All_Inclusive,0,1,1,1
RES_1075,85,5,3,3,Standard,Half_Board,0,0,0,0
RES_1076,78,6,3,2,Family,All_Inclusive,0,1,0,0
RES_1077,159,1,4,1,Standard,Half_Board,1,1,0,0
RES_1078,100,4,4,0,Suite,Half_Board,1,1,1,0
RES_1079,281,8,4,1,King,Breakfast_Included,1,0,0,0
RES_1080,114,4,3,2,Family,All_Inclusive,0,1,1,1
RES_1081,325,6,4,0,Suite,Breakfast_Included,0,0,0,0
RES_1082,131,9,4,3,Standard,Half_Board,1,1,0,0
RES_1083,138,11,2,3,King,All_Inclusive,0,1,1,1
RES_1084,328,5,3,1,Standard,All_Inclusive,0,1,1,1
RES_1085,86,7,1,2,Suite,Breakfast_Included,1,0,0,0
RES_1086,219,10,3,3,Suite,Half_Board,0,0,0,0
RES_1087,254,1,3,0,Standard,Breakfast_Included,0,1,0,1
RES_1088,231,7,3,3,King,Half_Board,0,1,0,0
RES_1089,108,11,1,2,Suite,All_Inclusive,1,1,1,1
RES_1090,244,9,1,0,Suite,Half_Board,1,1,1,0
RES_1091,30,2,4,0,Standard,Half_Board,0,0,0,1
RES_1092,129,10,3,3,Standard,Half_Board,1,0,0,0
RES_1093,187,3,2,0,King,All_Inclusive,1,1,0,1
RES_1094,216,12,1,2,Family,Half_Board,1,0,0,0
RES_1095,355,10,1,0,Standard,All_Inclusive,0,0,0,0
RES_1096,163,12,3,0,King,Half_Board,1,1,1,1
RES_1097,261,13,1,2,Standard,All_Inclusive,0,1,0,1
RES_1098,92,13,1,1,Suite,Breakfast_Included,1,0,0,0
RES_1099,133,5,1,1,King,Half_Board,0,0,0,0
RES_1100,232,13,4,1,Suite,Breakfast_Included,0,0,0,1
RES_1101,219,10,2,0,King,All_Inclusive,1,0,0,1
RES_1102,234,5,4,1,King,Breakfast_Included,1,0,0,0
RES_1103,169,8,4,2,Standard,Breakfast_Included,1,0,0,0
RES_1104,90,11,2,3,Standard,Breakfast_Included,1,1,0,0
RES_1105,358,6,2,1,King,All_Inclusive,1,0,0,0
RES_1106,288,1,4,0,Standard,Breakfast_Included,0,1,0,0
RES_1107,230,4,4,1,Suite,Half_Board,0,0,0,0
RES_1108,318,11,1,2,Family,Breakfast_Included,0,0,0,1
RES_1109,321,6,1,2,Suite,Breakfast_Included,1,1,0,0
RES_1110,192,10,2,0,King,Half_Board,0,1,0,0
RES_1111,298,11,4,0,Family,Breakfast_Included,0,0,0,0
RES_1112,93,7,4,3,King,Half_Board,0,0,0,0
RES_1113,261,14,3,2,Suite,Breakfast_Included,1,1,0,1
RES_1114,261,9,4,3,King,Breakfast_Included,1,0,0,1
RES_1115,228,3,1,3,King,Half_Board,1,0,0,0
RES_1116,165,7,2,1,King,Half_Board,0,1,0,1
RES_1117,177,4,3,2,King,All_Inclusive,0,0,0,0
RES_1118,203,9,4,0,Standard,Half_Board,0,0,0,0
RES_1119,261,14,3,3,King,Half_Board,0,0,0,1
RES_1120,17,7,2,3,Standard,All_Inclusive,1,0,0,0
RES_1121,288,4,4,3,Family,All_Inclusive,1,1,1,0
RES_1122,182,1,1,1,Suite,All_Inclusive,0,0,0,0
RES_1123,262,8,1,0,Suite,All_Inclusive,1,1,1,0
RES_1124,339,10,3,2,King,Half_Board,1,1,1,0
RES_1125,207,6,1,1,King,Half_Board,1,0,0,0
RES_1126,171,8,3,1,Standard,Half_Board,0,0,0,0
RES_1127,294,4,3,0,King,All_Inclusive,0,0,0,0
RES_1128,138,1,2,2,King,Half_Board,1,1,1,1
RES_1129,361,13,1,0,King,Half_Board,1,1,0,0
RES_1130,22,11,3,3,Suite,Half_Board,1,1,0,0
RES_1131,355,10,2,0,King,Half_Board,1,0,0,1
RES_1132,26,8,4,2,Standard,Breakfast_Included,0,1,1,0
RES_1133,332,8,1,0,Standard,Breakfast_Included,0,0,0,0
RES_1134,40,13,1,2,King,Half_Board,1,0,0,0
RES_1135,288,10,3,2,Standard,Breakfast_Included,1,1,0,0
RES_1136,103,7,3,2,Suite,All_Inclusive,0,1,1,0
RES_1137,340,3,2,1,King,All_Inclusive,1,1,1,0
RES_1138,348,7,3,0,Standard,Half_Board,1,0,0,0
RES_1139,332,11,2,0,King,All_Inclusive,0,0,0,0
RES_1140,122,7,2,3,King,Half_Board,0,0,0,0
RES_1141,143,12,3,1,Standard,All_Inclusive,1,0,0,0
RES_1142,31,1,3,1,King,Breakfast_Included,0,0,0,0
RES_1143,268,1,3,2,Standard,Breakfast_Included,0,1,1,0
RES_1144,125,7,4,0,King,All_Inclusive,1,1,0,0
RES_1145,29,13,3,3,Family,All_Inclusive,1,0,0,0
RES_1146,239,13,4,2,Family,All_Inclusive,0,0,0,1
RES_1147,280,14,3,3,Standard,Breakfast_Included,1,0,0,1
RES_1148,71,9,3,1,Standard,Half_Board,0,1,1,0
RES_1149,322,6,4,3,Family,Half_Board,1,1,0,0
RES_1150,1,5,2,3,Suite,Half_Board,0,1,1,0
RES_1151,89,8,3,0,Family,Half_Board,0,0,0,1
RES_1152,216,2,3,2,King,Breakfast_Included,1,1,0,0
RES_1153,140,10,2,1,King,All_Inclusive,1,0,0,0
RES_1154,218,12,3,3,Standard,All_Inclusive,0,0,0,0
RES_1155,18,11,1,1,Family,Half_Board,1,1,0,0
RES_1156,212,3,2,2,Suite,Half_Board,0,1,0,0
RES_1157,108,12,2,3,Suite,Breakfast_Included,0,0,0,1
RES_1158,281,5,4,2,King,Breakfast_Included,0,1,0,0
RES_1159,163,8,2,2,Suite,Half_Board,1,0,0,1
RES_1160,294,11,3,0,Family,Half_Board,1,1,0,0
RES_1161,158,11,3,1,Standard,Breakfast_Included,1,0,0,0
RES_1162,303,7,3,0,Suite,All_Inclusive,1,0,0,0
RES_1163,352,9,1,1,Standard,Half_Board,0,1,0,1
RES_1164,305,6,3,0,King,Breakfast_Included,0,0,0,0
RES_1165,134,2,4,2,Suite,Half_Board,0,1,1,1
RES_1166,253,6,4,2,Family,All_Inclusive,1,0,0,0
RES_1167,171,5,4,3,Standard,All_Inclusive,0,0,0,1
RES_1168,169,4,3,3,Suite,Breakfast_Included,1,0,0,1
RES_1169,240,9,2,1,Standard,All_Inclusive,0,1,0,0
RES_1170,66,4,2,0,Suite,Half_Board,1,1,0,0
RES_1171,233,5,2,1,Family,Half_Board,1,0,0,0
RES_1172,176,13,1,2,Suite,All_Inclusive,1,1,1,0
RES_1173,216,5,1,1,King,All_Inclusive,0,1,1,1
RES_1174,72,11,2,2,King,All_Inclusive,1,0,0,0
RES_1175,120,3,2,0,King,Breakfast_Included,1,1,1,1
RES_1176,184,12,2,2,Family,All_Inclusive,1,1,1,1
RES_1177,315,6,2,0,Suite,Half_Board,1,0,0,0
RES_1178,71,9,3,3,Standard,Half_Board,0,1,0,0
RES_1179,291,12,1,1,Family,All_Inclusive,1,0,0,0
RES_1180,339,9,3,3,Family,Breakfast_Included,1,0,0,0
RES_1181,313,12,4,1,Suite,Breakfast_Included,1,1,1,0
RES_1182,5,3,1,3,King,Breakfast_Included,0,1,1,1
RES_1183,0,1,4,0,Suite,All_Inclusive,0,0,0,0
RES_1184,327,3,4,2,Standard,Breakfast_Included,1,0,0,0
RES_1185,354,9,1,0,Family,All_Inclusive,1,1,0,0
RES_1186,183,13,1,1,Family,Half_Board,0,0,0,0
RES_1187,109,11,4,2,King,All_Inclusive,0,0,0,0
RES_1188,338,11,4,2,Suite,Breakfast_Included,1,1,0,0
RES_1189,354,9,4,0,Family,Breakfast_Included,0,1,0,0
RES_1190,169,5,1,1,Standard,Half_Board,0,0,0,0
RES_1191,287,14,4,1,Standard,Half_Board,1,1,1,0
RES_1192,152,2,3,0,Standard,Half_Board,0,0,0,0
RES_1193,6,13,2,1,Suite,Breakfast_Included,1,0,0,0
RES_1194,174,11,1,2,Standard,Breakfast_Included,1,1,1,0
RES_1195,336,11,1,2,Family,Breakfast_Included,0,0,0,0
RES_1196,315,3,3,1,Family,Half_Board,0,1,1,1
RES_1197,357,12,2,0,Family,All_Inclusive,0,1,1,1
RES_1198,177,4,1,3,King,Breakfast_Included,0,0,0,1
RES_1199,310,10,3,0,King,Breakfast_Included,0,0,0,0
RES_1200,214,10,4,0,King,Breakfast_Included,0,1,0,0
RES_1201,180,14,2,0,Standard,Half_Board,0,0,0,0
RES_1202,114,14,4,2,Family,Half_Board,1,1,0,0
RES_1203,113,13,3,1,Standard,All_Inclusive,1,1,1,0
RES_1204,275,5,4,2,Standard,All_Inclusive,0,0,0,0
RES_1205,76,14,1,2,Suite,Half_Board,1,1,1,1
RES_1206,126,5,2,2,Standard,All_Inclusive,0,1,0,0
RES_1207,147,7,4,0,King,Half_Board,0,1,0,0
RES_1208,79,6,3,0,King,Breakfast_Included,0,1,0,0
RES_1209,80,14,2,3,King,Breakfast_Included,1,1,0,0
RES_1210,189,14,4,0,Family,Breakfast_Included,0,1,1,1
RES_1211,342,7,3,2,Standard,All_Inclusive,0,1,1,0
RES_1212,211,8,2,2,Suite,Breakfast_Included,0,0,0,0
RES_1213,229,12,1,0,Standard,Breakfast_Included,0,0,0,0
RES_1214,72,14,2,3,King,Half_Board,0,1,1,1
RES_1215,170,5,3,1,Family,Half_Board,1,1,1,1
RES_1216,129,9,3,2,King,Half_Board,0,1,0,0
RES_1217,125,6,1,1,Family,All_Inclusive,1,0,0,0
RES_1218,197,5,2,0,Standard,Half_Board,0,0,0,0
RES_1219,15,4,3,2,Standard,Breakfast_Included,0,1,0,0
RES_1220,217,7,3,3,Suite,Breakfast_Included,0,1,0,0
RES_1221,4,8,2,2,Standard,All_Inclusive,1,1,0,0
RES_1222,22,12,2,3,King,All_Inclusive,1,0,0,0
RES_1223,81,3,1,1,King,All_Inclusive,1,0,0,0
RES_1224,59,4,1,1,Standard,All_Inclusive,1,1,1,0
RES_1225,26,11,3,2,Standard,Half_Board,1,1,0,0
RES_1226,66,12,4,1,Standard,Half_Board,0,0,0,0
RES_1227,349,4,3,1,Standard,Breakfast_Included,1,0,0,1
RES_1228,359,1,1,1,Suite,All_Inclusive,1,1,1,1
RES_1229,76,9,2,0,King,Half_Board,0,1,1,0
RES_1230,311,8,1,2,Suite,All_Inclusive,1,0,0,0
RES_1231,234,13,1,3,Suite,Half_Board,1,1,0,0
RES_1232,337,10,4,3,Family,Breakfast_Included,0,1,1,0
RES_1233,67,6,1,1,Standard,Breakfast_Included,0,0,0,0
RES_1234,331,5,3,2,Suite,Breakfast_Included,0,1,0,1
RES_1235,234,4,1,2,Family,Breakfast_Included,1,0,0,1
RES_1236,246,11,2,0,Standard,Half_Board,0,1,0,0
RES_1237,201,2,4,2,King,Half_Board,0,1,0,1
RES_1238,361,7,1,1,Family,Half_Board,1,1,1,0
RES_1239,47,7,2,1,King,Breakfast_Included,0,1,1,1
RES_1240,126,9,2,3,Standard,Half_Board,1,0,0,0
RES_1241,256,12,4,3,Suite,Half_Board,1,1,1,1
RES_1242,49,6,4,3,Family,All_Inclusive,1,1,0,0
RES_1243,153,5,3,0,King,All_Inclusive,0,1,0,0
RES_1244,86,10,3,1,Suite,Breakfast_Included,0,1,0,0
RES_1245,180,7,4,2,Suite,Half_Board,0,1,1,1
RES_1246,134,1,2,1,Suite,Half_Board,1,0,0,0
RES_1247,182,12,2,3,Family,All_Inclusive,0,0,0,1
RES_1248,94,10,2,1,Suite,Half_Board,0,0,0,1
RES_1249,99,2,4,1,Suite,Half_Board,1,0,0,0
RES_1250,182,13,3,0,Family,Breakfast_Included,0,0,0,0
RES_1251,112,7,3,1,King,Breakfast_Included,1,0,0,0
RES_1252,17,11,3,3,King,All_Inclusive,0,0,0,0
RES_1253,303,2,1,1,Suite,Breakfast_Included,1,0,0,1
RES_1254,307,7,4,2,Standard,Breakfast_Included,1,0,0,0
RES_1255,247,14,3,1,Suite,Breakfast_Included,0,0,0,0
RES_1256,78,9,2,3,Standard,All_Inclusive,0,1,1,0
RES_1257,116,2,2,2,Family,All_Inclusive,0,0,0,1
RES_1258,292,3,2,0,Suite,Breakfast_Included,1,1,1,1
RES_1259,140,9,4,2,Family,All_Inclusive,0,1,0,0
RES_1260,151,14,3,1,King,All_Inclusive,0,0,0,0
RES_1261,156,5,1,2,Standard,Half_Board,1,1,0,0
RES_1262,171,8,2,1,Suite,Half_Board,0,1,0,0
RES_1263,200,7,3,2,Suite,All_Inclusive,1,1,1,0
RES_1264,243,6,1,0,Standard,All_Inclusive,1,1,0,0
RES_1265,301,3,4,3,King,Half_Board,1,0,0,0
RES_1266,43,3,3,3,Family,All_Inclusive,1,0,0,0
RES_1267,52,13,4,0,Family,Half_Board,1,0,0,0
RES_1268,241,7,3,2,King,Breakfast_Included,0,0,0,0
RES_1269,277,12,2,0,Standard,Breakfast_Included,1,1,1,1
RES_1270,176,1,1,3,King,All_Inclusive,0,0,0,0
RES_1271,320,13,4,0,King,Breakfast_Included,0,1,1,0
RES_1272,291,6,4,2,Family,Half_Board,0,1,1,1
RES_1273,199,4,4,3,Standard,Half_Board,0,0,0,0
RES_1274,346,14,2,0,Family,Half_Board,0,0,0,1
RES_1275,64,11,1,3,Standard,Half_Board,0,1,0,0
RES_1276,39,12,1,3,Standard,All_Inclusive,0,1,1,1
RES_1277,232,7,4,2,King,Breakfast_Included,0,1,1,1
RES_1278,318,9,1,0,King,Half_Board,1,1,1,1
RES_1279,273,13,1,1,King,All_Inclusive,0,1,1,0
RES_1280,15,2,2,3,King,Breakfast_Included,0,1,1,1
RES_1281,175,9,1,1,King,All_Inclusive,1,1,0,1
RES_1282,32,6,4,2,Suite,Breakfast_Included,0,0,0,0
RES_1283,163,10,2,0,Family,Half_Board,1,0,0,0
RES_1284,290,9,3,2,King,Breakfast_Included,0,1,1,0
RES_1285,118,12,3,2,Standard,All_Inclusive,0,1,0,0
RES_1286,134,14,2,0,Standard,All_Inclusive,0,1,1,1
RES_1287,41,8,2,2,Standard,Half_Board,0,0,0,0
RES_1288,146,2,1,0,Suite,Half_Board,1,0,0,0
RES_1289,358,4,4,2,King,Breakfast_Included,0,0,0,1
RES_1290,31,5,4,2,Suite,All_Inclusive,1,0,0,0
RES_1291,85,14,4,3,Family,All_Inclusive,1,1,1,0
RES_1292,327,5,2,1,Family,Half_Board,0,0,0,1
RES_1293,211,11,4,3,Family,All_Inclusive,0,1,1,1
RES_1294,38,9,4,1,King,Half_Board,1,0,0,0
RES_1295,252,14,2,1,Standard,All_Inclusive,1,1,1,1
RES_1296,325,9,3,2,Suite,All_Inclusive,1,1,0,0
RES_1297,248,2,4,2,Standard,Half_Board,0,1,1,1
RES_1298,313,4,3,0,King,Breakfast_Included,1,1,0,0
RES_1299,180,9,1,1,Standard,All_Inclusive,1,0,0,0
RES_1300,256,11,1,0,Family,All_Inclusive,0,0,0,1
RES_1301,63,3,4,2,Suite,All_Inclusive,1,0,0,0
RES_1302,83,6,3,1,Family,Half_Board,0,0,0,0
RES_1303,100,7,3,2,Family,Half_Board,1,0,0,0
RES_1304,142,6,3,2,Standard,Half_Board,0,0,0,1
RES_1305,8,7,1,1,Suite,All_Inclusive,1,1,1,0
RES_1306,266,10,1,0,Family,All_Inclusive,0,1,0,0
RES_1307,44,9,3,2,Family,All_Inclusive,1,0,0,0
RES_1308,263,12,4,0,Family,All_Inclusive,1,0,0,0
RES_1309,52,9,4,2,Standard,All_Inclusive,1,0,0,0
RES_1310,262,8,2,0,Family,Breakfast_Included,0,1,1,1
RES_1311,202,1,2,1,King,All_Inclusive,0,1,0,0
RES_1312,321,10,4,0,Family,Breakfast_Included,0,0,0,1
RES_1313,6,11,3,3,Standard,Breakfast_Included,1,0,0,0
RES_1314,171,9,4,0,Suite,Breakfast_Included,1,1,0,1
RES_1315,153,8,1,2,Suite,All_Inclusive,0,0,0,0
RES_1316,218,1,3,0,Standard,All_Inclusive,0,1,1,1
RES_1317,133,5,4,3,Suite,All_Inclusive,1,1,1,1
RES_1318,65,14,4,1,King,All_Inclusive,0,0,0,0
RES_1319,128,12,4,2,King,Breakfast_Included,1,0,0,0
RES_1320,74,4,4,0,Family,Half_Board,1,0,0,0
RES_1321,333,10,1,3,King,All_Inclusive,1,1,0,0
RES_1322,268,14,1,3,Standard,All_Inclusive,1,1,0,1
RES_1323,183,5,3,2,Standard,Half_Board,0,1,0,0
RES_1324,97,10,4,2,Standard,Breakfast_Included,0,1,0,0
RES_1325,341,4,2,2,Family,Breakfast_Included,1,1,1,0
RES_1326,278,12,1,0,Standard,All_Inclusive,0,0,0,1
RES_1327,145,10,3,3,Standard,All_Inclusive,0,1,0,1
RES_1328,35,4,2,1,Family,Half_Board,1,0,0,0
RES_1329,88,1,1,1,King,Breakfast_Included,1,0,0,0
RES_1330,50,13,4,1,King,Breakfast_Included,1,0,0,0
RES_1331,324,9,2,0,Suite,Half_Board,0,1,0,0
RES_1332,345,12,4,0,Standard,Half_Board,1,1,0,0
RES_1333,10,2,1,1,Suite,Breakfast_Included,0,1,0,0
RES_1334,83,11,2,0,Suite,All_Inclusive,0,0,0,0
RES_1335,32,3,2,1,Standard,Half_Board,0,0,0,0
RES_1336,90,14,4,2,King,Half_Board,0,1,1,0
RES_1337,184,14,2,2,Standard,Half_Board,0,0,0,0
RES_1338,228,7,4,2,King,Half_Board,1,0,0,0
RES_1339,348,14,4,0,Family,Half_Board,0,0,0,0
RES_1340,256,4,4,3,Suite,Half_Board,1,1,0,0
RES_1341,89,14,2,0,Family,All_Inclusive,1,1,1,0
RES_1342,331,10,2,3,Family,Half_Board,0,1,1,0
RES_1343,133,13,3,3,Family,Half_Board,0,1,1,1
RES_1344,175,4,4,2,King,Half_Board,0,1,0,1
RES_1345,224,1,4,1,Family,Half_Board,1,0,0,1
RES_1346,340,10,3,3,Suite,All_Inclusive,0,1,0,0
RES_1347,96,11,4,1,Suite,Breakfast_Included,0,1,1,1
RES_1348,127,4,4,1,Standard,Breakfast_Included,0,0,0,0
RES_1349,266,8,4,1,Family,Breakfast_Included,0,1,0,0
RES_1350,122,8,1,2,Standard,Breakfast_Included,1,1,1,1
RES_1351,17,12,2,1,Standard,All_Inclusive,0,1,1,0
RES_1352,317,14,3,3,King,Breakfast_Included,0,1,0,0
RES_1353,17,3,4,2,King,Half_Board,0,0,0,0
RES_1354,86,13,3,1,Family,Half_Board,1,0,0,0
RES_1355,189,7,2,0,King,Half_Board,1,0,0,0
RES_1356,156,2,3,3,Family,Breakfast_Included,1,0,0,0
RES_1357,217,3,3,3,Standard,Half_Board,0,1,0,1
RES_1358,48,2,1,3,King,All_Inclusive,1,1,1,0
RES_1359,244,13,3,0,Family,Breakfast_Included,0,1,0,0
RES_1360,349,7,2,2,Suite,Half_Board,0,0,0,0
RES_1361,74,11,4,1,Family,Half_Board,1,1,1,1
RES_1362,117,13,3,3,Suite,All_Inclusive,0,1,0,0
RES_1363,68,10,4,0,Family,All_Inclusive,0,0,0,0
RES_1364,142,4,2,3,King,Breakfast_Included,1,1,0,0
RES_1365,246,5,3,3,Standard,Half_Board,0,0,0,0
RES_1366,358,2,2,0,King,All_Inclusive,1,1,1,1
RES_1367,180,10,4,0,Suite,Breakfast_Included,0,0,0,0
RES_1368,252,1,2,0,Family,All_Inclusive,1,0,0,0
RES_1369,24,11,1,1,Suite,Half_Board,0,0,0,1
RES_1370,309,1,2,0,Suite,Half_Board,1,1,1,0
RES_1371,278,14,3,2,Family,Breakfast_Included,1,1,1,0
RES_1372,152,12,2,2,Suite,All_Inclusive,0,1,0,0
RES_1373,286,1,4,3,Standard,Breakfast_Included,0,0,0,0
RES_1374,187,11,3,0,Suite,Half_Board,1,1,1,1
RES_1375,15,4,3,1,Suite,Half_Board,1,0,0,0
RES_1376,296,6,1,0,Family,All_Inclusive,1,1,1,0
RES_1377,173,4,2,3,Standard,All_Inclusive,1,1,0,0
RES_1378,131,5,2,3,Family,Half_Board,0,0,0,0
RES_1379,279,6,2,0,King,Half_Board,1,0,0,1
RES_1380,23,13,1,2,Suite,All_Inclusive,1,1,1,1
RES_1381,263,14,2,1,Suite,Breakfast_Included,0,1,1,0
RES_1382,168,12,1,1,Suite,Half_Board,0,0,0,0
RES_1383,319,10,1,3,Family,Half_Board,0,1,0,0
RES_1384,344,14,2,3,King,Half_Board,0,1,0,0
RES_1385,90,1,1,2,King,Half_Board,0,1,1,1
RES_1386,179,12,3,2,King,Breakfast_Included,0,1,1,0
RES_1387,63,4,3,1,Suite,Breakfast_Included,0,0,0,0
RES_1388,262,11,1,2,Family,All_Inclusive,0,0,0,0
RES_1389,15,8,4,2,Family,All_Inclusive,0,1,0,0
RES_1390,84,12,1,2,Suite,Breakfast_Included,0,1,1,0
RES_1391,122,10,3,2,King,All_Inclusive,0,1,0,0
RES_1392,165,2,4,0,Standard,All_Inclusive,1,0,0,0
RES_1393,141,3,2,2,Standard,Breakfast_Included,1,0,0,0
RES_1394,66,5,4,3,Family,Breakfast_Included,0,0,0,0
RES_1395,246,9,4,1,King,Half_Board,1,1,0,0
RES_1396,12,3,3,0,Family,All_Inclusive,1,1,0,0
RES_1397,39,2,1,1,Family,Breakfast_Included,0,1,0,0
RES_1398,119,14,3,0,Standard,Breakfast_Included,1,0,0,0
RES_1399,194,8,4,3,Standard,Breakfast_Included,1,1,1,0
RES_1400,78,4,2,3,Family,Breakfast_Included,1,0,0,0
RES_1401,227,13,4,3,King,Half_Board,0,1,0,1
RES_1402,90,6,4,1,King,Half_Board,0,0,0,0
RES_1403,245,10,4,1,Suite,Half_Board,1,1,1,1
RES_1404,120,3,1,3,Suite,Breakfast_Included,1,1,1,0
RES_1405,303,7,1,2,Suite,Breakfast_Included,1,1,1,0
RES_1406,169,9,3,0,King,Breakfast_Included,0,0,0,0
RES_1407,283,13,2,0,Suite,All_Inclusive,0,1,1,1
RES_1408,12,2,3,0,King,Breakfast_Included,1,0,0,0
RES_1409,71,12,1,2,Family,All_Inclusive,0,1,0,0
RES_1410,0,8,3,1,Standard,Breakfast_Included,0,1,1,1
RES_1411,74,2,2,3,Family,Half_Board,1,0,0,0
RES_1412,246,5,4,2,Standard,Half_Board,0,0,0,1
RES_1413,119,5,1,0,Suite,Breakfast_Included,1,0,0,1
RES_1414,321,3,2,3,Family,Half_Board,0,0,0,0
RES_1415,72,13,3,0,Family,Breakfast_Included,1,1,0,0
RES_1416,220,9,2,3,King,Breakfast_Included,0,0,0,0
RES_1417,248,3,1,0,King,Half_Board,1,0,0,0
RES_1418,305,5,2,0,Standard,All_Inclusive,0,1,1,1
RES_1419,243,2,2,3,King,Half_Board,0,1,1,1
RES_1420,298,7,2,2,Family,Breakfast_Included,0,0,0,0
RES_1421,211,9,4,0,Standard,Breakfast_Included,1,1,0,0
RES_1422,97,3,3,3,Family,Half_Board,0,0,0,0
RES_1423,34,7,3,2,Suite,Half_Board,1,0,0,0
RES_1424,264,13,2,0,Standard,All_Inclusive,0,1,1,0
RES_1425,328,1,2,1,Standard,Breakfast_Included,0,0,0,0
RES_1426,83,2,2,2,Standard,All_Inclusive,1,1,0,0
RES_1427,146,2,3,1,King,Half_Board,1,1,0,0
RES_1428,177,6,2,2,Standard,Half_Board,1,1,1,1
RES_1429,102,3,4,3,King,Half_Board,0,1,1,0
RES_1430,255,4,1,1,Standard,Half_Board,0,0,0,1
RES_1431,27,4,3,1,Suite,Breakfast_Included,1,0,0,0
RES_1432,99,11,2,3,Standard,Half_Board,0,1,1,0
RES_1433,60,3,4,2,King,All_Inclusive,1,0,0,0
RES_1434,180,3,2,1,King,All_Inclusive,1,1,1,0
RES_1435,206,4,3,1,Standard,All_Inclusive,1,0,0,0
RES_1436,339,9,3,1,Standard,Breakfast_Included,1,0,0,0
RES_1437,138,1,3,3,Standard,All_Inclusive,0,0,0,0
RES_1438,142,14,2,0,King,Breakfast_Included,1,1,1,1
RES_1439,110,1,1,3,Standard,Breakfast_Included,0,1,0,1
RES_1440,158,9,1,2,Family,Breakfast_Included,1,1,0,0
RES_1441,85,10,1,2,Family,All_Inclusive,0,1,1,0
RES_1442,282,14,1,3,Family,Half_Board,0,1,1,0
RES_1443,144,2,3,3,Family,Breakfast_Included,1,1,0,0
RES_1444,270,5,3,2,King,All_Inclusive,0,1,0,0
RES_1445,88,4,2,2,Suite,Half_Board,1,1,1,0
RES_1446,306,2,1,2,Family,Half_Board,0,1,0,0
RES_1447,29,10,3,3,King,All_Inclusive,1,0,0,0
RES_1448,314,2,4,0,Standard,All_Inclusive,1,0,0,0
RES_1449,249,5,3,2,Family,All_Inclusive,0,1,1,1
RES_1450,24,9,1,0,Suite,Breakfast_Included,0,1,1,1
RES_1451,219,7,1,0,Family,Half_Board,0,1,0,0
RES_1452,152,2,4,2,Family,Breakfast_Included,1,1,1,0
RES_1453,346,3,3,0,Standard,Half_Board,1,1,1,1
RES_1454,300,12,2,1,Family,All_Inclusive,1,0,0,0
RES_1455,146,6,2,1,Suite,Half_Board,0,1,0,0
RES_1456,240,9,2,2,Family,Half_Board,1,1,1,0
RES_1457,1,9,4,3,Suite,All_Inclusive,1,0,0,0
RES_1458,220,8,4,2,Standard,All_Inclusive,1,1,0,1
RES_1459,183,1,1,2,Suite,Half_Board,1,1,1,0
RES_1460,290,2,1,3,Suite,Breakfast_Included,0,0,0,1
RES_1461,262,11,4,3,Standard,Breakfast_Included,1,0,0,0
RES_1462,5,6,1,1,Suite,Half_Board,0,0,0,0
RES_1463,364,3,1,2,Suite,Breakfast_Included,0,1,1,0
RES_1464,349,6,2,1,King,Breakfast_Included,0,0,0,1
RES_1465,140,6,3,1,Standard,All_Inclusive,1,1,1,1
RES_1466,290,7,4,1,Family,All_Inclusive,0,0,0,0
RES_1467,152,2,2,2,Family,All_Inclusive,0,0,0,0
RES_1468,199,11,2,3,King,Half_Board,0,1,1,0
RES_1469,109,5,2,1,Suite,Half_Board,1,1,1,1
RES_1470,281,4,1,0,Standard,Half_Board,1,1,0,0
RES_1471,363,3,3,2,Standard,Breakfast_Included,0,0,0,0
RES_1472,100,3,4,0,Family,All_Inclusive,0,0,0,0
RES_1473,12,7,1,1,Family,Half_Board,1,0,0,0
RES_1474,189,13,3,1,Suite,All_Inclusive,0,0,0,0
RES_1475,22,1,3,3,Standard,All_Inclusive,0,1,1,0
RES_1476,304,10,4,3,Suite,Breakfast_Included,1,0,0,0
RES_1477,44,10,2,0,King,All_Inclusive,1,1,0,0
RES_1478,197,7,2,1,Standard,Breakfast_Included,1,1,1,1
RES_1479,188,11,2,2,Suite,All_Inclusive,1,0,0,1
RES_1480,236,5,2,0,Suite,All_Inclusive,1,0,0,1
RES_1481,128,13,2,2,Standard,Half_Board,0,1,0,0
RES_1482,63,14,1,1,Family,All_Inclusive,1,1,0,0
RES_1483,22,12,4,3,Suite,Half_Board,0,0,0,1
RES_1484,260,8,1,1,King,Half_Board,1,0,0,1
RES_1485,8,9,2,1,King,Half_Board,1,0,0,0
RES_1486,258,4,4,1,Suite,All_Inclusive,1,0,0,0
RES_1487,332,1,2,3,Suite,Breakfast_Included,1,0,0,1
RES_1488,88,8,1,1,Family,All_Inclusive,1,0,0,0
RES_1489,35,5,3,2,Family,Half_Board,0,1,0,0
RES_1490,308,14,3,1,Standard,Half_Board,1,0,0,1
RES_1491,24,6,1,0,Family,All_Inclusive,1,1,0,0
RES_1492,8,11,2,0,Family,Half_Board,0,1,0,0
RES_1493,345,2,3,3,King,Breakfast_Included,0,0,0,0
RES_1494,55,11,2,2,King,Breakfast_Included,1,1,1,1
RES_1495,259,13,2,3,King,Breakfast_Included,0,0,0,0
RES_1496,274,5,2,3,Standard,Breakfast_Included,0,0,0,0
RES_1497,307,2,3,2,King,All_Inclusive,0,1,1,0
RES_1498,296,1,2,0,Suite,Half_Board,1,0,0,0
RES_1499,195,8,4,1,Standard,Breakfast_Included,1,0,0,0
RES_1500,254,13,4,2,Standard,Half_Board,0,1,0,0
RES_1501,36,8,2,0,Standard,Breakfast_Included,1,0,0,0
RES_1502,182,11,3,2,Standard,Half_Board,0,1,0,1
RES_1503,58,10,2,2,Standard,Breakfast_Included,1,0,0,0
RES_1504,338,10,2,3,Suite,Half_Board,1,0,0,1
RES_1505,17,10,4,3,Standard,All_Inclusive,1,0,0,0
RES_1506,138,8,4,1,King,Half_Board,0,1,0,0
RES_1507,140,5,4,3,King,All_Inclusive,1,1,1,0
RES_1508,11,9,2,2,King,All_Inclusive,0,1,0,0
RES_1509,82,8,3,1,Family,All_Inclusive,0,1,1,0
RES_1510,81,14,2,3,Family,Breakfast_Included,0,1,0,0
RES_1511,104,13,4,2,Family,All_Inclusive,1,1,1,1
RES_1512,26,14,4,0,King,All_Inclusive,0,0,0,0
RES_1513,80,13,2,0,Suite,Half_Board,1,0,0,0
RES_1514,111,14,2,2,Family,Half_Board,0,0,0,0
RES_1515,64,5,2,0,King,All_Inclusive,1,1,0,0
RES_1516,249,10,4,3,Standard,Breakfast_Included,0,0,0,0
RES_1517,9,6,3,3,Family,All_Inclusive,1,0,0,0
RES_1518,204,7,3,1,King,All_Inclusive,1,1,1,0
RES_1519,84,14,3,1,Suite,Breakfast_Included,1,0,0,0
RES_1520,301,7,4,3,Family,All_Inclusive,0,1,0,0
RES_1521,127,12,3,2,Family,Breakfast_Included,1,0,0,0
RES_1522,83,13,4,0,King,Half_Board,0,0,0,0
RES_1523,300,10,3,1,Family,Half_Board,0,1,0,0
RES_1524,6,8,4,2,Suite,All_Inclusive,1,1,0,0
RES_1525,118,4,1,3,King,Half_Board,1,1,1,1
RES_1526,160,11,2,2,King,Half_Board,1,0,0,0
RES_1527,85,1,4,2,King,Breakfast_Included,1,1,0,0
RES_1528,173,6,3,3,King,Half_Board,1,1,1,1
RES_1529,76,9,1,3,King,All_Inclusive,0,0,0,0
RES_1530,202,12,4,3,King,Breakfast_Included,1,1,1,1
RES_1531,231,3,3,0,Suite,Breakfast_Included,1,0,0,0
RES_1532,120,1,2,0,Standard,Breakfast_Included,1,1,0,0
RES_1533,144,11,3,0,Standard,Half_Board,0,1,1,1
RES_1534,250,14,4,3,Suite,Breakfast_Included,1,0,0,0
RES_1535,18,11,3,3,Family,Half_Board,1,1,0,0
RES_1536,218,1,1,3,King,Half_Board,1,1,1,0
RES_1537,316,14,4,2,Suite,All_Inclusive,0,0,0,0
RES_1538,278,8,4,3,Family,Half_Board,0,1,1,1
RES_1539,289,1,3,2,Family,Breakfast_Included,0,0,0,0
RES_1540,96,2,3,0,Family,Half_Board,0,0,0,1
RES_1541,92,11,4,2,Standard,Half_Board,0,0,0,1
RES_1542,309,4,4,2,Suite,Breakfast_Included,0,1,0,1
RES_1543,293,2,2,0,King,Half_Board,0,0,0,1
RES_1544,298,6,3,0,Suite,All_Inclusive,1,0,0,1
RES_1545,193,9,1,3,Suite,Half_Board,1,1,1,1
RES_1546,88,4,2,2,Suite,Half_Board,1,1,0,0
RES_1547,190,6,4,0,Family,Breakfast_Included,0,1,0,0
RES_1548,333,11,3,3,King,Breakfast_Included,1,0,0,0
RES_1549,221,11,1,2,King,Breakfast_Included,0,0,0,1
RES_1550,349,3,4,0,Standard,Half_Board,0,0,0,1
RES_1551,156,3,4,2,Suite,Half_Board,0,1,1,1
RES_1552,258,7,3,1,Suite,Half_Board,1,1,1,1
RES_1553,339,13,3,2,King,Breakfast_Included,0,1,1,1
RES_1554,201,14,3,2,Suite,All_Inclusive,0,0,0,0
RES_1555,63,13,2,3,Standard,Breakfast_Included,1,0,0,0
RES_1556,351,3,4,2,Suite,Half_Board,1,1,1,1
RES_1557,214,1,3,3,Standard,All_Inclusive,1,1,0,0
RES_1558,90,5,1,1,King,Breakfast_Included,0,0,0,0
RES_1559,13,14,3,1,Suite,Breakfast_Included,0,1,0,0
RES_1560,302,8,2,2,Standard,Breakfast_Included,1,1,0,0
RES_1561,44,3,2,0,King,Half_Board,1,0,0,0
RES_1562,304,12,1,3,King,Half_Board,1,0,0,1
RES_1563,2,9,4,0,Suite,Half_Board,1,0,0,0
RES_1564,145,1,3,2,Family,Half_Board,1,0,0,0
RES_1565,191,11,4,0,Family,Half_Board,1,0,0,1
RES_1566,23,9,2,3,Family,Breakfast_Included,1,0,0,0
RES_1567,272,1,3,1,Suite,Breakfast_Included,1,1,1,1
RES_1568,100,12,3,3,Suite,All_Inclusive,0,0,0,1
RES_1569,269,3,1,2,Standard,Breakfast_Included,1,1,1,1
RES_1570,293,9,2,3,Standard,Breakfast_Included,0,1,0,0
RES_1571,38,4,1,3,Suite,All_Inclusive,0,0,0,1
RES_1572,297,2,3,2,Standard,Half_Board,1,1,1,0
RES_1573,132,12,4,1,Family,Half_Board,0,1,0,0
RES_1574,162,14,1,0,Suite,Half_Board,1,0,0,1
RES_1575,30,8,2,0,King,Half_Board,1,1,1,0
RES_1576,306,10,2,0,Family,Half_Board,1,1,0,0
RES_1577,236,4,4,1,King,Half_Board,1,0,0,0
RES_1578,17,1,4,2,Standard,Breakfast_Included,0,1,0,0
RES_1579,136,10,2,0,Standard,Half_Board,0,1,0,1
RES_1580,292,1,3,0,Standard,Half_Board,1,0,0,0
RES_1581,52,11,4,3,Suite,Half_Board,0,1,0,0
RES_1582,298,3,2,2,Standard,Breakfast_Included,0,1,0,0
RES_1583,34,11,1,1,King,Breakfast_Included,0,1,1,0
RES_1584,143,1,3,2,Suite,Half_Board,0,1,1,1
RES_1585,24,4,3,2,Suite,All_Inclusive,1,0,0,0
RES_1586,293,14,2,1,King,All_Inclusive,1,1,0,0
RES_1587,9,5,2,3,King,Half_Board,0,1,0,0
RES_1588,104,7,3,0,Standard,All_Inclusive,1,0,0,0
RES_1589,216,11,2,0,Family,Breakfast_Included,1,0,0,0
RES_1590,305,13,2,3,Standard,Breakfast_Included,1,1,0,0
RES_1591,233,3,1,1,Suite,Breakfast_Included,1,1,0,0
RES_1592,310,8,3,3,Suite,Breakfast_Included,1,1,1,0
RES_1593,98,1,4,3,Standard,All_Inclusive,1,1,1,1
RES_1594,221,12,4,1,Family,All_Inclusive,1,0,0,0
RES_1595,349,7,2,2,Standard,All_Inclusive,1,0,0,0
RES_1596,247,4,2,2,Family,Half_Board,0,0,0,0
RES_1597,351,1,3,0,Standard,Half_Board,1,0,0,0
RES_1598,264,4,4,0,Suite,All_Inclusive,0,0,0,0
RES_1599,283,4,2,0,King,Half_Board,0,0,0,0
RES_1600,147,14,3,1,Suite,Half_Board,1,1,1,1
RES_1601,351,12,3,0,King,Half_Board,1,1,1,1
RES_1602,63,5,2,1,King,All_Inclusive,0,1,0,0
RES_1603,234,1,3,1,King,Half_Board,1,1,0,0
RES_1604,327,6,4,1,Standard,Half_Board,1,1,0,0
RES_1605,154,9,3,0,Suite,Breakfast_Included,0,1,1,1
RES_1606,134,14,1,0,King,Half_Board,1,0,0,0
RES_1607,75,7,1,1,Standard,All_Inclusive,0,1,1,0
RES_1608,147,8,2,3,Family,Half_Board,1,0,0,0
RES_1609,77,9,3,1,Standard,All_Inclusive,1,1,0,0
RES_1610,21,3,2,2,King,All_Inclusive,1,1,0,0
RES_1611,172,12,1,2,King,Half_Board,1,1,1,1
RES_1612,254,14,1,0,Suite,All_Inclusive,1,0,0,0
RES_1613,221,14,4,2,Suite,Breakfast_Included,1,0,0,1
RES_1614,102,8,4,0,King,All_Inclusive,0,1,0,0
RES_1615,244,13,3,1,Suite,All_Inclusive,1,0,0,1
RES_1616,83,4,1,1,Standard,Half_Board,0,0,0,0
RES_1617,195,11,1,1,Family,All_Inclusive,1,0,0,1
RES_1618,102,11,2,1,King,All_Inclusive,0,1,1,1
RES_1619,159,4,1,3,King,Breakfast_Included,1,0,0,1
RES_1620,224,7,3,1,King,Half_Board,1,1,0,1
RES_1621,362,7,2,1,Suite,Half_Board,0,0,0,1
RES_1622,331,12,1,2,Family,Half_Board,1,0,0,0
RES_1623,314,2,3,3,Standard,Breakfast_Included,1,0,0,0
RES_1624,309,3,2,0,Suite,Half_Board,1,1,1,1
RES_1625,163,6,4,3,Standard,Breakfast_Included,1,1,0,0
RES_1626,227,2,1,2,King,Breakfast_Included,1,1,0,0
RES_1627,357,4,3,3,Family,Breakfast_Included,1,0,0,0
RES_1628,89,2,3,1,Family,Breakfast_Included,1,1,0,0
RES_1629,68,3,2,0,Family,All_Inclusive,1,1,1,0
RES_1630,149,14,2,1,King,All_Inclusive,1,0,0,0
RES_1631,189,3,2,3,Standard,Breakfast_Included,1,1,1,1
RES_1632,184,12,3,2,Standard,All_Inclusive,0,1,1,0
RES_1633,328,10,2,3,Standard,Breakfast_Included,1,0,0,0
RES_1634,265,8,3,0,King,Breakfast_Included,1,0,0,0
RES_1635,30,11,1,2,Suite,Half_Board,0,0,0,0
RES_1636,254,1,2,2,Standard,Half_Board,0,0,0,1
RES_1637,175,13,2,3,Suite,Half_Board,0,0,0,0
RES_1638,117,11,4,1,Standard,All_Inclusive,1,0,0,1
RES_1639,1,5,4,2,Family,Half_Board,0,0,0,1
RES_1640,283,8,3,0,Family,Half_Board,1,1,1,1
RES_1641,146,5,1,0,King,Breakfast_Included,0,1,1,1
RES_1642,29,2,1,0,Suite,Breakfast_Included,1,0,0,0
RES_1643,218,6,4,3,Standard,Half_Board,1,1,1,1
RES_1644,322,8,3,0,King,All_Inclusive,0,0,0,1
RES_1645,202,13,1,3,Standard,Half_Board,0,1,1,0
RES_1646,23,1,1,2,Suite,Half_Board,0,0,0,0
RES_1647,200,6,2,0,Family,Half_Board,0,0,0,0
RES_1648,133,2,1,2,Family,Half_Board,0,1,0,1
RES_1649,284,14,3,1,Suite,Breakfast_Included,0,1,0,1
RES_1650,77,1,1,0,Standard,Breakfast_Included,0,0,0,0
RES_1651,57,9,1,0,Family,All_Inclusive,0,0,0,0
RES_1652,21,4,1,3,Standard,Half_Board,1,0,0,0
RES_1653,356,11,4,1,Family,All_Inclusive,1,1,1,1
RES_1654,31,2,1,1,Suite,Breakfast_Included,1,0,0,0
RES_1655,340,14,3,3,Family,Half_Board,0,1,0,0
RES_1656,155,7,2,2,Family,All_Inclusive,1,1,0,0
RES_1657,110,2,4,2,Family,All_Inclusive,1,1,0,1
RES_1658,218,11,1,2,King,Breakfast_Included,0,1,0,0
RES_1659,224,13,1,1,Suite,All_Inclusive,1,1,0,0
RES_1660,293,6,3,3,Standard,Half_Board,0,0,0,0
RES_1661,74,6,4,0,Family,Half_Board,1,1,0,0
RES_1662,302,1,3,0,Suite,All_Inclusive,0,0,0,0
RES_1663,85,9,1,0,Family,Half_Board,1,0,0,0
RES_1664,35,4,4,2,King,Breakfast_Included,0,0,0,0
RES_1665,109,7,4,2,King,Breakfast_Included,0,1,0,1
RES_1666,84,5,1,1,Family,All_Inclusive,0,0,0,0
RES_1667,258,8,1,3,Suite,Half_Board,1,1,1,1
RES_1668,104,7,1,1,Suite,Breakfast_Included,1,1,0,0
RES_1669,21,1,3,0,King,All_Inclusive,0,0,0,0
RES_1670,104,3,4,0,Suite,Breakfast_Included,0,0,0,0
RES_1671,88,9,4,2,Family,Breakfast_Included,0,1,1,0
RES_1672,27,7,3,0,Family,All_Inclusive,1,0,0,0
RES_1673,331,6,1,0,Suite,All_Inclusive,0,1,1,1
RES_1674,294,12,3,1,Standard,Half_Board,0,0,0,1
RES_1675,42,12,2,3,King,All_Inclusive,1,1,1,0
RES_1676,270,10,3,1,Family,Half_Board,0,1,1,1
RES_1677,356,1,2,2,King,Half_Board,0,1,0,0
RES_1678,329,9,3,0,King,All_Inclusive,1,1,0,0
RES_1679,103,6,1,1,Family,All_Inclusive,1,1,0,0
RES_1680,63,10,4,2,King,Breakfast_Included,1,0,0,0
RES_1681,120,3,1,0,Family,Breakfast_Included,1,1,1,0
RES_1682,261,7,4,1,King,Breakfast_Included,0,0,0,1
RES_1683,108,6,4,3,King,All_Inclusive,1,0,0,0
RES_1684,178,5,1,1,Standard,All_Inclusive,0,1,1,0
RES_1685,11,12,2,2,Suite,Half_Board,1,0,0,0
RES_1686,160,14,3,3,King,Breakfast_Included,0,0,0,1
RES_1687,322,14,3,2,King,All_Inclusive,0,0,0,0
RES_1688,168,13,3,3,King,All_Inclusive,0,0,0,1
RES_1689,170,5,3,2,King,All_Inclusive,1,1,1,1
RES_1690,238,5,1,3,Family,Breakfast_Included,0,1,1,1
RES_1691,74,8,2,0,King,Breakfast_Included,0,1,1,0
RES_1692,193,10,4,0,Family,Half_Board,1,0,0,0
RES_1693,192,4,1,3,Suite,All_Inclusive,0,0,0,0
RES_1694,252,2,3,0,Family,Breakfast_Included,1,0,0,0
RES_1695,69,5,2,0,Standard,Breakfast_Included,1,1,0,0
RES_1696,211,11,4,0,Family,Half_Board,1,1,0,0
RES_1697,103,2,1,2,Family,Breakfast_Included,1,1,0,0
RES_1698,5,5,2,3,Suite,All_Inclusive,0,1,1,0
RES_1699,245,8,4,3,Suite,All_Inclusive,1,1,1,1
RES_1700,248,11,4,3,Suite,Breakfast_Included,1,0,0,0
RES_1701,321,8,2,3,Family,Breakfast_Included,1,1,1,1
RES_1702,82,9,2,2,King,Breakfast_Included,0,0,0,0
RES_1703,127,14,1,0,Family,Half_Board,0,0,0,1
RES_1704,254,7,2,1,Standard,All_Inclusive,0,0,0,1
RES_1705,0,3,3,0,King,Breakfast_Included,0,1,1,1
RES_1706,261,1,2,1,Standard,Breakfast_Included,0,0,0,0
RES_1707,349,3,3,2,King,Half_Board,1,0,0,0
RES_1708,183,9,2,3,Family,Half_Board,0,0,0,0
RES_1709,141,1,1,1,Family,Breakfast_Included,0,1,1,1
RES_1710,326,3,3,0,King,Breakfast_Included,0,1,1,1
RES_1711,151,9,1,1,Suite,All_Inclusive,1,0,0,1
RES_1712,303,13,1,2,Suite,Breakfast_Included,1,0,0,0
RES_1713,29,5,4,2,Standard,Half_Board,1,0,0,0
RES_1714,361,1,1,2,Standard,Breakfast_Included,0,1,1,1
RES_1715,141,6,2,2,Suite,Breakfast_Included,1,0,0,1
RES_1716,115,10,1,3,King,Breakfast_Included,1,0,0,1
RES_1717,356,9,2,0,King,Half_Board,1,1,0,0
RES_1718,275,12,1,3,Family,Breakfast_Included,1,1,1,0
RES_1719,39,14,1,1,Standard,Half_Board,0,1,0,0
RES_1720,76,9,2,0,King,Breakfast_Included,0,1,0,0
RES_1721,197,7,3,3,Family,All_Inclusive,1,0,0,0
RES_1722,230,7,3,2,Standard,Breakfast_Included,0,0,0,1
RES_1723,94,14,1,3,Suite,Half_Board,0,1,1,0
RES_1724,345,14,3,2,King,All_Inclusive,0,0,0,0
RES_1725,224,5,2,3,Family,Breakfast_Included,0,0,0,0
RES_1726,154,8,3,2,King,All_Inclusive,1,0,0,0
RES_1727,280,9,2,2,Standard,All_Inclusive,0,1,1,0
RES_1728,201,9,3,3,Standard,All_Inclusive,1,0,0,0
RES_1729,143,1,1,1,Suite,Half_Board,1,0,0,0
RES_1730,344,8,3,2,Suite,Half_Board,1,1,1,1
RES_1731,178,5,4,0,Standard,Breakfast_Included,0,1,1,1
RES_1732,179,11,2,3,Family,Breakfast_Included,0,0,0,1
RES_1733,317,11,3,3,Suite,All_Inclusive,0,0,0,0
RES_1734,38,13,2,1,Standard,Breakfast_Included,0,0,0,0
RES_1735,224,3,4,1,Suite,Breakfast_Included,0,1,0,1
RES_1736,114,9,1,3,Family,Breakfast_Included,0,1,1,0
RES_1737,185,6,1,2,Family,All_Inclusive,1,1,1,1
RES_1738,312,8,3,1,Suite,Breakfast_Included,1,1,0,0
RES_1739,80,12,2,2,King,All_Inclusive,1,1,1,0
RES_1740,91,3,3,1,Family,All_Inclusive,0,1,0,0
RES_1741,297,10,2,1,Standard,All_Inclusive,1,1,1,0
RES_1742,41,5,3,3,Family,Half_Board,1,0,0,0
RES_1743,317,8,3,2,Suite,Breakfast_Included,0,0,0,1
RES_1744,262,9,2,3,Standard,Half_Board,0,0,0,0
RES_1745,61,14,2,1,King,Half_Board,0,0,0,1
RES_1746,4,5,3,0,Suite,Breakfast_Included,0,0,0,0
RES_1747,173,13,4,1,King,Breakfast_Included,1,0,0,0
RES_1748,359,13,4,1,Standard,Breakfast_Included,1,0,0,0
RES_1749,43,10,2,3,King,Breakfast_Included,0,0,0,0
RES_1750,165,12,4,2,King,Breakfast_Included,0,1,1,0
RES_1751,119,2,1,3,Suite,Breakfast_Included,1,1,1,0
RES_1752,28,1,1,0,Family,All_Inclusive,1,1,0,0
RES_1753,170,5,1,2,Suite,All_Inclusive,0,0,0,1
RES_1754,120,14,2,0,King,Breakfast_Included,1,1,0,0
RES_1755,317,10,3,0,Standard,All_Inclusive,0,1,0,1
RES_1756,216,8,2,3,King,Half_Board,0,0,0,0
RES_1757,125,6,4,3,King,Half_Board,0,0,0,0
RES_1758,165,10,1,3,King,Breakfast_Included,0,0,0,0
RES_1759,158,6,4,1,Suite,Half_Board,1,1,1,0
RES_1760,56,1,1,1,King,All_Inclusive,1,0,0,0
RES_1761,102,10,2,1,Family,Half_Board,0,0,0,1
RES_1762,323,5,1,0,Suite,All_Inclusive,0,0,0,0
RES_1763,160,7,2,3,King,Half_Board,0,0,0,1
RES_1764,82,3,1,3,Suite,Half_Board,0,0,0,0
RES_1765,341,7,3,2,Standard,Breakfast_Included,1,0,0,0
RES_1766,161,4,3,1,Standard,Half_Board,0,1,1,0
RES_1767,319,10,2,3,Standard,Half_Board,0,0,0,0
RES_1768,248,6,1,0,Suite,Half_Board,1,1,1,1
RES_1769,142,1,1,0,Standard,All_Inclusive,1,1,0,0
RES_1770,130,9,4,1,Family,Breakfast_Included,0,1,0,0
RES_1771,192,12,1,3,King,All_Inclusive,1,1,0,0
RES_1772,22,6,3,2,Suite,Half_Board,0,1,1,0
RES_1773,335,5,4,1,Suite,Breakfast_Included,1,1,1,0
RES_1774,320,1,1,3,Standard,Breakfast_Included,1,1,1,1
RES_1775,22,8,3,3,King,Half_Board,1,1,1,1
RES_1776,161,3,4,3,Suite,Half_Board,1,1,0,0
RES_1777,306,4,4,2,Suite,Half_Board,1,0,0,1
RES_1778,7,10,4,0,Standard,Breakfast_Included,0,1,1,1
RES_1779,173,6,2,2,Standard,Half_Board,1,0,0,0
RES_1780,110,11,3,2,King,Breakfast_Included,0,0,0,1
RES_1781,280,11,4,1,Family,Half_Board,1,1,0,0
RES_1782,75,9,1,1,Suite,Breakfast_Included,1,1,0,0
RES_1783,184,11,4,1,Standard,All_Inclusive,0,1,0,1
RES_1784,319,11,4,1,King,Half_Board,1,0,0,0
RES_1785,233,10,4,3,King,Breakfast_Included,1,0,0,0
RES_1786,190,13,1,1,Family,Half_Board,0,1,1,1
RES_1787,127,2,3,0,Suite,Half_Board,0,0,0,0
RES_1788,31,8,3,0,King,All_Inclusive,0,0,0,0
RES_1789,209,11,4,3,Family,Half_Board,0,0,0,1
RES_1790,308,6,2,1,Standard,Breakfast_Included,0,0,0,1
RES_1791,293,9,2,0,Standard,Half_Board,0,1,0,0
RES_1792,137,12,3,0,Suite,Half_Board,1,0,0,1
RES_1793,35,6,4,1,King,Half_Board,1,0,0,0
RES_1794,136,11,2,3,Standard,Breakfast_Included,0,0,0,0
RES_1795,11,12,4,0,Suite,Breakfast_Included,0,1,1,0
RES_1796,129,13,1,3,Family,Half_Board,1,0,0,0
RES_1797,264,9,3,3,Family,All_Inclusive,1,1,0,1
RES_1798,168,3,2,2,Suite,Half_Board,0,1,0,0
RES_1799,343,10,4,3,Family,Breakfast_Included,1,0,0,0
RES_1800,58,4,2,0,Family,Half_Board,0,0,0,0
